,GameID,Season,SeasonType,Status,Day,DateTime,AwayTeam,HomeTeam,AwayTeamID,HomeTeamID,AwayTeamScore,HomeTeamScore,Updated,Period,TimeRemainingMinutes,TimeRemainingSeconds,PointSpread,OverUnder,AwayTeamMoneyLine,HomeTeamMoneyLine,GlobalGameID,GlobalAwayTeamID,GlobalHomeTeamID,TournamentID,Bracket,Round,AwayTeamSeed,HomeTeamSeed,AwayTeamPreviousGameID,HomeTeamPreviousGameID,AwayTeamPreviousGlobalGameID,HomeTeamPreviousGlobalGameID,TournamentDisplayOrder,TournamentDisplayOrderForHomeTeam,IsClosed,GameEndDateTime,HomeRotationNumber,AwayRotationNumber,TopTeamPreviousGameId,BottomTeamPreviousGameId,Channel,NeutralVenue,AwayPointSpreadPayout,HomePointSpreadPayout,OverPayout,UnderPayout,DateTimeUTC,Attendance,Stadium,Periods
0,67626,2026,1,Final,2025-11-20T00:00:00,2025-11-20T19:00:00,BUCK,STJOHN,257,67,18.0,35.0,2025-11-21T00:13:14,F,0.0,0.0,-10.4,57.5,1153.0,-7300.0,60067626,60000257,60000067,,,,,,,,,,,Scrambled,True,2025-11-20T21:13:43,111913.0,111913.0,,,TNT,False,-40.0,-41.0,-41.0,-41.0,2025-11-21T00:00:00,5260.0,"{'StadiumID': 19, 'Active': True, 'Name': 'Carnesecca Arena', 'Address': None, 'City': 'Queens', 'State': 'NY', 'Zip': None, 'Country': None, 'Capacity': 5602, 'GeoLat': 40.724167, 'GeoLong': -73.794444}","[{'PeriodID': 117987, 'GameID': 67626, 'Number': 1, 'Name': '1', 'Type': 'Half', 'AwayScore': 3, 'HomeScore': 15}, {'PeriodID': 118024, 'GameID': 67626, 'Number': 2, 'Name': '2', 'Type': 'Half', 'AwayScore': 3, 'HomeScore': 20}]"
1,67718,2026,1,Final,2025-11-20T00:00:00,2025-11-20T19:00:00,ELON,MIA,130,23,26.0,36.0,2025-11-21T00:13:14,F,0.0,0.0,-7.5,59.9,440.0,-1086.0,60067718,60000130,60000023,,,,,,,,,,,Scrambled,True,2025-11-20T21:06:29,265.0,265.0,,,ACC,False,-41.0,-40.0,-41.0,-40.0,2025-11-21T00:00:00,4131.0,"{'StadiumID': 115, 'Active': True, 'Name': 'Watsco Center', 'Address': None, 'City': 'Coral Gables', 'State': 'FL', 'Zip': None, 'Country': None, 'Capacity': 7972, 'GeoLat': 25.715, 'GeoLong': -80.279167}","[{'PeriodID': 117985, 'GameID': 67718, 'Number': 1, 'Name': '1', 'Type': 'Half', 'AwayScore': 15, 'HomeScore': 18}, {'PeriodID': 118020, 'GameID': 67718, 'Number': 2, 'Name': '2', 'Type': 'Half', 'AwayScore': 11, 'HomeScore': 19}]"
2,67835,2026,1,Final,2025-11-20T00:00:00,2025-11-20T20:00:00,SDAK,MISSR,321,280,25.0,37.0,2025-11-21T00:13:14,F,0.0,0.0,-9.1,63.0,662.0,-3389.0,60067835,60000321,60000280,,,,,,,,,,,Scrambled,True,2025-11-20T22:03:33,267.0,267.0,,,SEC,False,-41.0,-40.0,-41.0,-41.0,2025-11-21T01:00:00,8027.0,"{'StadiumID': 62, 'Active': True, 'Name': 'Mizzou Arena', 'Address': None, 'City': 'Columbia', 'State': 'MO', 'Zip': None, 'Country': None, 'Capacity': 15061, 'GeoLat': 38.93237, 'GeoLong': -92.33303}","[{'PeriodID': 118006, 'GameID': 67835, 'Number': 1, 'Name': '1', 'Type': 'Half', 'AwayScore': 15, 'HomeScore': 19}, {'PeriodID': 118032, 'GameID': 67835, 'Number': 2, 'Name': '2', 'Type': 'Half', 'AwayScore': 3, 'HomeScore': 18}]"
3,67869,2026,1,Final,2025-11-20T00:00:00,2025-11-20T19:00:00,LIUB,FORDM,229,53,19.0,25.0,2025-11-21T00:13:14,F,0.0,0.0,-1.6,53.1,56.0,-69.0,60067869,60000229,60000053,,,,,,,,,,,Scrambled,True,2025-11-20T20:59:52,111911.0,111911.0,,,ESPN+,False,-40.0,-40.0,-40.0,-41.0,2025-11-21T00:00:00,1020.0,"{'StadiumID': 279, 'Active': True, 'Name': 'Rose Hill Gymnasium', 'Address': None, 'City': 'Bronx', 'State': 'NY', 'Zip': None, 'Country': None, 'Capacity': 3200, 'GeoLat': 40.862148, 'GeoLong': -73.883824}","[{'PeriodID': 117992, 'GameID': 67869, 'Number': 1, 'Name': '1', 'Type': 'Half', 'AwayScore': 11, 'HomeScore': 14}, {'PeriodID': 118019, 'GameID': 67869, 'Number': 2, 'Name': '2', 'Type': 'Half', 'AwayScore': 3, 'HomeScore': 11}]"
4,68176,2026,1,Final,2025-11-20T00:00:00,2025-11-20T21:00:00,RIDER,HOU,173,6,16.0,33.0,2025-11-21T00:13:14,F,0.0,0.0,-15.0,49.1,,,60068176,60000173,60000006,,,,,,,,,,,Scrambled,True,2025-11-20T22:57:44,271.0,270.0,,,TNT,False,-40.0,-41.0,-41.0,-40.0,2025-11-21T02:00:00,7035.0,"{'StadiumID': 343, 'Active': True, 'Name': 'Fertitta Center', 'Address': None, 'City': 'Houston', 'State': 'TX', 'Zip': None, 'Country': None, 'Capacity': 7035, 'GeoLat': 29.724722, 'GeoLong': -95.346944}","[{'PeriodID': 118034, 'GameID': 68176, 'Number': 1, 'Name': '1', 'Type': 'Half', 'AwayScore': 3, 'HomeScore': 17}, {'PeriodID': 118044, 'GameID': 68176, 'Number': 2, 'Name': '2', 'Type': 'Half', 'AwayScore': 3, 'HomeScore': 16}]"
5,68325,2026,1,Final,2025-11-20T00:00:00,2025-11-20T20:00:00,RCKFRD,ILLST,626,204,18.0,34.0,2025-11-21T00:13:14,F,0.0,0.0,,,,,60068325,60000626,60000204,,,,,,,,,,,Scrambled,True,2025-11-20T21:44:18,,,,,ESPN+,False,,,,,2025-11-21T01:00:00,3127.0,"{'StadiumID': 34, 'Active': True, 'Name': 'CEFCU Arena', 'Address': None, 'City': 'Normal', 'State': 'IL', 'Zip': None, 'Country': None, 'Capacity': 9600, 'GeoLat': 40.510606, 'GeoLong': -88.999011}","[{'PeriodID': 118009, 'GameID': 68325, 'Number': 1, 'Name': '1', 'Type': 'Half', 'AwayScore': 3, 'HomeScore': 18}, {'PeriodID': 118029, 'GameID': 68325, 'Number': 2, 'Name': '2', 'Type': 'Half', 'AwayScore': 4, 'HomeScore': 16}]"
6,68546,2026,1,Final,2025-11-20T00:00:00,2025-11-20T18:00:00,ROBMS,STBON,230,47,22.0,27.0,2025-11-21T00:13:14,F,0.0,0.0,-4.2,53.7,194.0,-290.0,60068546,60000230,60000047,,,,,,,,,,,Scrambled,True,2025-11-20T19:50:39,264.0,264.0,,,ESPN+,False,-39.0,-42.0,-40.0,-41.0,2025-11-20T23:00:00,3353.0,"{'StadiumID': 88, 'Active': True, 'Name': 'Reilly Center', 'Address': None, 'City': 'Saint Bonaventure', 'State': 'NY', 'Zip': None, 'Country': None, 'Capacity': 5480, 'GeoLat': 42.079428, 'GeoLong': -78.484998}","[{'PeriodID': 117980, 'GameID': 68546, 'Number': 1, 'Name': '1', 'Type': 'Half', 'AwayScore': 12, 'HomeScore': 14}, {'PeriodID': 117998, 'GameID': 68546, 'Number': 2, 'Name': '2', 'Type': 'Half', 'AwayScore': 10, 'HomeScore': 14}]"
7,68768,2026,1,Final,2025-11-20T00:00:00,2025-11-20T19:00:00,PITT,UCF,28,8,24.0,28.0,2025-11-21T00:13:14,F,0.0,0.0,0.2,54.6,-46.0,38.0,60068768,60000028,60000008,,,,,,,,,,,Scrambled,True,2025-11-20T21:03:17,264.0,263.0,,,ESPN2,True,-40.0,-41.0,-40.0,-41.0,2025-11-21T00:00:00,1006.0,"{'StadiumID': 510, 'Active': True, 'Name': 'Ocean Center', 'Address': None, 'City': 'Daytona Beach', 'State': 'FL', 'Zip': None, 'Country': None, 'Capacity': 8362, 'GeoLat': None, 'GeoLong': None}","[{'PeriodID': 117993, 'GameID': 68768, 'Number': 1, 'Name': '1', 'Type': 'Half', 'AwayScore': 13, 'HomeScore': 14}, {'PeriodID': 118023, 'GameID': 68768, 'Number': 2, 'Name': '2', 'Type': 'Half', 'AwayScore': 11, 'HomeScore': 14}]"
8,68769,2026,1,Final,2025-11-20T00:00:00,2025-11-20T20:59:00,TXTECH,WAKE,111,34,31.0,30.0,2025-11-21T00:13:14,F,0.0,0.0,1.3,58.6,-191.0,138.0,60068769,60000111,60000034,,,,,,,,,,,Scrambled,True,2025-11-20T23:08:07,274.0,274.0,,,CBSS,True,-41.0,-40.0,-41.0,-41.0,2025-11-21T01:59:00,2437.0,"{'StadiumID': 462, 'Active': True, 'Name': 'Baha Mar Convention Center', 'Address': None, 'City': 'Nassau', 'State': 'Bahamas', 'Zip': None, 'Country': None, 'Capacity': 2000, 'GeoLat': 25.071316, 'GeoLong': -77.40116}","[{'PeriodID': 118028, 'GameID': 68769, 'Number': 1, 'Name': '1', 'Type': 'Half', 'AwayScore': 13, 'HomeScore': 12}, {'PeriodID': 118040, 'GameID': 68769, 'Number': 2, 'Name': '2', 'Type': 'Half', 'AwayScore': 18, 'HomeScore': 18}]"
9,68942,2026,1,Final,2025-11-20T00:00:00,2025-11-20T18:30:00,BROWN,STBR,163,12,26.0,29.0,2025-11-21T00:13:14,F,0.0,0.0,-1.3,49.6,52.0,-64.0,60068942,60000163,60000012,,,,,,,,,,,Scrambled,True,2025-11-20T20:26:28,261.0,261.0,,,FloC,False,-41.0,-40.0,-41.0,-41.0,2025-11-20T23:30:00,1243.0,"{'StadiumID': 629, 'Active': True, 'Name': 'Stony Brook Arena', 'Address': None, 'City': 'Stony Brook', 'State': 'NY', 'Zip': None, 'Country': None, 'Capacity': None, 'GeoLat': None, 'GeoLong': None}","[{'PeriodID': 117982, 'GameID': 68942, 'Number': 1, 'Name': '1', 'Type': 'Half', 'AwayScore': 12, 'HomeScore': 18}, {'PeriodID': 118003, 'GameID': 68942, 'Number': 2, 'Name': '2', 'Type': 'Half', 'AwayScore': 14, 'HomeScore': 11}]"
10,69097,2026,1,Final,2025-11-20T00:00:00,2025-11-20T21:00:00,CALPOL,UTAH,122,248,34.0,31.0,2025-11-21T00:13:14,F,0.0,0.0,-5.1,61.3,253.0,-431.0,60069097,60000122,60000248,,,,,,,,,,,Scrambled,True,2025-11-20T23:14:23,270.0,270.0,,,ESPN+,False,-40.0,-41.0,-41.0,-41.0,2025-11-21T02:00:00,6163.0,"{'StadiumID': 102, 'Active': True, 'Name': 'Jon M. Huntsman Center', 'Address': None, 'City': 'Salt Lake City', 'State': 'UT', 'Zip': None, 'Country': None, 'Capacity': 15000, 'GeoLat': 40.762, 'GeoLong': -111.839}","[{'PeriodID': 118030, 'GameID': 69097, 'Number': 1, 'Name': '1', 'Type': 'Half', 'AwayScore': 18, 'HomeScore': 14}, {'PeriodID': 118043, 'GameID': 69097, 'Number': 2, 'Name': '2', 'Type': 'Half', 'AwayScore': 15, 'HomeScore': 17}]"
11,69098,2026,1,Final,2025-11-20T00:00:00,2025-11-21T00:00:00,ARZST,HAWAII,255,115,30.0,28.0,2025-11-21T02:17:52,F,0.0,0.0,-0.7,52.0,42.0,-51.0,60069098,60000255,60000115,,,,,,,,,,,Scrambled,True,2025-11-21T02:07:04,273.0,273.0,,,SPEC,False,-40.0,-42.0,-41.0,-41.0,2025-11-21T05:00:00,4782.0,"{'StadiumID': 142, 'Active': True, 'Name': 'Stan Sheriff Center', 'Address': None, 'City': 'Honolulu', 'State': 'HI', 'Zip': None, 'Country': None, 'Capacity': 10300, 'GeoLat': 21.294292, 'GeoLong': -157.818875}","[{'PeriodID': 118048, 'GameID': 69098, 'Number': 1, 'Name': '1', 'Type': 'Half', 'AwayScore': 12, 'HomeScore': 13}, {'PeriodID': 118052, 'GameID': 69098, 'Number': 2, 'Name': '2', 'Type': 'Half', 'AwayScore': 18, 'HomeScore': 15}]"
12,69099,2026,1,Final,2025-11-20T00:00:00,2025-11-20T21:30:00,KANST,MSPST,112,278,36.0,28.0,2025-11-20T23:44:18,F,0.0,0.0,-0.7,60.0,40.0,-48.0,60069099,60000112,60000278,,,,,,,,,,,Scrambled,True,2025-11-20T23:38:51,276.0,276.0,,,PEAC,True,-41.0,-40.0,-41.0,-39.0,2025-11-21T02:30:00,,"{'StadiumID': 365, 'Active': True, 'Name': 'T-Mobile Center', 'Address': None, 'City': 'Kansas City', 'State': 'MO', 'Zip': None, 'Country': None, 'Capacity': 18972, 'GeoLat': 39.0975, 'GeoLong': -94.580278}","[{'PeriodID': 118039, 'GameID': 69099, 'Number': 1, 'Name': '1', 'Type': 'Half', 'AwayScore': 16, 'HomeScore': 13}, {'PeriodID': 118045, 'GameID': 69099, 'Number': 2, 'Name': '2', 'Type': 'Half', 'AwayScore': 20, 'HomeScore': 15}]"
13,69175,2026,1,Final,2025-11-20T00:00:00,2025-11-20T19:00:00,MRCY,MIAOH,1062,182,26.0,28.0,2025-11-21T00:13:14,F,0.0,0.0,-5.7,50.9,328.0,-683.0,60069175,60001062,60000182,,,,,,,,,,,Scrambled,True,2025-11-20T20:58:09,111912.0,111912.0,,,ESPN+,False,-42.0,-39.0,-41.0,-40.0,2025-11-21T00:00:00,1633.0,"{'StadiumID': 272, 'Active': True, 'Name': 'Millett Hall', 'Address': None, 'City': 'Oxford', 'State': 'OH', 'Zip': None, 'Country': None, 'Capacity': 6400, 'GeoLat': 39.517236, 'GeoLong': -84.734544}","[{'PeriodID': 117997, 'GameID': 69175, 'Number': 1, 'Name': '1', 'Type': 'Half', 'AwayScore': 11, 'HomeScore': 14}, {'PeriodID': 118016, 'GameID': 69175, 'Number': 2, 'Name': '2', 'Type': 'Half', 'AwayScore': 15, 'HomeScore': 14}]"
14,69240,2026,1,Final,2025-11-20T00:00:00,2025-11-20T22:00:00,STJOE,UNLV,46,218,31.0,36.0,2025-11-21T00:44:06,F,0.0,0.0,-3.6,59.1,143.0,-196.0,60069240,60000046,60000218,,,,,,,,,,,Scrambled,True,2025-11-21T00:27:58,272.0,272.0,,,MWN,False,-41.0,-40.0,-41.0,-40.0,2025-11-21T03:00:00,5006.0,"{'StadiumID': 173, 'Active': True, 'Name': 'Thomas & Mack Center', 'Address': None, 'City': 'Las Vegas', 'State': 'NV', 'Zip': None, 'Country': None, 'Capacity': 18000, 'GeoLat': 36.105, 'GeoLong': -115.144167}","[{'PeriodID': 118041, 'GameID': 69240, 'Number': 1, 'Name': '1', 'Type': 'Half', 'AwayScore': 15, 'HomeScore': 16}, {'PeriodID': 118047, 'GameID': 69240, 'Number': 2, 'Name': '2', 'Type': 'Half', 'AwayScore': 16, 'HomeScore': 20}]"
15,69290,2026,1,Final,2025-11-20T00:00:00,2025-11-20T12:30:00,INCAR,USI,294,1212,32.0,30.0,2025-11-20T16:30:32,F,0.0,0.0,1.2,53.1,-186.0,132.0,60069290,60000294,60001212,,,,,,,,,,,Scrambled,True,2025-11-20T14:33:01,111916.0,111916.0,,,Ball,True,-42.0,-43.0,-40.0,-42.0,2025-11-20T17:30:00,475.0,"{'StadiumID': 510, 'Active': True, 'Name': 'Ocean Center', 'Address': None, 'City': 'Daytona Beach', 'State': 'FL', 'Zip': None, 'Country': None, 'Capacity': 8362, 'GeoLat': None, 'GeoLong': None}","[{'PeriodID': 117972, 'GameID': 69290, 'Number': 1, 'Name': '1', 'Type': 'Half', 'AwayScore': 15, 'HomeScore': 14}, {'PeriodID': 117973, 'GameID': 69290, 'Number': 2, 'Name': '2', 'Type': 'Half', 'AwayScore': 17, 'HomeScore': 16}]"
16,69291,2026,1,Final,2025-11-20T00:00:00,2025-11-20T14:30:00,HPNT,ILLCHI,85,157,33.0,29.0,2025-11-20T17:17:27,F,0.0,0.0,1.2,57.3,-168.0,124.0,60069291,60000085,60000157,,,,,,,,,,,Scrambled,True,2025-11-20T17:03:01,111917.0,111917.0,,,Ball,True,-40.0,-41.0,-40.0,-41.0,2025-11-20T19:30:00,449.0,"{'StadiumID': 510, 'Active': True, 'Name': 'Ocean Center', 'Address': None, 'City': 'Daytona Beach', 'State': 'FL', 'Zip': None, 'Country': None, 'Capacity': 8362, 'GeoLat': None, 'GeoLong': None}","[{'PeriodID': 117974, 'GameID': 69291, 'Number': 1, 'Name': '1', 'Type': 'Half', 'AwayScore': 15, 'HomeScore': 14}, {'PeriodID': 117976, 'GameID': 69291, 'Number': 2, 'Name': '2', 'Type': 'Half', 'AwayScore': 18, 'HomeScore': 15}]"
17,69611,2026,1,Final,2025-11-20T00:00:00,2025-11-20T18:00:00,JAC,IND,741,93,19.0,27.0,2025-11-21T00:13:14,F,0.0,0.0,-11.7,56.8,1332.0,-20075.0,60069611,60000741,60000093,,,,,,,,,,,Scrambled,True,2025-11-20T20:01:53,261.0,260.0,,,BTN,False,-40.0,-42.0,-40.0,-41.0,2025-11-20T23:00:00,17222.0,"{'StadiumID': 130, 'Active': True, 'Name': 'Simon Skjodt Assembly Hall', 'Address': '1001 E 17th Street', 'City': 'Bloomington', 'State': 'IN', 'Zip': '47408', 'Country': 'USA', 'Capacity': 17222, 'GeoLat': 39.180833, 'GeoLong': -86.522222}","[{'PeriodID': 117979, 'GameID': 69611, 'Number': 1, 'Name': '1', 'Type': 'Half', 'AwayScore': 2, 'HomeScore': 12}, {'PeriodID': 117999, 'GameID': 69611, 'Number': 2, 'Name': '2', 'Type': 'Half', 'AwayScore': 13, 'HomeScore': 14}]"
18,69612,2026,1,Final,2025-11-20T00:00:00,2025-11-20T19:00:00,CHIST,IOWA,351,91,20.0,34.0,2025-11-21T00:13:14,F,0.0,0.0,-11.7,52.0,1752.0,-18250.0,60069612,60000351,60000091,,,,,,,,,,,Scrambled,True,2025-11-20T20:52:13,111914.0,111914.0,,,B1G+,False,-41.0,-40.0,-40.0,-41.0,2025-11-21T00:00:00,9265.0,"{'StadiumID': 99, 'Active': True, 'Name': 'Carver-Hawkeye Arena', 'Address': None, 'City': 'Iowa City', 'State': 'IA', 'Zip': None, 'Country': None, 'Capacity': 15056, 'GeoLat': 41.663611, 'GeoLong': -91.554444}","[{'PeriodID': 117986, 'GameID': 69612, 'Number': 1, 'Name': '1', 'Type': 'Half', 'AwayScore': 3, 'HomeScore': 15}, {'PeriodID': 118017, 'GameID': 69612, 'Number': 2, 'Name': '2', 'Type': 'Half', 'AwayScore': 11, 'HomeScore': 19}]"
19,69833,2026,1,Final,2025-11-20T00:00:00,2025-11-20T19:00:00,OHWES,WRGHT,1152,150,17.0,36.0,2025-11-21T00:13:14,F,0.0,0.0,,,,,60069833,60001152,60000150,,,,,,,,,,,Scrambled,True,2025-11-20T20:49:43,,,,,ESPN+,False,,,,,2025-11-21T00:00:00,2900.0,"{'StadiumID': 92, 'Active': True, 'Name': 'Nutter Center', 'Address': None, 'City': 'Dayton', 'State': 'OH', 'Zip': None, 'Country': None, 'Capacity': 8000, 'GeoLat': 39.781944, 'GeoLong': -84.0525}","[{'PeriodID': 117991, 'GameID': 69833, 'Number': 1, 'Name': '1', 'Type': 'Half', 'AwayScore': 3, 'HomeScore': 19}, {'PeriodID': 118005, 'GameID': 69833, 'Number': 2, 'Name': '2', 'Type': 'Half', 'AwayScore': 3, 'HomeScore': 18}]"
20,69834,2026,1,Final,2025-11-20T00:00:00,2025-11-20T19:00:00,NKENT,CMICH,154,185,33.0,24.0,2025-11-21T00:13:14,F,0.0,0.0,-1.6,53.3,59.0,-72.0,60069834,60000154,60000185,,,,,,,,,,,Scrambled,True,2025-11-20T20:45:40,263.0,262.0,,,ESPN+,False,-41.0,-40.0,-41.0,-40.0,2025-11-21T00:00:00,1402.0,"{'StadiumID': 364, 'Active': True, 'Name': 'McGuirk Arena', 'Address': None, 'City': 'Mount Pleasant', 'State': 'MI', 'Zip': None, 'Country': None, 'Capacity': 5300, 'GeoLat': 43.580888, 'GeoLong': -84.773941}","[{'PeriodID': 117989, 'GameID': 69834, 'Number': 1, 'Name': '1', 'Type': 'Half', 'AwayScore': 16, 'HomeScore': 11}, {'PeriodID': 118007, 'GameID': 69834, 'Number': 2, 'Name': '2', 'Type': 'Half', 'AwayScore': 17, 'HomeScore': 13}]"
21,69835,2026,1,Final,2025-11-20T00:00:00,2025-11-20T19:00:00,NCG,QUEEN,286,962,34.0,37.0,2025-11-21T00:13:14,F,0.0,0.0,-2.7,54.9,95.0,-124.0,60069835,60000286,60000962,,,,,,,,,,,Scrambled,True,2025-11-20T21:19:03,111910.0,111909.0,,,ESPN+,False,-40.0,-41.0,-42.0,-39.0,2025-11-21T00:00:00,637.0,"{'StadiumID': 538, 'Active': True, 'Name': 'Curry Arena', 'Address': None, 'City': 'Charlotte', 'State': 'NC', 'Zip': None, 'Country': None, 'Capacity': 2500, 'GeoLat': None, 'GeoLong': None}","[{'PeriodID': 118001, 'GameID': 69835, 'Number': 1, 'Name': '1', 'Type': 'Half', 'AwayScore': 14, 'HomeScore': 19}, {'PeriodID': 118026, 'GameID': 69835, 'Number': 2, 'Name': '2', 'Type': 'Half', 'AwayScore': 20, 'HomeScore': 18}]"
22,70212,2026,1,Final,2025-11-20T00:00:00,2025-11-20T18:00:00,PUR,MPHS,94,7,29.0,26.0,2025-11-21T00:13:14,F,0.0,0.0,1.9,57.1,-489.0,283.0,60070212,60000094,60000007,,,,,,,,,,,Scrambled,True,2025-11-20T20:21:59,274.0,273.0,,,CBSS,True,-40.0,-41.0,-40.0,-41.0,2025-11-20T23:00:00,2437.0,"{'StadiumID': 462, 'Active': True, 'Name': 'Baha Mar Convention Center', 'Address': None, 'City': 'Nassau', 'State': 'Bahamas', 'Zip': None, 'Country': None, 'Capacity': 2000, 'GeoLat': 25.071316, 'GeoLong': -77.40116}","[{'PeriodID': 117981, 'GameID': 70212, 'Number': 1, 'Name': '1', 'Type': 'Half', 'AwayScore': 13, 'HomeScore': 13}, {'PeriodID': 118002, 'GameID': 70212, 'Number': 2, 'Name': '2', 'Type': 'Half', 'AwayScore': 16, 'HomeScore': 13}]"
23,70368,2026,1,Final,2025-11-20T00:00:00,2025-11-20T19:00:00,PACFC,FLATL,339,145,22.0,30.0,2025-11-21T00:13:14,F,0.0,0.0,-2.7,56.4,99.0,-127.0,60070368,60000339,60000145,,,,,,,,,,,Scrambled,True,2025-11-20T20:54:56,266.0,266.0,,,ESPN+,False,-40.0,-41.0,-41.0,-40.0,2025-11-21T00:00:00,3161.0,"{'StadiumID': 281, 'Active': True, 'Name': 'Eleanor R. Baldwin Arena', 'Address': None, 'City': 'Boca Raton', 'State': 'FL', 'Zip': None, 'Country': None, 'Capacity': 2900, 'GeoLat': 26.372222, 'GeoLong': -80.109167}","[{'PeriodID': 117994, 'GameID': 70368, 'Number': 1, 'Name': '1', 'Type': 'Half', 'AwayScore': 10, 'HomeScore': 15}, {'PeriodID': 118014, 'GameID': 70368, 'Number': 2, 'Name': '2', 'Type': 'Half', 'AwayScore': 11, 'HomeScore': 15}]"
24,70587,2026,1,Final,2025-11-20T00:00:00,2025-11-20T20:00:00,CARK,NTX,298,141,20.0,27.0,2025-11-21T00:13:14,F,0.0,0.0,-6.0,49.1,311.0,-621.0,60070587,60000298,60000141,,,,,,,,,,,Scrambled,True,2025-11-20T22:14:37,111916.0,111915.0,,,ESPN+,False,-40.0,-40.0,-41.0,-40.0,2025-11-21T01:00:00,2743.0,"{'StadiumID': 218, 'Active': True, 'Name': 'UNT Coliseum', 'Address': None, 'City': 'Denton', 'State': 'TX', 'Zip': None, 'Country': None, 'Capacity': 10500, 'GeoLat': 33.208333, 'GeoLong': -97.153889}","[{'PeriodID': 118012, 'GameID': 70587, 'Number': 1, 'Name': '1', 'Type': 'Half', 'AwayScore': 3, 'HomeScore': 10}, {'PeriodID': 118035, 'GameID': 70587, 'Number': 2, 'Name': '2', 'Type': 'Half', 'AwayScore': 11, 'HomeScore': 17}]"
25,70643,2026,1,Final,2025-11-20T00:00:00,2025-11-20T18:00:00,NOBEL,MONST,1411,74,20.0,34.0,2025-11-21T00:13:14,F,0.0,0.0,,,,,60070643,60001411,60000074,,,,,,,,,,,Scrambled,True,2025-11-20T19:43:51,,,,,ESPN+,True,,,,,2025-11-20T23:00:00,75.0,"{'StadiumID': 284, 'Active': True, 'Name': 'Walter Pyramid', 'Address': None, 'City': 'Long Beach', 'State': 'CA', 'Zip': None, 'Country': None, 'Capacity': 4200, 'GeoLat': 33.787222, 'GeoLong': -118.114167}","[{'PeriodID': 117978, 'GameID': 70643, 'Number': 1, 'Name': '1', 'Type': 'Half', 'AwayScore': 3, 'HomeScore': 20}, {'PeriodID': 117983, 'GameID': 70643, 'Number': 2, 'Name': '2', 'Type': 'Half', 'AwayScore': 11, 'HomeScore': 14}]"
26,71071,2026,1,Final,2025-11-20T00:00:00,2025-11-20T20:00:00,WMICH,OHIOST,188,98,21.0,33.0,2025-11-21T00:13:14,F,0.0,0.0,-9.7,58.2,1195.0,-3832.0,60071071,60000188,60000098,,,,,,,,,,,Scrambled,True,2025-11-20T22:04:24,269.0,269.0,,,BTN,False,-41.0,-41.0,-40.0,-41.0,2025-11-21T01:00:00,8294.0,"{'StadiumID': 233, 'Active': True, 'Name': 'Value City Arena', 'Address': None, 'City': 'Columbus', 'State': 'OH', 'Zip': None, 'Country': None, 'Capacity': 19049, 'GeoLat': 40.007511, 'GeoLong': -83.025102}","[{'PeriodID': 118015, 'GameID': 71071, 'Number': 1, 'Name': '1', 'Type': 'Half', 'AwayScore': 3, 'HomeScore': 18}, {'PeriodID': 118033, 'GameID': 71071, 'Number': 2, 'Name': '2', 'Type': 'Half', 'AwayScore': 12, 'HomeScore': 15}]"
27,71072,2026,1,Final,2025-11-20T00:00:00,2025-11-20T22:00:00,TROY,USC,333,246,39.0,39.0,2025-11-21T01:30:36,F,0.0,0.0,-6.8,58.2,387.0,-858.0,60071072,60000333,60000246,,,,,,,,,,,Scrambled,True,2025-11-21T01:12:18,272.0,271.0,,,BTN,False,-41.0,-40.0,-40.0,-41.0,2025-11-21T03:00:00,3342.0,"{'StadiumID': 84, 'Active': True, 'Name': 'Galen Center', 'Address': None, 'City': 'Los Angeles', 'State': 'CA', 'Zip': None, 'Country': None, 'Capacity': 10258, 'GeoLat': 34.021, 'GeoLong': -118.28}","[{'PeriodID': 118042, 'GameID': 71072, 'Number': 1, 'Name': '1', 'Type': 'Half', 'AwayScore': 11, 'HomeScore': 11}, {'PeriodID': 118046, 'GameID': 71072, 'Number': 2, 'Name': '2', 'Type': 'Half', 'AwayScore': 14, 'HomeScore': 14}, {'PeriodID': 118049, 'GameID': 71072, 'Number': 3, 'Name': 'OT', 'Type': 'Overtime', 'AwayScore': 1, 'HomeScore': 1}, {'PeriodID': 118050, 'GameID': 71072, 'Number': 4, 'Name': 'OT2', 'Type': 'Overtime', 'AwayScore': 1, 'HomeScore': 1}, {'PeriodID': 118051, 'GameID': 71072, 'Number': 5, 'Name': 'OT3', 'Type': 'Overtime', 'AwayScore': 2, 'HomeScore': 2}]"
28,71073,2026,1,Final,2025-11-20T00:00:00,2025-11-20T16:00:00,ARPB,MARSH,310,136,26.0,36.0,2025-11-21T00:13:14,F,0.0,0.0,-7.1,60.0,447.0,-1058.0,60071073,60000310,60000136,,,,,,,,,,,Scrambled,True,2025-11-20T18:03:53,111913.0,111912.0,,,ESPN+,False,-39.0,-42.0,-41.0,-41.0,2025-11-20T21:00:00,3373.0,"{'StadiumID': 179, 'Active': True, 'Name': 'Cam Henderson Center', 'Address': None, 'City': 'Huntington', 'State': 'WV', 'Zip': None, 'Country': None, 'Capacity': 9043, 'GeoLat': 38.424908, 'GeoLong': -82.426575}","[{'PeriodID': 117975, 'GameID': 71073, 'Number': 1, 'Name': '1', 'Type': 'Half', 'AwayScore': 14, 'HomeScore': 13}, {'PeriodID': 117977, 'GameID': 71073, 'Number': 2, 'Name': '2', 'Type': 'Half', 'AwayScore': 12, 'HomeScore': 23}]"
29,71074,2026,1,Final,2025-11-20T00:00:00,2025-11-20T19:00:00,TXS,VAND,304,273,27.0,40.0,2025-11-21T00:13:14,F,0.0,0.0,-13.3,60.0,,,60071074,60000304,60000273,,,,,,,,,,,Scrambled,True,2025-11-20T20:59:51,111910.0,111910.0,,,SEC,False,-40.0,-42.0,-41.0,-41.0,2025-11-21T00:00:00,5673.0,"{'StadiumID': 75, 'Active': True, 'Name': 'Memorial Gymnasium (TN)', 'Address': None, 'City': 'Nashville', 'State': 'TN', 'Zip': None, 'Country': None, 'Capacity': 14316, 'GeoLat': 36.144611, 'GeoLong': -86.80742}","[{'PeriodID': 117988, 'GameID': 71074, 'Number': 1, 'Name': '1', 'Type': 'Half', 'AwayScore': 12, 'HomeScore': 22}, {'PeriodID': 118021, 'GameID': 71074, 'Number': 2, 'Name': '2', 'Type': 'Half', 'AwayScore': 15, 'HomeScore': 18}]"
30,71075,2026,1,Final,2025-11-20T00:00:00,2025-11-20T20:00:00,TARL,RICE,1024,146,33.0,27.0,2025-11-21T00:13:14,F,0.0,0.0,-1.6,53.1,64.0,-78.0,60071075,60001024,60000146,,,,,,,,,,,Scrambled,True,2025-11-20T22:12:38,269.0,268.0,,,ESPN+,False,-38.0,-42.0,-40.0,-41.0,2025-11-21T01:00:00,1099.0,"{'StadiumID': 190, 'Active': True, 'Name': 'Tudor Fieldhouse', 'Address': None, 'City': 'Houston', 'State': 'TX', 'Zip': None, 'Country': None, 'Capacity': 5750, 'GeoLat': 29.715102, 'GeoLong': -95.403895}","[{'PeriodID': 118010, 'GameID': 71075, 'Number': 1, 'Name': '1', 'Type': 'Half', 'AwayScore': 14, 'HomeScore': 14}, {'PeriodID': 118036, 'GameID': 71075, 'Number': 2, 'Name': '2', 'Type': 'Half', 'AwayScore': 19, 'HomeScore': 13}]"
31,71076,2026,1,Final,2025-11-20T00:00:00,2025-11-20T19:00:00,NMX,NEBR,214,99,26.0,31.0,2025-11-20T21:09:55,F,0.0,0.0,-2.9,55.5,105.0,-135.0,60071076,60000214,60000099,,,,,,,,,,,Scrambled,True,2025-11-20T21:04:36,275.0,275.0,,,PEAC,True,-40.0,-41.0,-40.0,-41.0,2025-11-21T00:00:00,,"{'StadiumID': 365, 'Active': True, 'Name': 'T-Mobile Center', 'Address': None, 'City': 'Kansas City', 'State': 'MO', 'Zip': None, 'Country': None, 'Capacity': 18972, 'GeoLat': 39.0975, 'GeoLong': -94.580278}","[{'PeriodID': 117995, 'GameID': 71076, 'Number': 1, 'Name': '1', 'Type': 'Half', 'AwayScore': 3, 'HomeScore': 16}, {'PeriodID': 118018, 'GameID': 71076, 'Number': 2, 'Name': '2', 'Type': 'Half', 'AwayScore': 17, 'HomeScore': 15}]"
32,71077,2026,1,Final,2025-11-20T00:00:00,2025-11-20T19:00:00,NEAST,PRNCE,131,160,21.0,26.0,2025-11-20T21:11:57,F,0.0,0.0,-0.9,53.1,46.0,-55.0,60071077,60000131,60000160,,,,,,,,,,,Scrambled,True,2025-11-20T21:06:41,262.0,262.0,,,ESPN+,False,-39.0,-41.0,-41.0,-41.0,2025-11-21T00:00:00,,"{'StadiumID': 251, 'Active': True, 'Name': 'Jadwin Gymnasium', 'Address': None, 'City': 'Princeton', 'State': 'NJ', 'Zip': None, 'Country': None, 'Capacity': 6854, 'GeoLat': 40.343449, 'GeoLong': -74.648595}","[{'PeriodID': 117996, 'GameID': 71077, 'Number': 1, 'Name': '1', 'Type': 'Half', 'AwayScore': 3, 'HomeScore': 12}, {'PeriodID': 118013, 'GameID': 71077, 'Number': 2, 'Name': '2', 'Type': 'Half', 'AwayScore': 14, 'HomeScore': 14}]"
33,71078,2026,1,Final,2025-11-20T00:00:00,2025-11-20T20:00:00,ORAL,OKL,320,105,26.0,35.0,2025-11-21T00:13:14,F,0.0,0.0,-8.9,60.8,699.0,-3389.0,60071078,60000320,60000105,,,,,,,,,,,Scrambled,True,2025-11-20T21:55:59,268.0,268.0,,,SEC,False,-40.0,-41.0,-41.0,-41.0,2025-11-21T01:00:00,5765.0,"{'StadiumID': 294, 'Active': True, 'Name': 'Lloyd Noble Center', 'Address': None, 'City': 'Norman', 'State': 'OK', 'Zip': None, 'Country': None, 'Capacity': 11562, 'GeoLat': 35.187438, 'GeoLong': -97.444504}","[{'PeriodID': 118008, 'GameID': 71078, 'Number': 1, 'Name': '1', 'Type': 'Half', 'AwayScore': 3, 'HomeScore': 15}, {'PeriodID': 118031, 'GameID': 71078, 'Number': 2, 'Name': '2', 'Type': 'Half', 'AwayScore': 17, 'HomeScore': 19}]"
34,71637,2026,1,Final,2025-11-20T00:00:00,2025-11-20T20:00:00,BIBL,HOUBAP,1366,293,24.0,31.0,2025-11-21T00:13:14,F,0.0,0.0,,,,,60071637,60001366,60000293,,,,,,,,,,,Scrambled,True,2025-11-20T21:47:19,,,,,ESPN+,False,,,,,2025-11-21T01:00:00,349.0,"{'StadiumID': 168, 'Active': True, 'Name': 'Sharp Gymnasium', 'Address': None, 'City': 'Houston', 'State': 'TX', 'Zip': None, 'Country': None, 'Capacity': 1000, 'GeoLat': 29.695, 'GeoLong': -95.516944}","[{'PeriodID': 118011, 'GameID': 71637, 'Number': 1, 'Name': '1', 'Type': 'Half', 'AwayScore': 3, 'HomeScore': 16}, {'PeriodID': 118027, 'GameID': 71637, 'Number': 2, 'Name': '2', 'Type': 'Half', 'AwayScore': 16, 'HomeScore': 15}]"
35,72069,2026,1,Final,2025-11-20T00:00:00,2025-11-20T19:00:00,COLG,CORNEL,261,162,34.0,35.0,2025-11-21T00:13:14,F,0.0,0.0,-2.0,58.8,70.0,-91.0,60072069,60000261,60000162,,,,,,,,,,,Scrambled,True,2025-11-20T21:50:23,111915.0,111914.0,,,ESPN+,False,-40.0,-41.0,-41.0,-41.0,2025-11-21T00:00:00,744.0,"{'StadiumID': 177, 'Active': True, 'Name': 'Newman Arena', 'Address': None, 'City': 'Ithaca', 'State': 'NY', 'Zip': None, 'Country': None, 'Capacity': 3500, 'GeoLat': 42.445794, 'GeoLong': -76.476581}","[{'PeriodID': 118000, 'GameID': 72069, 'Number': 1, 'Name': '1', 'Type': 'Half', 'AwayScore': 15, 'HomeScore': 14}, {'PeriodID': 118025, 'GameID': 72069, 'Number': 2, 'Name': '2', 'Type': 'Half', 'AwayScore': 12, 'HomeScore': 14}, {'PeriodID': 118037, 'GameID': 72069, 'Number': 3, 'Name': 'OT', 'Type': 'Overtime', 'AwayScore': 1, 'HomeScore': 1}, {'PeriodID': 118038, 'GameID': 72069, 'Number': 4, 'Name': 'OT2', 'Type': 'Overtime', 'AwayScore': 1, 'HomeScore': 2}]"
36,72070,2026,1,Final,2025-11-20T00:00:00,2025-11-20T19:00:00,TENST,TENN,235,277,22.0,32.0,2025-11-21T00:13:14,F,0.0,0.0,-11.7,57.5,1460.0,-18250.0,60072070,60000235,60000277,,,,,,,,,,,Scrambled,True,2025-11-20T21:05:08,266.0,265.0,,,SEC,False,-41.0,-41.0,-40.0,-40.0,2025-11-21T00:00:00,17313.0,"{'StadiumID': 195, 'Active': True, 'Name': 'Thompson-Boling Arena at Food City Center', 'Address': None, 'City': 'Knoxville', 'State': 'TN', 'Zip': None, 'Country': None, 'Capacity': 21678, 'GeoLat': 35.951167, 'GeoLong': -83.925028}","[{'PeriodID': 117984, 'GameID': 72070, 'Number': 1, 'Name': '1', 'Type': 'Half', 'AwayScore': 3, 'HomeScore': 16}, {'PeriodID': 118022, 'GameID': 72070, 'Number': 2, 'Name': '2', 'Type': 'Half', 'AwayScore': 14, 'HomeScore': 17}]"
37,72555,2026,1,Final,2025-11-20T00:00:00,2025-11-20T19:00:00,KEAN,DELST,705,201,23.0,24.0,2025-11-21T00:13:14,F,0.0,0.0,,,,,60072555,60000705,60000201,,,,,,,,,,,Scrambled,True,2025-11-20T20:47:39,,,,,ESPN+,False,,,,,2025-11-21T00:00:00,500.0,"{'StadiumID': 292, 'Active': True, 'Name': 'Memorial Hall (DE)', 'Address': None, 'City': 'Dover', 'State': 'DE', 'Zip': None, 'Country': None, 'Capacity': 1800, 'GeoLat': 39.1876, 'GeoLong': -75.5434}","[{'PeriodID': 117990, 'GameID': 72555, 'Number': 1, 'Name': '1', 'Type': 'Half', 'AwayScore': 14, 'HomeScore': 14}, {'PeriodID': 118004, 'GameID': 72555, 'Number': 2, 'Name': '2', 'Type': 'Half', 'AwayScore': 4, 'HomeScore': 10}]"
0,67366,2026,1,Final,2025-11-19T00:00:00,2025-11-19T19:00:00,WILCAR,SELOU,404,300,77.0,121.0,2025-11-20T00:30:06,F,0.0,0.0,,,,,60067366,60000404,60000300,,,,,,,,,,,Scrambled,True,2025-11-19T20:45:51,,,,,ESPN+,False,,,,,2025-11-20T00:00:00,432.0,"{'StadiumID': 390, 'Active': True, 'Name': 'University Center (LA)', 'Address': None, 'City': 'Hammond', 'State': 'LA', 'Zip': None, 'Country': None, 'Capacity': 7500, 'GeoLat': 30.52, 'GeoLong': -90.472778}","[{'PeriodID': 117891, 'GameID': 67366, 'Number': 1, 'Name': '1', 'Type': 'Half', 'AwayScore': 24, 'HomeScore': 62}, {'PeriodID': 117909, 'GameID': 67366, 'Number': 2, 'Name': '2', 'Type': 'Half', 'AwayScore': 53, 'HomeScore': 60}]"
1,67834,2026,1,Final,2025-11-19T00:00:00,2025-11-19T21:00:00,ALA,ILL,275,102,154.0,147.0,2025-11-20T00:30:06,F,0.0,0.0,-4.3,308.8,204.0,-246.0,60067834,60000275,60000102,,,,,,,,,,,Scrambled,True,2025-11-19T23:39:41,1198.0,1196.0,,,FS1,True,-190.0,-188.0,-193.0,-188.0,2025-11-20T02:00:00,17775.0,"{'StadiumID': 352, 'Active': True, 'Name': 'United Center', 'Address': None, 'City': 'Chicago', 'State': 'IL', 'Zip': None, 'Country': None, 'Capacity': 20917, 'GeoLat': 41.880556, 'GeoLong': -87.674167}","[{'PeriodID': 117954, 'GameID': 67834, 'Number': 1, 'Name': '1', 'Type': 'Half', 'AwayScore': 70, 'HomeScore': 72}, {'PeriodID': 117964, 'GameID': 67834, 'Number': 2, 'Name': '2', 'Type': 'Half', 'AwayScore': 84, 'HomeScore': 75}]"
2,67867,2026,1,Final,2025-11-19T00:00:00,2025-11-19T20:00:00,UMKC,TCU,362,114,77.0,139.0,2025-11-20T00:30:06,F,0.0,0.0,-41.9,257.5,3389.0,-16426.0,60067867,60000362,60000114,,,,,,,,,,,Scrambled,True,2025-11-19T22:02:53,1187.0,1186.0,,,ESPN+,False,-193.0,-188.0,-192.0,-188.0,2025-11-20T01:00:00,4484.0,"{'StadiumID': 85, 'Active': True, 'Name': 'Ed and Rae Schollmaier Arena', 'Address': None, 'City': 'Fort Worth', 'State': 'TX', 'Zip': None, 'Country': None, 'Capacity': 6800, 'GeoLat': 32.708774, 'GeoLong': -97.36673}","[{'PeriodID': 117912, 'GameID': 67867, 'Number': 1, 'Name': '1', 'Type': 'Half', 'AwayScore': 48, 'HomeScore': 87}, {'PeriodID': 117953, 'GameID': 67867, 'Number': 2, 'Name': '2', 'Type': 'Half', 'AwayScore': 29, 'HomeScore': 51}]"
3,67868,2026,1,Final,2025-11-19T00:00:00,2025-11-19T20:30:00,LIPSC,BELM,40,233,116.0,128.0,2025-11-20T00:30:06,F,0.0,0.0,-21.4,272.9,1069.0,-1778.0,60067868,60000040,60000233,,,,,,,,,,,Scrambled,True,2025-11-19T22:36:04,524579.0,524577.0,,,ESPN+,False,-190.0,-190.0,-192.0,-192.0,2025-11-20T01:30:00,4132.0,"{'StadiumID': 169, 'Active': True, 'Name': 'Curb Event Center', 'Address': None, 'City': 'Nashville', 'State': 'TN', 'Zip': None, 'Country': None, 'Capacity': 5000, 'GeoLat': 36.132222, 'GeoLong': -86.794444}","[{'PeriodID': 117940, 'GameID': 67868, 'Number': 1, 'Name': '1', 'Type': 'Half', 'AwayScore': 41, 'HomeScore': 43}, {'PeriodID': 117956, 'GameID': 67868, 'Number': 2, 'Name': '2', 'Type': 'Half', 'AwayScore': 75, 'HomeScore': 86}]"
4,68174,2026,1,Final,2025-11-19T00:00:00,2025-11-19T19:00:00,ARZ,UCONN,247,3,121.0,115.0,2025-11-20T00:30:06,F,0.0,0.0,-8.6,267.8,294.0,-361.0,60068174,60000247,60000003,,,,,,,,,,,Scrambled,True,2025-11-19T21:15:45,1153.0,1152.0,,,FS1,False,-193.0,-186.0,-188.0,-188.0,2025-11-20T00:00:00,10244.0,"{'StadiumID': 290, 'Active': True, 'Name': 'Gampel Pavilion', 'Address': None, 'City': 'Storrs', 'State': 'CT', 'Zip': None, 'Country': None, 'Capacity': 10167, 'GeoLat': 41.805292, 'GeoLong': -72.254194}","[{'PeriodID': 117884, 'GameID': 68174, 'Number': 1, 'Name': '1', 'Type': 'Half', 'AwayScore': 60, 'HomeScore': 56}, {'PeriodID': 117937, 'GameID': 68174, 'Number': 2, 'Name': '2', 'Type': 'Half', 'AwayScore': 62, 'HomeScore': 58}]"
5,68175,2026,1,Final,2025-11-19T00:00:00,2025-11-19T18:30:00,HARVRD,PENNST,164,101,137.0,144.0,2025-11-20T00:30:06,F,0.0,0.0,-21.4,243.8,1032.0,-1649.0,60068175,60000164,60000101,,,,,,,,,,,Scrambled,True,2025-11-19T20:26:12,1140.0,1138.0,,,B1G+,False,-188.0,-190.0,-188.0,-188.0,2025-11-19T23:30:00,5708.0,"{'StadiumID': 127, 'Active': True, 'Name': 'Bryce Jordan Center', 'Address': None, 'City': 'University Park', 'State': 'PA', 'Zip': None, 'Country': None, 'Capacity': 15261, 'GeoLat': 40.808889, 'GeoLong': -77.855833}","[{'PeriodID': 117871, 'GameID': 68175, 'Number': 1, 'Name': '1', 'Type': 'Half', 'AwayScore': 65, 'HomeScore': 60}, {'PeriodID': 117903, 'GameID': 68175, 'Number': 2, 'Name': '2', 'Type': 'Half', 'AwayScore': 72, 'HomeScore': 84}]"
6,68321,2026,1,Final,2025-11-19T00:00:00,2025-11-19T19:00:00,LOYMD,DUQ,262,51,133.0,157.0,2025-11-20T00:30:06,F,0.0,0.0,-24.8,255.8,1405.0,-3080.0,60068321,60000262,60000051,,,,,,,,,,,Scrambled,True,2025-11-19T21:09:39,524562.0,524560.0,,,ESPN+,False,-190.0,-190.0,-193.0,-188.0,2025-11-20T00:00:00,2135.0,"{'StadiumID': 159, 'Active': True, 'Name': 'UPMC Cooper Fieldhouse', 'Address': '600 Forbes Avenue', 'City': 'Pittsburgh', 'State': 'PA', 'Zip': '15282', 'Country': 'USA', 'Capacity': 3500, 'GeoLat': 40.4374, 'GeoLong': -79.9879}","[{'PeriodID': 117889, 'GameID': 68321, 'Number': 1, 'Name': '1', 'Type': 'Half', 'AwayScore': 62, 'HomeScore': 80}, {'PeriodID': 117922, 'GameID': 68321, 'Number': 2, 'Name': '2', 'Type': 'Half', 'AwayScore': 72, 'HomeScore': 77}]"
7,68322,2026,1,Final,2025-11-19T00:00:00,2025-11-19T19:30:00,DAY,MARQ,44,65,132.0,121.0,2025-11-20T00:30:06,F,0.0,0.0,-10.3,260.9,351.0,-438.0,60068322,60000044,60000065,,,,,,,,,,,Scrambled,True,2025-11-19T21:56:20,1181.0,1179.0,,,truT,False,-193.0,-188.0,-188.0,-192.0,2025-11-20T00:30:00,14369.0,"{'StadiumID': 74, 'Active': True, 'Name': 'Fiserv Forum', 'Address': None, 'City': 'Milwaukee', 'State': 'WI', 'Zip': None, 'Country': None, 'Capacity': 17341, 'GeoLat': 43.045028, 'GeoLong': -87.918167}","[{'PeriodID': 117899, 'GameID': 68322, 'Number': 1, 'Name': '1', 'Type': 'Half', 'AwayScore': 67, 'HomeScore': 58}, {'PeriodID': 117942, 'GameID': 68322, 'Number': 2, 'Name': '2', 'Type': 'Half', 'AwayScore': 50, 'HomeScore': 58}, {'PeriodID': 117957, 'GameID': 68322, 'Number': 3, 'Name': 'OT', 'Type': 'Overtime', 'AwayScore': 15, 'HomeScore': 9}]"
8,68323,2026,1,Final,2025-11-19T00:00:00,2025-11-19T19:00:00,MSTM,MARY,226,92,154.0,163.0,2025-11-20T00:30:06,F,0.0,0.0,-29.9,247.2,1909.0,-4426.0,60068323,60000226,60000092,,,,,,,,,,,Scrambled,True,2025-11-19T21:32:50,1174.0,1172.0,,,B1G+,False,-188.0,-188.0,-190.0,-186.0,2025-11-20T00:00:00,10318.0,"{'StadiumID': 41, 'Active': True, 'Name': 'XFINITY Center', 'Address': None, 'City': 'College Park', 'State': 'MD', 'Zip': None, 'Country': None, 'Capacity': 17950, 'GeoLat': 38.995417, 'GeoLong': -76.941556}","[{'PeriodID': 117874, 'GameID': 68323, 'Number': 1, 'Name': '1', 'Type': 'Half', 'AwayScore': 55, 'HomeScore': 68}, {'PeriodID': 117929, 'GameID': 68323, 'Number': 2, 'Name': '2', 'Type': 'Half', 'AwayScore': 77, 'HomeScore': 63}, {'PeriodID': 117952, 'GameID': 68323, 'Number': 3, 'Name': 'OT', 'Type': 'Overtime', 'AwayScore': 22, 'HomeScore': 31}]"
9,68324,2026,1,Final,2025-11-19T00:00:00,2025-11-19T20:00:00,SFL,OKST,11,113,163.0,176.0,2025-11-20T00:30:06,F,0.0,0.0,-6.0,305.4,250.0,-306.0,60068324,60000011,60000113,,,,,,,,,,,Scrambled,True,2025-11-19T22:21:13,1184.0,1182.0,,,ESPN+,False,-192.0,-185.0,-186.0,-193.0,2025-11-20T01:00:00,5848.0,"{'StadiumID': 216, 'Active': True, 'Name': 'Gallagher-Iba Arena', 'Address': None, 'City': 'Stillwater', 'State': 'OK', 'Zip': None, 'Country': None, 'Capacity': 13611, 'GeoLat': 36.125833, 'GeoLong': -97.065}","[{'PeriodID': 117911, 'GameID': 68324, 'Number': 1, 'Name': '1', 'Type': 'Half', 'AwayScore': 77, 'HomeScore': 75}, {'PeriodID': 117955, 'GameID': 68324, 'Number': 2, 'Name': '2', 'Type': 'Half', 'AwayScore': 86, 'HomeScore': 101}]"
10,68544,2026,1,Final,2025-11-19T00:00:00,2025-11-19T19:00:00,VAMIL,RICH,290,52,92.0,149.0,2025-11-20T00:30:06,F,0.0,0.0,-24.8,260.9,1189.0,-1940.0,60068544,60000290,60000052,,,,,,,,,,,Scrambled,True,2025-11-19T20:55:03,1167.0,1165.0,,,ESPN+,False,-197.0,-181.0,-186.0,-190.0,2025-11-20T00:00:00,4393.0,"{'StadiumID': 116, 'Active': True, 'Name': 'Robins Center', 'Address': None, 'City': 'Richmond', 'State': 'VA', 'Zip': None, 'Country': None, 'Capacity': 7201, 'GeoLat': 37.580701, 'GeoLong': -77.538987}","[{'PeriodID': 117893, 'GameID': 68544, 'Number': 1, 'Name': '1', 'Type': 'Half', 'AwayScore': 44, 'HomeScore': 84}, {'PeriodID': 117934, 'GameID': 68544, 'Number': 2, 'Name': '2', 'Type': 'Half', 'AwayScore': 48, 'HomeScore': 65}]"
11,68545,2026,1,Final,2025-11-19T00:00:00,2025-11-19T19:00:00,UMBC,GEOWS,19,48,89.0,152.0,2025-11-20T00:30:06,F,0.0,0.0,-38.5,274.6,2972.0,-11187.0,60068545,60000019,60000048,,,,,,,,,,,Scrambled,True,2025-11-19T20:49:06,524545.0,524543.0,,,ESPN+,False,-192.0,-190.0,-190.0,-190.0,2025-11-20T00:00:00,1703.0,"{'StadiumID': 24, 'Active': True, 'Name': 'Charles E. Smith Center', 'Address': None, 'City': 'Washington', 'State': 'DC', 'Zip': None, 'Country': None, 'Capacity': 5000, 'GeoLat': 38.897755, 'GeoLong': -77.049329}","[{'PeriodID': 117877, 'GameID': 68545, 'Number': 1, 'Name': '1', 'Type': 'Half', 'AwayScore': 29, 'HomeScore': 80}, {'PeriodID': 117916, 'GameID': 68545, 'Number': 2, 'Name': '2', 'Type': 'Half', 'AwayScore': 60, 'HomeScore': 72}]"
12,68766,2026,1,Final,2025-11-19T00:00:00,2025-11-19T19:00:00,BRYANT,VTECH,231,31,104.0,133.0,2025-11-20T00:30:06,F,0.0,0.0,-41.9,259.2,3679.0,-34220.0,60068766,60000231,60000031,,,,,,,,,,,Scrambled,True,2025-11-19T21:07:29,524569.0,524567.0,,,ACC,False,-192.0,-190.0,-188.0,-192.0,2025-11-20T00:00:00,5539.0,"{'StadiumID': 107, 'Active': True, 'Name': 'Cassell Coliseum', 'Address': None, 'City': 'Blacksburg', 'State': 'VA', 'Zip': None, 'Country': None, 'Capacity': 8925, 'GeoLat': 37.222222, 'GeoLong': -80.418889}","[{'PeriodID': 117876, 'GameID': 68766, 'Number': 1, 'Name': '1', 'Type': 'Half', 'AwayScore': 41, 'HomeScore': 55}, {'PeriodID': 117923, 'GameID': 68766, 'Number': 2, 'Name': '2', 'Type': 'Half', 'AwayScore': 63, 'HomeScore': 79}]"
13,68767,2026,1,Final,2025-11-19T00:00:00,2025-11-19T19:00:00,BELLA,ND,1025,25,135.0,147.0,2025-11-20T00:30:06,F,0.0,0.0,-41.9,259.2,3535.0,-22813.0,60068767,60001025,60000025,,,,,,,,,,,Scrambled,True,2025-11-19T21:13:52,524552.0,524550.0,,,ACC,False,-193.0,-188.0,-193.0,-188.0,2025-11-20T00:00:00,3676.0,"{'StadiumID': 32, 'Active': True, 'Name': 'Purcell Pavilion', 'Address': None, 'City': 'South Bend', 'State': 'IN', 'Zip': None, 'Country': None, 'Capacity': 9149, 'GeoLat': 41.698443, 'GeoLong': -86.231292}","[{'PeriodID': 117875, 'GameID': 68767, 'Number': 1, 'Name': '1', 'Type': 'Half', 'AwayScore': 51, 'HomeScore': 63}, {'PeriodID': 117928, 'GameID': 68767, 'Number': 2, 'Name': '2', 'Type': 'Half', 'AwayScore': 84, 'HomeScore': 84}]"
14,69285,2026,1,Final,2025-11-19T00:00:00,2025-11-19T20:00:00,NDAK,CREIGH,71,61,103.0,128.0,2025-11-20T00:30:06,F,0.0,0.0,-48.8,266.1,5338.0,-85550.0,60069285,60000071,60000061,,,,,,,,,,,Scrambled,True,2025-11-19T21:49:21,1191.0,1189.0,,,ESPN+,False,-193.0,-188.0,-188.0,-190.0,2025-11-20T01:00:00,16059.0,"{'StadiumID': 65, 'Active': True, 'Name': 'CHI Health Center Omaha', 'Address': None, 'City': 'Omaha', 'State': 'NE', 'Zip': None, 'Country': None, 'Capacity': 17352, 'GeoLat': 41.263, 'GeoLong': -95.928}","[{'PeriodID': 117913, 'GameID': 69285, 'Number': 1, 'Name': '1', 'Type': 'Half', 'AwayScore': 62, 'HomeScore': 80}, {'PeriodID': 117947, 'GameID': 69285, 'Number': 2, 'Name': '2', 'Type': 'Half', 'AwayScore': 41, 'HomeScore': 48}]"
15,69286,2026,1,Final,2025-11-19T00:00:00,2025-11-19T19:30:00,MAINE,MERRI,17,817,111.0,123.0,2025-11-20T00:30:06,F,0.0,0.0,-11.1,223.3,400.0,-508.0,60069286,60000017,60000817,,,,,,,,,,,Scrambled,True,2025-11-19T21:41:24,524555.0,524553.0,,,ESPN+,False,-190.0,-190.0,-188.0,-192.0,2025-11-20T00:30:00,1572.0,"{'StadiumID': 468, 'Active': True, 'Name': 'Hammel Court', 'Address': None, 'City': 'North Andover', 'State': 'MA', 'Zip': None, 'Country': None, 'Capacity': 1200, 'GeoLat': 42.6694, 'GeoLong': -71.12336}","[{'PeriodID': 117902, 'GameID': 69286, 'Number': 1, 'Name': '1', 'Type': 'Half', 'AwayScore': 46, 'HomeScore': 58}, {'PeriodID': 117939, 'GameID': 69286, 'Number': 2, 'Name': '2', 'Type': 'Half', 'AwayScore': 65, 'HomeScore': 65}]"
16,69287,2026,1,Final,2025-11-19T00:00:00,2025-11-19T18:07:00,MISE,BING,681,20,99.0,118.0,2025-11-20T00:30:06,F,0.0,0.0,,,,,60069287,60000681,60000020,,,,,,,,,,,Scrambled,True,2025-11-19T19:50:57,,,,,ESPN+,False,,,,,2025-11-19T23:07:00,1315.0,"{'StadiumID': 52, 'Active': True, 'Name': 'Events Center (Binghamton)', 'Address': None, 'City': 'Binghamton', 'State': 'NY', 'Zip': None, 'Country': None, 'Capacity': 4923, 'GeoLat': 42.093333, 'GeoLong': -75.971944}","[{'PeriodID': 117870, 'GameID': 69287, 'Number': 1, 'Name': '1', 'Type': 'Half', 'AwayScore': 41, 'HomeScore': 65}, {'PeriodID': 117897, 'GameID': 69287, 'Number': 2, 'Name': '2', 'Type': 'Half', 'AwayScore': 58, 'HomeScore': 53}]"
17,69288,2026,1,Final,2025-11-19T00:00:00,2025-11-19T18:00:00,ALAST,AIRF,311,221,110.0,113.0,2025-11-20T00:30:06,F,0.0,0.0,-4.3,237.0,202.0,-246.0,60069288,60000311,60000221,,,,,,,,,,,Scrambled,True,2025-11-19T20:02:25,524531.0,524529.0,,,MWN,False,-188.0,-192.0,-186.0,-192.0,2025-11-19T23:00:00,1025.0,"{'StadiumID': 277, 'Active': True, 'Name': 'Clune Arena', 'Address': None, 'City': 'Colorado Springs', 'State': 'CO', 'Zip': None, 'Country': None, 'Capacity': 5843, 'GeoLat': 39.014, 'GeoLong': -104.8833}","[{'PeriodID': 117869, 'GameID': 69288, 'Number': 1, 'Name': '1', 'Type': 'Half', 'AwayScore': 67, 'HomeScore': 55}, {'PeriodID': 117898, 'GameID': 69288, 'Number': 2, 'Name': '2', 'Type': 'Half', 'AwayScore': 43, 'HomeScore': 58}]"
18,69289,2026,1,Final,2025-11-19T00:00:00,2025-11-19T19:00:00,CCNY,QUIN,609,174,89.0,192.0,2025-11-20T00:30:06,F,0.0,0.0,,,,,60069289,60000609,60000174,,,,,,,,,,,Scrambled,True,2025-11-19T20:42:18,,,,,ESPN+,False,,,,,2025-11-20T00:00:00,847.0,"{'StadiumID': 224, 'Active': True, 'Name': 'M&T Bank Arena', 'Address': '305 Sherman Ave', 'City': 'Hamden', 'State': 'CT', 'Zip': '06518', 'Country': 'USA', 'Capacity': 3570, 'GeoLat': 41.413833, 'GeoLong': -72.911157}","[{'PeriodID': 117883, 'GameID': 69289, 'Number': 1, 'Name': '1', 'Type': 'Half', 'AwayScore': 27, 'HomeScore': 99}, {'PeriodID': 117910, 'GameID': 69289, 'Number': 2, 'Name': '2', 'Type': 'Half', 'AwayScore': 62, 'HomeScore': 92}]"
19,69608,2026,1,Final,2025-11-19T00:00:00,2025-11-19T19:00:00,VALP,CLVST,148,156,154.0,128.0,2025-11-20T00:30:06,F,0.0,0.0,-3.4,271.2,186.0,-228.0,60069608,60000148,60000156,,,,,,,,,,,Scrambled,True,2025-11-19T21:00:04,1146.0,1145.0,,,ESPN+,False,-193.0,-188.0,-188.0,-192.0,2025-11-20T00:00:00,2017.0,"{'StadiumID': 158, 'Active': True, 'Name': 'Wolstein Center', 'Address': None, 'City': 'Cleveland', 'State': 'OH', 'Zip': None, 'Country': None, 'Capacity': 13610, 'GeoLat': 41.499167, 'GeoLong': -81.676944}","[{'PeriodID': 117882, 'GameID': 69608, 'Number': 1, 'Name': '1', 'Type': 'Half', 'AwayScore': 67, 'HomeScore': 46}, {'PeriodID': 117926, 'GameID': 69608, 'Number': 2, 'Name': '2', 'Type': 'Half', 'AwayScore': 87, 'HomeScore': 82}]"
20,69609,2026,1,Final,2025-11-19T00:00:00,2025-11-19T19:00:00,VILL,LASAL,58,57,120.0,94.0,2025-11-20T00:30:06,F,0.0,0.0,21.4,249.8,-1418.0,939.0,60069609,60000058,60000057,,,,,,,,,,,Scrambled,True,2025-11-19T20:53:20,1160.0,1158.0,,,CBSS,False,-190.0,-190.0,-188.0,-192.0,2025-11-20T00:00:00,2653.0,"{'StadiumID': 616, 'Active': True, 'Name': 'John Glaser Arena', 'Address': None, 'City': 'Philadelphia', 'State': 'PA', 'Zip': None, 'Country': None, 'Capacity': None, 'GeoLat': None, 'GeoLong': None}","[{'PeriodID': 117896, 'GameID': 69609, 'Number': 1, 'Name': '1', 'Type': 'Half', 'AwayScore': 63, 'HomeScore': 48}, {'PeriodID': 117935, 'GameID': 69609, 'Number': 2, 'Name': '2', 'Type': 'Half', 'AwayScore': 56, 'HomeScore': 46}]"
21,69610,2026,1,Final,2025-11-19T00:00:00,2025-11-19T20:00:00,TIFFIN,EILL,453,239,86.0,106.0,2025-11-20T00:30:06,F,0.0,0.0,,,,,60069610,60000453,60000239,,,,,,,,,,,Scrambled,True,2025-11-19T21:44:36,,,,,ESPN+,False,,,,,2025-11-20T01:00:00,1016.0,"{'StadiumID': 413, 'Active': True, 'Name': 'Groniger Arena', 'Address': None, 'City': 'Charleston', 'State': 'IL', 'Zip': None, 'Country': None, 'Capacity': 5300, 'GeoLat': 39.480403, 'GeoLong': -88.178844}","[{'PeriodID': 117907, 'GameID': 69610, 'Number': 1, 'Name': '1', 'Type': 'Half', 'AwayScore': 34, 'HomeScore': 62}, {'PeriodID': 117945, 'GameID': 69610, 'Number': 2, 'Name': '2', 'Type': 'Half', 'AwayScore': 51, 'HomeScore': 44}]"
22,69824,2026,1,Final,2025-11-19T00:00:00,2025-11-19T23:00:00,SUTAH,WASHST,78,256,127.0,168.0,2025-11-20T01:00:59,F,0.0,0.0,-20.5,267.8,962.0,-1490.0,60069824,60000078,60000256,,,,,,,,,,,Scrambled,True,2025-11-20T00:50:08,1208.0,1206.0,,,ESPN+,False,-188.0,-192.0,-193.0,-185.0,2025-11-20T04:00:00,2532.0,"{'StadiumID': 182, 'Active': True, 'Name': 'Friel Court', 'Address': None, 'City': 'Pullman', 'State': 'WA', 'Zip': None, 'Country': None, 'Capacity': 11671, 'GeoLat': 46.735, 'GeoLong': -117.1575}","[{'PeriodID': 117965, 'GameID': 69824, 'Number': 1, 'Name': '1', 'Type': 'Half', 'AwayScore': 68, 'HomeScore': 92}, {'PeriodID': 117971, 'GameID': 69824, 'Number': 2, 'Name': '2', 'Type': 'Half', 'AwayScore': 58, 'HomeScore': 75}]"
23,69825,2026,1,Final,2025-11-19T00:00:00,2025-11-19T21:00:00,JACKST,AUBRN,306,279,113.0,192.0,2025-11-20T00:30:06,F,0.0,0.0,-52.2,267.8,,,60069825,60000306,60000279,,,,,,,,,,,Scrambled,True,2025-11-19T22:57:55,524582.0,524581.0,,,SECN,False,-192.0,-188.0,-188.0,-190.0,2025-11-20T02:00:00,9121.0,"{'StadiumID': 8, 'Active': True, 'Name': 'Neville Arena', 'Address': None, 'City': 'Auburn', 'State': 'AL', 'Zip': None, 'Country': None, 'Capacity': 9121, 'GeoLat': 32.60253, 'GeoLong': -85.49301}","[{'PeriodID': 117949, 'GameID': 69825, 'Number': 1, 'Name': '1', 'Type': 'Half', 'AwayScore': 41, 'HomeScore': 94}, {'PeriodID': 117963, 'GameID': 69825, 'Number': 2, 'Name': '2', 'Type': 'Half', 'AwayScore': 72, 'HomeScore': 98}]"
24,69826,2026,1,Final,2025-11-19T00:00:00,2025-11-19T19:00:00,NFL,WOFF,36,285,133.0,147.0,2025-11-20T00:30:06,F,0.0,0.0,-18.8,276.3,780.0,-1124.0,60069826,60000036,60000285,,,,,,,,,,,Scrambled,True,2025-11-19T20:46:53,524548.0,524546.0,,,ESPN+,False,-186.0,-195.0,-186.0,-193.0,2025-11-20T00:00:00,1738.0,"{'StadiumID': 6, 'Active': True, 'Name': 'Jerry Richardson Indoor Stadium', 'Address': None, 'City': 'Spartanburg', 'State': 'SC', 'Zip': None, 'Country': None, 'Capacity': 3400, 'GeoLat': 34.963427, 'GeoLong': -81.93363}","[{'PeriodID': 117878, 'GameID': 69826, 'Number': 1, 'Name': '1', 'Type': 'Half', 'AwayScore': 60, 'HomeScore': 58}, {'PeriodID': 117906, 'GameID': 69826, 'Number': 2, 'Name': '2', 'Type': 'Half', 'AwayScore': 74, 'HomeScore': 89}]"
25,69827,2026,1,Final,2025-11-19T00:00:00,2025-11-19T19:00:00,WM,BOWLGR,125,181,140.0,127.0,2025-11-20T00:30:06,F,0.0,0.0,-14.5,286.6,518.0,-672.0,60069827,60000125,60000181,,,,,,,,,,,Scrambled,True,2025-11-19T21:04:54,1150.0,1148.0,,,ESPN+,False,-188.0,-192.0,-188.0,-193.0,2025-11-20T00:00:00,1848.0,"{'StadiumID': 222, 'Active': True, 'Name': 'Stroh Center', 'Address': None, 'City': 'Bowling Green', 'State': 'OH', 'Zip': None, 'Country': None, 'Capacity': 4387, 'GeoLat': 41.375343, 'GeoLong': -83.624711}","[{'PeriodID': 117885, 'GameID': 69827, 'Number': 1, 'Name': '1', 'Type': 'Half', 'AwayScore': 70, 'HomeScore': 44}, {'PeriodID': 117921, 'GameID': 69827, 'Number': 2, 'Name': '2', 'Type': 'Half', 'AwayScore': 70, 'HomeScore': 82}]"
26,69828,2026,1,Final,2025-11-19T00:00:00,2025-11-19T19:00:00,YNGST,TOLEDO,155,183,128.0,157.0,2025-11-20T00:30:06,F,0.0,0.0,-2.6,274.6,173.0,-210.0,60069828,60000155,60000183,,,,,,,,,,,Scrambled,True,2025-11-19T20:56:31,1170.0,1169.0,,,ESPN+,False,-195.0,-185.0,-192.0,-190.0,2025-11-20T00:00:00,3741.0,"{'StadiumID': 299, 'Active': True, 'Name': 'Savage Arena', 'Address': None, 'City': 'Toledo', 'State': 'OH', 'Zip': None, 'Country': None, 'Capacity': 7014, 'GeoLat': 41.660232, 'GeoLong': -83.609795}","[{'PeriodID': 117881, 'GameID': 69828, 'Number': 1, 'Name': '1', 'Type': 'Half', 'AwayScore': 60, 'HomeScore': 70}, {'PeriodID': 117918, 'GameID': 69828, 'Number': 2, 'Name': '2', 'Type': 'Half', 'AwayScore': 68, 'HomeScore': 87}]"
27,69829,2026,1,Final,2025-11-19T00:00:00,2025-11-19T18:30:00,MTNST,MICH,135,95,104.0,147.0,2025-11-20T00:30:06,F,0.0,0.0,-47.9,272.9,4989.0,-59885.0,60069829,60000135,60000095,,,,,,,,,,,Scrambled,True,2025-11-19T20:35:44,1136.0,1134.0,,,BTN,False,-192.0,-188.0,-192.0,-186.0,2025-11-19T23:30:00,11188.0,"{'StadiumID': 12, 'Active': True, 'Name': 'Crisler Center', 'Address': None, 'City': 'Ann Arbor', 'State': 'MI', 'Zip': None, 'Country': None, 'Capacity': 12707, 'GeoLat': 42.265037, 'GeoLong': -83.746768}","[{'PeriodID': 117872, 'GameID': 69829, 'Number': 1, 'Name': '1', 'Type': 'Half', 'AwayScore': 51, 'HomeScore': 62}, {'PeriodID': 117905, 'GameID': 69829, 'Number': 2, 'Name': '2', 'Type': 'Half', 'AwayScore': 53, 'HomeScore': 86}]"
28,69830,2026,1,Final,2025-11-19T00:00:00,2025-11-19T19:30:00,WYOM,SMHO,219,295,120.0,133.0,2025-11-20T00:30:06,F,0.0,0.0,-2.6,267.8,183.0,-224.0,60069830,60000219,60000295,,,,,,,,,,,Scrambled,True,2025-11-19T21:34:17,1177.0,1175.0,,,ESPN+,False,-183.0,-193.0,-190.0,-190.0,2025-11-20T00:30:00,1551.0,"{'StadiumID': 306, 'Active': True, 'Name': 'Bernard G. Johnson Coliseum', 'Address': None, 'City': 'Huntsville', 'State': 'TX', 'Zip': None, 'Country': None, 'Capacity': 6100, 'GeoLat': 30.712778, 'GeoLong': -95.546111}","[{'PeriodID': 117904, 'GameID': 69830, 'Number': 1, 'Name': '1', 'Type': 'Half', 'AwayScore': 55, 'HomeScore': 63}, {'PeriodID': 117941, 'GameID': 69830, 'Number': 2, 'Name': '2', 'Type': 'Half', 'AwayScore': 65, 'HomeScore': 70}]"
29,69831,2026,1,Final,2025-11-19T00:00:00,2025-11-19T22:00:00,NOBEL,LBST,1411,117,92.0,149.0,2025-11-20T00:30:06,F,0.0,0.0,,,,,60069831,60001411,60000117,,,,,,,,,,,Scrambled,True,2025-11-20T00:02:05,,,,,ESPN+,False,,,,,2025-11-20T03:00:00,1047.0,"{'StadiumID': 284, 'Active': True, 'Name': 'Walter Pyramid', 'Address': None, 'City': 'Long Beach', 'State': 'CA', 'Zip': None, 'Country': None, 'Capacity': 4200, 'GeoLat': 33.787222, 'GeoLong': -118.114167}","[{'PeriodID': 117959, 'GameID': 69831, 'Number': 1, 'Name': '1', 'Type': 'Half', 'AwayScore': 41, 'HomeScore': 53}, {'PeriodID': 117967, 'GameID': 69831, 'Number': 2, 'Name': '2', 'Type': 'Half', 'AwayScore': 51, 'HomeScore': 96}]"
30,69832,2026,1,Final,2025-11-19T00:00:00,2025-11-19T19:00:00,FLGC,SAMF,38,289,132.0,106.0,2025-11-20T00:30:06,F,0.0,0.0,-9.4,262.6,329.0,-406.0,60069832,60000038,60000289,,,,,,,,,,,Scrambled,True,2025-11-19T20:55:04,524538.0,524536.0,,,ESPN+,False,-190.0,-188.0,-188.0,-192.0,2025-11-20T00:00:00,2173.0,"{'StadiumID': 44, 'Active': True, 'Name': 'Pete Hanna Center', 'Address': None, 'City': 'Homewood', 'State': 'AL', 'Zip': None, 'Country': None, 'Capacity': 5000, 'GeoLat': 33.4638, 'GeoLong': -86.7973}","[{'PeriodID': 117895, 'GameID': 69832, 'Number': 1, 'Name': '1', 'Type': 'Half', 'AwayScore': 70, 'HomeScore': 56}, {'PeriodID': 117917, 'GameID': 69832, 'Number': 2, 'Name': '2', 'Type': 'Half', 'AwayScore': 62, 'HomeScore': 50}]"
31,70586,2026,1,Final,2025-11-19T00:00:00,2025-11-19T18:30:00,OHCHR,FURMAN,1203,283,75.0,135.0,2025-11-20T00:30:06,F,0.0,0.0,,,,,60070586,60001203,60000283,,,,,,,,,,,Scrambled,True,2025-11-19T20:18:28,,,,,ESPN+,False,,,,,2025-11-19T23:30:00,1767.0,"{'StadiumID': 199, 'Active': True, 'Name': 'Timmons Arena', 'Address': None, 'City': 'Greenville', 'State': 'SC', 'Zip': None, 'Country': None, 'Capacity': 2500, 'GeoLat': 34.925833, 'GeoLong': -82.435556}","[{'PeriodID': 117873, 'GameID': 70586, 'Number': 1, 'Name': '1', 'Type': 'Half', 'AwayScore': 39, 'HomeScore': 55}, {'PeriodID': 117901, 'GameID': 70586, 'Number': 2, 'Name': '2', 'Type': 'Half', 'AwayScore': 36, 'HomeScore': 80}]"
32,70642,2026,1,Final,2025-11-19T00:00:00,2025-11-19T19:00:00,HOWRD,STETSN,195,41,103.0,110.0,2025-11-20T00:30:06,F,0.0,0.0,7.3,255.8,-229.0,188.0,60070642,60000195,60000041,,,,,,,,,,,Scrambled,True,2025-11-19T21:03:19,524534.0,524533.0,,,ESPN+,False,-195.0,-186.0,-192.0,-188.0,2025-11-20T00:00:00,630.0,"{'StadiumID': 264, 'Active': True, 'Name': 'Edmunds Center', 'Address': None, 'City': 'DeLand', 'State': 'FL', 'Zip': None, 'Country': None, 'Capacity': 4000, 'GeoLat': 29.039584, 'GeoLong': -81.301819}","[{'PeriodID': 117879, 'GameID': 70642, 'Number': 1, 'Name': '1', 'Type': 'Half', 'AwayScore': 36, 'HomeScore': 53}, {'PeriodID': 117931, 'GameID': 70642, 'Number': 2, 'Name': '2', 'Type': 'Half', 'AwayScore': 67, 'HomeScore': 56}]"
33,71062,2026,1,Final,2025-11-19T00:00:00,2025-11-19T19:00:00,BCOOK,OHIO,192,180,130.0,125.0,2025-11-20T00:30:06,F,0.0,0.0,-11.1,269.5,394.0,-498.0,60071062,60000192,60000180,,,,,,,,,,,Scrambled,True,2025-11-19T21:05:31,524541.0,524540.0,,,ESPN+,False,-185.0,-195.0,-188.0,-192.0,2025-11-20T00:00:00,3664.0,"{'StadiumID': 189, 'Active': True, 'Name': 'Convocation Center (OH)', 'Address': None, 'City': 'Athens', 'State': 'OH', 'Zip': None, 'Country': None, 'Capacity': 13080, 'GeoLat': 39.323056, 'GeoLong': -82.105556}","[{'PeriodID': 117894, 'GameID': 71062, 'Number': 1, 'Name': '1', 'Type': 'Half', 'AwayScore': 63, 'HomeScore': 50}, {'PeriodID': 117933, 'GameID': 71062, 'Number': 2, 'Name': '2', 'Type': 'Half', 'AwayScore': 67, 'HomeScore': 75}]"
34,71063,2026,1,Final,2025-11-19T00:00:00,2025-11-19T22:00:00,CAMP,WEBST,90,69,145.0,156.0,2025-11-20T00:30:06,F,0.0,0.0,-2.6,272.9,178.0,-219.0,60071063,60000090,60000069,,,,,,,,,,,Scrambled,True,2025-11-20T00:14:30,1205.0,1203.0,,,ESPN+,False,-195.0,-185.0,-190.0,-190.0,2025-11-20T03:00:00,2224.0,"{'StadiumID': 344, 'Active': True, 'Name': 'Dee Events Center', 'Address': None, 'City': 'Ogden', 'State': 'UT', 'Zip': None, 'Country': None, 'Capacity': 11500, 'GeoLat': 41.1825, 'GeoLong': -111.945}","[{'PeriodID': 117960, 'GameID': 71063, 'Number': 1, 'Name': '1', 'Type': 'Half', 'AwayScore': 63, 'HomeScore': 77}, {'PeriodID': 117968, 'GameID': 71063, 'Number': 2, 'Name': '2', 'Type': 'Half', 'AwayScore': 82, 'HomeScore': 79}]"
35,71064,2026,1,Final,2025-11-19T00:00:00,2025-11-19T19:00:00,LOUTCH,INDST,137,207,87.0,103.0,2025-11-20T00:30:06,F,0.0,0.0,-6.0,253.2,240.0,-291.0,60071064,60000137,60000207,,,,,,,,,,,Scrambled,True,2025-11-19T20:56:39,1163.0,1162.0,,,ESPN+,False,-188.0,-192.0,-192.0,-192.0,2025-11-20T00:00:00,4442.0,"{'StadiumID': 273, 'Active': True, 'Name': 'Hulman Center', 'Address': None, 'City': 'Terre Haute', 'State': 'IN', 'Zip': None, 'Country': None, 'Capacity': 10200, 'GeoLat': 39.468333, 'GeoLong': -87.405}","[{'PeriodID': 117886, 'GameID': 71064, 'Number': 1, 'Name': '1', 'Type': 'Half', 'AwayScore': 43, 'HomeScore': 51}, {'PeriodID': 117914, 'GameID': 71064, 'Number': 2, 'Name': '2', 'Type': 'Half', 'AwayScore': 44, 'HomeScore': 51}]"
36,71065,2026,1,Final,2025-11-19T00:00:00,2025-11-19T19:00:00,HOFST,TEMPL,128,2,130.0,139.0,2025-11-20T00:30:06,F,0.0,0.0,-9.4,249.0,332.0,-416.0,60071065,60000128,60000002,,,,,,,,,,,Scrambled,True,2025-11-19T21:12:59,1157.0,1155.0,,,ESPN+,False,-193.0,-186.0,-192.0,-188.0,2025-11-20T00:00:00,2442.0,"{'StadiumID': 45, 'Active': True, 'Name': 'Liacouras Center', 'Address': None, 'City': 'Philadelphia', 'State': 'PA', 'Zip': None, 'Country': None, 'Capacity': 10206, 'GeoLat': 39.979722, 'GeoLong': -75.158611}","[{'PeriodID': 117887, 'GameID': 71065, 'Number': 1, 'Name': '1', 'Type': 'Half', 'AwayScore': 53, 'HomeScore': 56}, {'PeriodID': 117932, 'GameID': 71065, 'Number': 2, 'Name': '2', 'Type': 'Half', 'AwayScore': 77, 'HomeScore': 82}]"
37,71066,2026,1,Final,2025-11-19T00:00:00,2025-11-19T19:00:00,TENTCH,SCUP,234,43,151.0,144.0,2025-11-20T00:30:06,F,0.0,0.0,-4.3,257.5,197.0,-240.0,60071066,60000234,60000043,,,,,,,,,,,Scrambled,True,2025-11-19T21:09:41,524565.0,524564.0,,,ESPN+,False,-195.0,-185.0,-193.0,-190.0,2025-11-20T00:00:00,471.0,"{'StadiumID': 303, 'Active': True, 'Name': 'Hodge Center', 'Address': None, 'City': 'Spartanburg', 'State': 'SC', 'Zip': None, 'Country': None, 'Capacity': 837, 'GeoLat': 34.996696, 'GeoLong': -81.968774}","[{'PeriodID': 117880, 'GameID': 71066, 'Number': 1, 'Name': '1', 'Type': 'Half', 'AwayScore': 70, 'HomeScore': 70}, {'PeriodID': 117930, 'GameID': 71066, 'Number': 2, 'Name': '2', 'Type': 'Half', 'AwayScore': 80, 'HomeScore': 74}]"
38,71067,2026,1,Final,2025-11-19T00:00:00,2025-11-19T20:00:00,MASLOW,BRADLY,16,210,132.0,149.0,2025-11-20T00:30:06,F,0.0,0.0,-36.8,255.8,2720.0,-9730.0,60071067,60000016,60000210,,,,,,,,,,,Scrambled,True,2025-11-19T22:07:55,524575.0,524574.0,,,ESPN+,False,-190.0,-190.0,-193.0,-186.0,2025-11-20T01:00:00,4932.0,"{'StadiumID': 149, 'Active': True, 'Name': 'Carver Arena', 'Address': None, 'City': 'Peoria', 'State': 'IL', 'Zip': None, 'Country': None, 'Capacity': 11060, 'GeoLat': 41.663611, 'GeoLong': -91.554444}","[{'PeriodID': 117920, 'GameID': 71067, 'Number': 1, 'Name': '1', 'Type': 'Half', 'AwayScore': 74, 'HomeScore': 65}, {'PeriodID': 117950, 'GameID': 71067, 'Number': 2, 'Name': '2', 'Type': 'Half', 'AwayScore': 58, 'HomeScore': 84}]"
39,71068,2026,1,Final,2025-11-19T00:00:00,2025-11-19T19:30:00,NCASHE,WCAR,80,287,125.0,137.0,2025-11-20T00:30:06,F,0.0,0.0,4.4,260.9,-221.0,181.0,60071068,60000080,60000287,,,,,,,,,,,Scrambled,True,2025-11-19T22:05:50,524572.0,524570.0,,,ESPN+,False,-192.0,-185.0,-185.0,-193.0,2025-11-20T00:30:00,2387.0,"{'StadiumID': 146, 'Active': True, 'Name': 'Ramsey Center', 'Address': None, 'City': 'Cullowhee', 'State': 'NC', 'Zip': None, 'Country': None, 'Capacity': 7826, 'GeoLat': 35.303752, 'GeoLong': -83.18234}","[{'PeriodID': 117908, 'GameID': 71068, 'Number': 1, 'Name': '1', 'Type': 'Half', 'AwayScore': 65, 'HomeScore': 70}, {'PeriodID': 117943, 'GameID': 71068, 'Number': 2, 'Name': '2', 'Type': 'Half', 'AwayScore': 60, 'HomeScore': 67}]"
40,71069,2026,1,Final,2025-11-19T00:00:00,2025-11-19T20:00:00,UCIRV,UTAHV,116,348,123.0,135.0,2025-11-20T00:30:06,F,0.0,0.0,-4.3,255.8,204.0,-246.0,60071069,60000116,60000348,,,,,,,,,,,Scrambled,True,2025-11-19T22:06:35,1194.0,1193.0,,,ESPN+,False,-188.0,-190.0,-195.0,-185.0,2025-11-20T01:00:00,1374.0,"{'StadiumID': 276, 'Active': True, 'Name': 'UCCU Center', 'Address': None, 'City': 'Orem', 'State': 'UT', 'Zip': None, 'Country': None, 'Capacity': 7500, 'GeoLat': 40.278724, 'GeoLong': -111.716956}","[{'PeriodID': 117915, 'GameID': 71069, 'Number': 1, 'Name': '1', 'Type': 'Half', 'AwayScore': 46, 'HomeScore': 53}, {'PeriodID': 117948, 'GameID': 71069, 'Number': 2, 'Name': '2', 'Type': 'Half', 'AwayScore': 77, 'HomeScore': 82}]"
41,71070,2026,1,Final,2025-11-19T00:00:00,2025-11-19T22:00:00,EVER,PORTST,905,76,104.0,154.0,2025-11-20T00:30:06,F,0.0,0.0,,,,,60071070,60000905,60000076,,,,,,,,,,,Scrambled,True,2025-11-19T23:44:27,,,,,ESPN+,False,,,,,2025-11-20T03:00:00,450.0,"{'StadiumID': 174, 'Active': True, 'Name': 'Viking Pavilion', 'Address': None, 'City': 'Portland', 'State': 'OR', 'Zip': None, 'Country': None, 'Capacity': 3094, 'GeoLat': 45.510987, 'GeoLong': -122.687471}","[{'PeriodID': 117961, 'GameID': 71070, 'Number': 1, 'Name': '1', 'Type': 'Half', 'AwayScore': 46, 'HomeScore': 68}, {'PeriodID': 117966, 'GameID': 71070, 'Number': 2, 'Name': '2', 'Type': 'Half', 'AwayScore': 58, 'HomeScore': 86}]"
42,71635,2026,1,Final,2025-11-19T00:00:00,2025-11-19T19:00:00,SALA,JAXST,330,238,121.0,111.0,2025-11-20T00:30:06,F,0.0,0.0,-4.3,231.8,207.0,-252.0,60071635,60000330,60000238,,,,,,,,,,,Scrambled,True,2025-11-19T20:56:39,1143.0,1141.0,,,ESPN+,False,-190.0,-188.0,-186.0,-192.0,2025-11-20T00:00:00,2366.0,"{'StadiumID': 391, 'Active': True, 'Name': 'Pete Mathews Coliseum', 'Address': None, 'City': 'Jacksonville', 'State': 'AL', 'Zip': None, 'Country': None, 'Capacity': 3500, 'GeoLat': 33.824, 'GeoLong': -85.773}","[{'PeriodID': 117888, 'GameID': 71635, 'Number': 1, 'Name': '1', 'Type': 'Half', 'AwayScore': 43, 'HomeScore': 53}, {'PeriodID': 117919, 'GameID': 71635, 'Number': 2, 'Name': '2', 'Type': 'Half', 'AwayScore': 79, 'HomeScore': 58}]"
43,71636,2026,1,Final,2025-11-19T00:00:00,2025-11-19T21:00:00,THOMAS,UTEP,934,139,142.0,144.0,2025-11-20T00:30:06,F,0.0,0.0,,,,,60071636,60000934,60000139,,,,,,,,,,,Scrambled,True,2025-11-19T23:27:38,,,,,ESPN+,False,,,,,2025-11-20T02:00:00,3202.0,"{'StadiumID': 313, 'Active': True, 'Name': 'Don Haskins Center', 'Address': None, 'City': 'El Paso', 'State': 'TX', 'Zip': None, 'Country': None, 'Capacity': 12000, 'GeoLat': 31.777608, 'GeoLong': -106.505718}","[{'PeriodID': 117946, 'GameID': 71636, 'Number': 1, 'Name': '1', 'Type': 'Half', 'AwayScore': 70, 'HomeScore': 51}, {'PeriodID': 117962, 'GameID': 71636, 'Number': 2, 'Name': '2', 'Type': 'Half', 'AwayScore': 53, 'HomeScore': 72}, {'PeriodID': 117970, 'GameID': 71636, 'Number': 3, 'Name': 'OT', 'Type': 'Overtime', 'AwayScore': 19, 'HomeScore': 21}]"
44,72065,2026,1,Final,2025-11-19T00:00:00,2025-11-19T22:00:00,ARKST,STMRY,327,335,123.0,145.0,2025-11-20T00:30:06,F,0.0,0.0,-35.9,254.9,2512.0,-7251.0,60072065,60000327,60000335,,,,,,,,,,,Scrambled,True,2025-11-20T00:11:05,1201.0,1199.0,,,ESPN+,False,-193.0,-188.0,-188.0,-193.0,2025-11-20T03:00:00,3087.0,"{'StadiumID': 96, 'Active': True, 'Name': 'University Credit Union Pavilion', 'Address': ""1928 Saint Mary's Road"", 'City': 'Moraga', 'State': 'CA', 'Zip': '94575', 'Country': 'USA', 'Capacity': 3500, 'GeoLat': 37.841247, 'GeoLong': -122.106409}","[{'PeriodID': 117958, 'GameID': 72065, 'Number': 1, 'Name': '1', 'Type': 'Half', 'AwayScore': 67, 'HomeScore': 80}, {'PeriodID': 117969, 'GameID': 72065, 'Number': 2, 'Name': '2', 'Type': 'Half', 'AwayScore': 56, 'HomeScore': 65}]"
45,72066,2026,1,Final,2025-11-19T00:00:00,2025-11-19T19:00:00,NGVILL,CITA,711,288,98.0,120.0,2025-11-20T00:30:06,F,0.0,0.0,,,,,60072066,60000711,60000288,,,,,,,,,,,Scrambled,True,2025-11-19T20:56:29,,,,,ESPN+,False,,,,,2025-11-20T00:00:00,1219.0,"{'StadiumID': 291, 'Active': True, 'Name': 'McAlister Field House', 'Address': None, 'City': 'Charleston', 'State': 'SC', 'Zip': None, 'Country': None, 'Capacity': 6000, 'GeoLat': 32.798508, 'GeoLong': -79.962573}","[{'PeriodID': 117890, 'GameID': 72066, 'Number': 1, 'Name': '1', 'Type': 'Half', 'AwayScore': 39, 'HomeScore': 60}, {'PeriodID': 117924, 'GameID': 72066, 'Number': 2, 'Name': '2', 'Type': 'Half', 'AwayScore': 58, 'HomeScore': 60}]"
46,72067,2026,1,Final,2025-11-19T00:00:00,2025-11-19T19:00:00,CHAT,SCARST,281,190,133.0,113.0,2025-11-20T00:30:06,F,0.0,0.0,19.7,264.3,-1353.0,890.0,60072067,60000281,60000190,,,,,,,,,,,Scrambled,True,2025-11-19T21:21:02,524558.0,524557.0,,,,False,-192.0,-190.0,-188.0,-190.0,2025-11-20T00:00:00,200.0,"{'StadiumID': 418, 'Active': True, 'Name': 'S-H-M Memorial Center', 'Address': None, 'City': 'Orangeburg', 'State': 'SC', 'Zip': None, 'Country': None, 'Capacity': 3200, 'GeoLat': 33.500979, 'GeoLong': -80.846522}","[{'PeriodID': 117892, 'GameID': 72067, 'Number': 1, 'Name': '1', 'Type': 'Half', 'AwayScore': 55, 'HomeScore': 39}, {'PeriodID': 117938, 'GameID': 72067, 'Number': 2, 'Name': '2', 'Type': 'Half', 'AwayScore': 79, 'HomeScore': 74}]"
47,72068,2026,1,Final,2025-11-19T00:00:00,2025-11-19T20:00:00,JTOWN,NDKST,1200,318,115.0,140.0,2025-11-20T00:30:06,F,0.0,0.0,,,,,60072068,60001200,60000318,,,,,,,,,,,Scrambled,True,2025-11-19T21:45:46,,,,,Summ,False,,,,,2025-11-20T01:00:00,854.0,"{'StadiumID': 178, 'Active': True, 'Name': 'Scheels Center', 'Address': None, 'City': 'Fargo', 'State': 'ND', 'Zip': None, 'Country': None, 'Capacity': 5644, 'GeoLat': 46.900442, 'GeoLong': -96.799025}","[{'PeriodID': 117925, 'GameID': 72068, 'Number': 1, 'Name': '1', 'Type': 'Half', 'AwayScore': 62, 'HomeScore': 70}, {'PeriodID': 117944, 'GameID': 72068, 'Number': 2, 'Name': '2', 'Type': 'Half', 'AwayScore': 53, 'HomeScore': 70}]"
48,72317,2026,1,Final,2025-11-19T00:00:00,2025-11-19T20:00:00,CONCNE,NEOM,728,316,137.0,164.0,2025-11-20T00:30:06,F,0.0,0.0,,,,,60072317,60000728,60000316,,,,,,,,,,,Scrambled,True,2025-11-19T21:56:13,,,,,Summ,False,,,,,2025-11-20T01:00:00,2139.0,"{'StadiumID': 217, 'Active': True, 'Name': 'Baxter Arena', 'Address': None, 'City': 'Omaha', 'State': 'NE', 'Zip': None, 'Country': None, 'Capacity': 7898, 'GeoLat': 41.236172, 'GeoLong': -96.01294}","[{'PeriodID': 117927, 'GameID': 72317, 'Number': 1, 'Name': '1', 'Type': 'Half', 'AwayScore': 75, 'HomeScore': 77}, {'PeriodID': 117951, 'GameID': 72317, 'Number': 2, 'Name': '2', 'Type': 'Half', 'AwayScore': 62, 'HomeScore': 87}]"
49,72499,2026,1,Final,2025-11-19T00:00:00,2025-11-19T19:30:00,DALCHR,TXAMC,752,392,75.0,197.0,2025-11-20T00:30:06,F,0.0,0.0,,,,,60072499,60000752,60000392,,,,,,,,,,,Scrambled,True,2025-11-19T21:11:22,,,,,ESPN+,False,,,,,2025-11-20T00:30:00,374.0,"{'StadiumID': 554, 'Active': True, 'Name': 'The Field House', 'Address': None, 'City': 'Commerce', 'State': 'TX', 'Zip': None, 'Country': None, 'Capacity': 3055, 'GeoLat': None, 'GeoLong': None}","[{'PeriodID': 117900, 'GameID': 72499, 'Number': 1, 'Name': '1', 'Type': 'Half', 'AwayScore': 33, 'HomeScore': 91}, {'PeriodID': 117936, 'GameID': 72499, 'Number': 2, 'Name': '2', 'Type': 'Half', 'AwayScore': 43, 'HomeScore': 106}]"
0,67365,2026,1,Final,2025-11-18T00:00:00,2025-11-18T21:00:00,NO,PEPP,297,337,126.0,144.0,2025-11-19T02:00:53,F,0.0,0.0,-8.8,252.2,281.0,-343.0,60067365,60000297,60000337,,,,,,,,,,,Scrambled,True,2025-11-18T23:09:29,489247.0,489246.0,,,ESPN+,False,-176.0,-176.0,-180.0,-176.0,2025-11-19T02:00:00,489.0,"{'StadiumID': 287, 'Active': True, 'Name': 'Firestone Fieldhouse', 'Address': None, 'City': 'Malibu', 'State': 'CA', 'Zip': None, 'Country': None, 'Capacity': 3104, 'GeoLat': 34.038571, 'GeoLong': -118.709625}","[{'PeriodID': 117823, 'GameID': 67365, 'Number': 1, 'Name': '1', 'Type': 'Half', 'AwayScore': 59, 'HomeScore': 72}, {'PeriodID': 117852, 'GameID': 67365, 'Number': 2, 'Name': '2', 'Type': 'Half', 'AwayScore': 67, 'HomeScore': 72}]"
1,67866,2026,1,Final,2025-11-18T00:00:00,2025-11-18T19:00:00,COLL,FAIRDK,769,224,93.0,160.0,2025-11-19T02:00:53,F,0.0,0.0,,,,,60067866,60000769,60000224,,,,,,,,,,,Scrambled,True,2025-11-18T20:50:31,,,,,,False,,,,,2025-11-19T00:00:00,345.0,"{'StadiumID': 282, 'Active': True, 'Name': 'Bogota Savings Bank Center', 'Address': None, 'City': 'Hackensack', 'State': 'NJ', 'Zip': None, 'Country': None, 'Capacity': 3000, 'GeoLat': 40.8967, 'GeoLong': -74.0324}","[{'PeriodID': 117750, 'GameID': 67866, 'Number': 1, 'Name': '1', 'Type': 'Half', 'AwayScore': 43, 'HomeScore': 72}, {'PeriodID': 117786, 'GameID': 67866, 'Number': 2, 'Name': '2', 'Type': 'Half', 'AwayScore': 49, 'HomeScore': 88}]"
2,68171,2026,1,Final,2025-11-18T00:00:00,2025-11-18T19:00:00,HOLY,BROWN,264,163,78.0,109.0,2025-11-19T02:00:53,F,0.0,0.0,-4.8,225.0,203.0,-246.0,60068171,60000264,60000163,,,,,,,,,,,Scrambled,True,2025-11-18T20:53:53,489200.0,489198.0,,,ESPN+,False,-180.0,-176.0,-179.0,-179.0,2025-11-19T00:00:00,407.0,"{'StadiumID': 285, 'Active': True, 'Name': 'Pizzitola Sports Center', 'Address': None, 'City': 'Providence', 'State': 'RI', 'Zip': None, 'Country': None, 'Capacity': 2800, 'GeoLat': 41.831743, 'GeoLong': -71.398043}","[{'PeriodID': 117752, 'GameID': 68171, 'Number': 1, 'Name': '1', 'Type': 'Half', 'AwayScore': 34, 'HomeScore': 59}, {'PeriodID': 117794, 'GameID': 68171, 'Number': 2, 'Name': '2', 'Type': 'Half', 'AwayScore': 45, 'HomeScore': 49}]"
3,68172,2026,1,Final,2025-11-18T00:00:00,2025-11-18T21:00:00,RIDER,TX,173,109,104.0,158.0,2025-11-19T02:00:53,F,0.0,0.0,-48.7,229.0,7447.0,-119700.0,60068172,60000173,60000109,,,,,,,,,,,Scrambled,True,2025-11-18T23:00:56,1021.0,1020.0,,,SECN,False,-177.0,-176.0,-176.0,-176.0,2025-11-19T02:00:00,10641.0,"{'StadiumID': 544, 'Active': True, 'Name': 'Moody Center', 'Address': None, 'City': 'Austin', 'State': 'TX', 'Zip': None, 'Country': None, 'Capacity': 10763, 'GeoLat': None, 'GeoLong': None}","[{'PeriodID': 117818, 'GameID': 68172, 'Number': 1, 'Name': '1', 'Type': 'Half', 'AwayScore': 45, 'HomeScore': 70}, {'PeriodID': 117848, 'GameID': 68172, 'Number': 2, 'Name': '2', 'Type': 'Half', 'AwayScore': 59, 'HomeScore': 88}]"
4,68173,2026,1,Final,2025-11-18T00:00:00,2025-11-18T19:00:00,STFPA,LEHI,225,260,99.0,126.0,2025-11-19T02:00:53,F,0.0,0.0,-16.8,241.0,666.0,-946.0,60068173,60000225,60000260,,,,,,,,,,,Scrambled,True,2025-11-18T20:55:16,489196.0,489195.0,,,ESPN+,False,-174.0,-180.0,-180.0,-176.0,2025-11-19T00:00:00,572.0,"{'StadiumID': 196, 'Active': True, 'Name': 'Stabler Arena', 'Address': None, 'City': 'Bethlehem', 'State': 'PA', 'Zip': None, 'Country': None, 'Capacity': 5600, 'GeoLat': 40.584444, 'GeoLong': -75.356944}","[{'PeriodID': 117756, 'GameID': 68173, 'Number': 1, 'Name': '1', 'Type': 'Half', 'AwayScore': 51, 'HomeScore': 69}, {'PeriodID': 117789, 'GameID': 68173, 'Number': 2, 'Name': '2', 'Type': 'Half', 'AwayScore': 48, 'HomeScore': 57}]"
5,68320,2026,1,Final,2025-11-18T00:00:00,2025-11-18T19:00:00,NCAT,MORGST,196,199,126.0,117.0,2025-11-19T02:00:53,F,0.0,0.0,6.4,257.8,-222.0,184.0,60068320,60000196,60000199,,,,,,,,,,,Scrambled,True,2025-11-18T21:28:42,489187.0,489185.0,,,ESPN+,False,-176.0,-176.0,-176.0,-176.0,2025-11-19T00:00:00,2496.0,"{'StadiumID': 237, 'Active': True, 'Name': 'Hill Field House', 'Address': None, 'City': 'Baltimore', 'State': 'MD', 'Zip': None, 'Country': None, 'Capacity': 4250, 'GeoLat': 39.3425, 'GeoLong': -76.585}","[{'PeriodID': 117763, 'GameID': 68320, 'Number': 1, 'Name': '1', 'Type': 'Half', 'AwayScore': 72, 'HomeScore': 61}, {'PeriodID': 117806, 'GameID': 68320, 'Number': 2, 'Name': '2', 'Type': 'Half', 'AwayScore': 54, 'HomeScore': 56}]"
6,68487,2026,1,Final,2025-11-18T00:00:00,2025-11-18T22:30:00,SACST,UCLA,77,253,77.0,126.0,2025-11-19T02:00:53,F,0.0,0.0,-43.9,233.8,4681.0,-23940.0,60068487,60000077,60000253,,,,,,,,,,,Scrambled,True,2025-11-19T00:48:39,1047.0,1045.0,,,BTN,False,-177.0,-177.0,-172.0,-180.0,2025-11-19T03:30:00,4735.0,"{'StadiumID': 109, 'Active': True, 'Name': 'Pauley Pavilion', 'Address': None, 'City': 'Los Angeles', 'State': 'CA', 'Zip': None, 'Country': None, 'Capacity': 13800, 'GeoLat': 34.070211, 'GeoLong': -118.446775}","[{'PeriodID': 117856, 'GameID': 68487, 'Number': 1, 'Name': '1', 'Type': 'Half', 'AwayScore': 27, 'HomeScore': 67}, {'PeriodID': 117865, 'GameID': 68487, 'Number': 2, 'Name': '2', 'Type': 'Half', 'AwayScore': 49, 'HomeScore': 59}]"
7,68539,2026,1,Final,2025-11-18T00:00:00,2025-11-18T19:00:00,NAVY,NCAR,258,21,97.0,117.0,2025-11-19T02:00:53,F,0.0,0.0,-41.5,256.2,3625.0,-15960.0,60068539,60000258,60000021,,,,,,,,,,,Scrambled,True,2025-11-18T21:03:16,489212.0,489211.0,,,ACCN,False,-180.0,-176.0,-179.0,-174.0,2025-11-19T00:00:00,16869.0,"{'StadiumID': 185, 'Active': True, 'Name': 'Dean E. Smith Center', 'Address': None, 'City': 'Chapel Hill', 'State': 'NC', 'Zip': None, 'Country': None, 'Capacity': 21750, 'GeoLat': 35.899722, 'GeoLong': -79.043889}","[{'PeriodID': 117735, 'GameID': 68539, 'Number': 1, 'Name': '1', 'Type': 'Half', 'AwayScore': 49, 'HomeScore': 61}, {'PeriodID': 117799, 'GameID': 68539, 'Number': 2, 'Name': '2', 'Type': 'Half', 'AwayScore': 48, 'HomeScore': 56}]"
8,68540,2026,1,Final,2025-11-18T00:00:00,2025-11-18T21:00:00,DUKE,KAN,26,106,124.0,105.0,2025-11-19T02:00:53,F,0.0,0.0,17.6,236.2,-1093.0,760.0,60068540,60000026,60000106,,,,,,,,,,,Scrambled,True,2025-11-18T23:11:21,1013.0,1015.0,,,ESPN,True,-174.0,-182.0,-179.0,-176.0,2025-11-19T02:00:00,19327.0,"{'StadiumID': 219, 'Active': True, 'Name': 'Madison Square Garden', 'Address': None, 'City': 'New York', 'State': 'NY', 'Zip': None, 'Country': None, 'Capacity': 19812, 'GeoLat': 40.750556, 'GeoLong': -73.993611}","[{'PeriodID': 117834, 'GameID': 68540, 'Number': 1, 'Name': '1', 'Type': 'Half', 'AwayScore': 65, 'HomeScore': 53}, {'PeriodID': 117854, 'GameID': 68540, 'Number': 2, 'Name': '2', 'Type': 'Half', 'AwayScore': 59, 'HomeScore': 53}]"
9,68541,2026,1,Final,2025-11-18T00:00:00,2025-11-18T22:00:00,PRESB,CAH,89,251,91.0,107.0,2025-11-19T02:00:53,F,0.0,0.0,-31.9,230.6,2204.0,-6344.0,60068541,60000089,60000251,,,,,,,,,,,Scrambled,True,2025-11-19T00:00:29,489260.0,489259.0,,,ACC,False,-176.0,-180.0,-179.0,-176.0,2025-11-19T03:00:00,1894.0,"{'StadiumID': 210, 'Active': True, 'Name': 'Haas Pavilion', 'Address': None, 'City': 'Berkeley', 'State': 'CA', 'Zip': None, 'Country': None, 'Capacity': 11858, 'GeoLat': 37.8694, 'GeoLong': -122.262}","[{'PeriodID': 117842, 'GameID': 68541, 'Number': 1, 'Name': '1', 'Type': 'Half', 'AwayScore': 46, 'HomeScore': 49}, {'PeriodID': 117859, 'GameID': 68541, 'Number': 2, 'Name': '2', 'Type': 'Half', 'AwayScore': 45, 'HomeScore': 57}]"
10,68542,2026,1,Final,2025-11-18T00:00:00,2025-11-18T19:00:00,HAMP,BOSCOL,189,35,83.0,101.0,2025-11-19T02:00:53,F,0.0,0.0,-19.2,216.3,932.0,-1459.0,60068542,60000189,60000035,,,,,,,,,,,Scrambled,True,2025-11-18T21:00:28,974.0,972.0,,,ACC,False,-174.0,-180.0,-176.0,-176.0,2025-11-19T00:00:00,3751.0,"{'StadiumID': 30, 'Active': True, 'Name': 'Silvio Conte Forum', 'Address': None, 'City': 'Chestnut Hill', 'State': 'MA', 'Zip': None, 'Country': None, 'Capacity': 8606, 'GeoLat': 42.335, 'GeoLong': -71.1675}","[{'PeriodID': 117739, 'GameID': 68542, 'Number': 1, 'Name': '1', 'Type': 'Half', 'AwayScore': 41, 'HomeScore': 59}, {'PeriodID': 117791, 'GameID': 68542, 'Number': 2, 'Name': '2', 'Type': 'Half', 'AwayScore': 41, 'HomeScore': 41}]"
11,68543,2026,1,Final,2025-11-18T00:00:00,2025-11-18T20:00:00,RI,YALE,50,158,137.0,123.0,2025-11-19T02:00:53,F,0.0,0.0,-13.6,244.2,496.0,-646.0,60068543,60000050,60000158,,,,,,,,,,,Scrambled,True,2025-11-18T21:56:43,999.0,998.0,,,ESPN+,False,-172.0,-179.0,-180.0,-176.0,2025-11-19T01:00:00,942.0,"{'StadiumID': 355, 'Active': True, 'Name': 'John J. Lee Amphitheater', 'Address': None, 'City': 'New Haven', 'State': 'CT', 'Zip': None, 'Country': None, 'Capacity': 2800, 'GeoLat': 41.31345, 'GeoLong': -72.93088}","[{'PeriodID': 117779, 'GameID': 68543, 'Number': 1, 'Name': '1', 'Type': 'Half', 'AwayScore': 64, 'HomeScore': 73}, {'PeriodID': 117820, 'GameID': 68543, 'Number': 2, 'Name': '2', 'Type': 'Half', 'AwayScore': 73, 'HomeScore': 49}]"
12,68763,2026,1,Final,2025-11-18T00:00:00,2025-11-18T21:00:00,MONM,SYRA,166,30,117.0,124.0,2025-11-19T02:00:53,F,0.0,0.0,-34.3,233.0,2681.0,-8874.0,60068763,60000166,60000030,,,,,,,,,,,Scrambled,True,2025-11-18T23:20:18,1018.0,1017.0,,,ACCN,False,-174.0,-177.0,-179.0,-179.0,2025-11-19T02:00:00,18515.0,"{'StadiumID': 10, 'Active': True, 'Name': 'JMA Wireless Dome', 'Address': None, 'City': 'Syracuse', 'State': 'NY', 'Zip': None, 'Country': None, 'Capacity': 35642, 'GeoLat': 43.036111, 'GeoLong': -76.136389}","[{'PeriodID': 117828, 'GameID': 68763, 'Number': 1, 'Name': '1', 'Type': 'Half', 'AwayScore': 53, 'HomeScore': 57}, {'PeriodID': 117853, 'GameID': 68763, 'Number': 2, 'Name': '2', 'Type': 'Half', 'AwayScore': 64, 'HomeScore': 67}]"
13,68764,2026,1,Final,2025-11-18T00:00:00,2025-11-18T20:00:00,ARPB,SMU,310,1,96.0,169.0,2025-11-19T02:00:53,F,0.0,0.0,-56.7,268.9,8778.0,-31920.0,60068764,60000310,60000001,,,,,,,,,,,Scrambled,True,2025-11-18T22:00:15,489228.0,489227.0,,,ACC,False,-180.0,-176.0,-177.0,-177.0,2025-11-19T01:00:00,4347.0,"{'StadiumID': 101, 'Active': True, 'Name': 'Moody Coliseum', 'Address': None, 'City': 'Dallas', 'State': 'TX', 'Zip': None, 'Country': None, 'Capacity': 7000, 'GeoLat': 32.840278, 'GeoLong': -96.780556}","[{'PeriodID': 117771, 'GameID': 68764, 'Number': 1, 'Name': '1', 'Type': 'Half', 'AwayScore': 41, 'HomeScore': 72}, {'PeriodID': 117827, 'GameID': 68764, 'Number': 2, 'Name': '2', 'Type': 'Half', 'AwayScore': 54, 'HomeScore': 97}]"
14,68765,2026,1,Final,2025-11-18T00:00:00,2025-11-18T22:00:00,LOULAF,STAN,324,254,105.0,148.0,2025-11-19T02:00:53,F,0.0,0.0,-32.7,223.4,2394.0,-7222.0,60068765,60000324,60000254,,,,,,,,,,,Scrambled,True,2025-11-19T00:11:47,1034.0,1033.0,,,ACC,False,-174.0,-182.0,-177.0,-177.0,2025-11-19T03:00:00,2266.0,"{'StadiumID': 79, 'Active': True, 'Name': 'Maples Pavilion', 'Address': None, 'City': 'Stanford', 'State': 'CA', 'Zip': None, 'Country': None, 'Capacity': 7233, 'GeoLat': 37.4296, 'GeoLong': -122.1605}","[{'PeriodID': 117841, 'GameID': 68765, 'Number': 1, 'Name': '1', 'Type': 'Half', 'AwayScore': 40, 'HomeScore': 64}, {'PeriodID': 117862, 'GameID': 68765, 'Number': 2, 'Name': '2', 'Type': 'Half', 'AwayScore': 65, 'HomeScore': 85}]"
15,68941,2026,1,Final,2025-11-18T00:00:00,2025-11-18T19:00:00,BOSTU,COLMB,259,159,78.0,86.0,2025-11-19T02:00:53,F,0.0,0.0,-9.6,230.6,305.0,-388.0,60068941,60000259,60000159,,,,,,,,,,,Scrambled,True,2025-11-18T20:47:07,489184.0,489182.0,,,ESPN+,False,-176.0,-180.0,-177.0,-177.0,2025-11-19T00:00:00,761.0,"{'StadiumID': 346, 'Active': True, 'Name': 'Levien Gymnasium', 'Address': None, 'City': 'New York', 'State': 'NY', 'Zip': None, 'Country': None, 'Capacity': 2700, 'GeoLat': 40.80979, 'GeoLong': -73.961715}","[{'PeriodID': 117744, 'GameID': 68941, 'Number': 1, 'Name': '1', 'Type': 'Half', 'AwayScore': 32, 'HomeScore': 59}, {'PeriodID': 117767, 'GameID': 68941, 'Number': 2, 'Name': '2', 'Type': 'Half', 'AwayScore': 46, 'HomeScore': 27}]"
16,69096,2026,1,Final,2025-11-18T00:00:00,2025-11-18T21:00:00,IPFW,UTAH,315,248,123.0,136.0,2025-11-19T02:00:53,F,0.0,0.0,-21.5,257.8,1036.0,-1687.0,60069096,60000315,60000248,,,,,,,,,,,Scrambled,True,2025-11-18T22:55:32,1025.0,1023.0,,,ESPN+,False,-180.0,-176.0,-177.0,-176.0,2025-11-19T02:00:00,6163.0,"{'StadiumID': 102, 'Active': True, 'Name': 'Jon M. Huntsman Center', 'Address': None, 'City': 'Salt Lake City', 'State': 'UT', 'Zip': None, 'Country': None, 'Capacity': 15000, 'GeoLat': 40.762, 'GeoLong': -111.839}","[{'PeriodID': 117815, 'GameID': 69096, 'Number': 1, 'Name': '1', 'Type': 'Half', 'AwayScore': 51, 'HomeScore': 67}, {'PeriodID': 117840, 'GameID': 69096, 'Number': 2, 'Name': '2', 'Type': 'Half', 'AwayScore': 72, 'HomeScore': 69}]"
17,69282,2026,1,Final,2025-11-18T00:00:00,2025-11-18T19:00:00,IUPUI,CHSOU,317,88,145.0,164.0,2025-11-19T02:00:53,F,0.0,0.0,3.8,300.8,-188.0,-166.0,60069282,60000317,60000088,,,,,,,,,,,Scrambled,True,2025-11-18T21:17:51,489190.0,489188.0,,,ESPN+,False,-176.0,-179.0,-177.0,-177.0,2025-11-19T00:00:00,875.0,"{'StadiumID': 202, 'Active': True, 'Name': 'Buccaneer Fieldhouse', 'Address': None, 'City': 'Charleston', 'State': 'SC', 'Zip': None, 'Country': None, 'Capacity': 881, 'GeoLat': 32.980822, 'GeoLong': -80.067125}","[{'PeriodID': 117740, 'GameID': 69282, 'Number': 1, 'Name': '1', 'Type': 'Half', 'AwayScore': 65, 'HomeScore': 97}, {'PeriodID': 117796, 'GameID': 69282, 'Number': 2, 'Name': '2', 'Type': 'Half', 'AwayScore': 80, 'HomeScore': 67}]"
18,69283,2026,1,Final,2025-11-18T00:00:00,2025-11-18T19:00:00,ECAR,NCW,9,124,96.0,136.0,2025-11-19T02:00:53,F,0.0,0.0,-10.4,232.2,350.0,-440.0,60069283,60000009,60000124,,,,,,,,,,,Scrambled,True,2025-11-18T21:08:49,980.0,978.0,,,FloC,False,-180.0,-174.0,-180.0,-172.0,2025-11-19T00:00:00,5220.0,"{'StadiumID': 117, 'Active': True, 'Name': 'Trask Coliseum', 'Address': None, 'City': 'Wilmington', 'State': 'NC', 'Zip': None, 'Country': None, 'Capacity': 5200, 'GeoLat': 34.225, 'GeoLong': -77.878333}","[{'PeriodID': 117758, 'GameID': 69283, 'Number': 1, 'Name': '1', 'Type': 'Half', 'AwayScore': 48, 'HomeScore': 67}, {'PeriodID': 117805, 'GameID': 69283, 'Number': 2, 'Name': '2', 'Type': 'Half', 'AwayScore': 48, 'HomeScore': 69}]"
19,69284,2026,1,Final,2025-11-18T00:00:00,2025-11-18T20:00:00,NILL,NIOWA,186,206,91.0,112.0,2025-11-19T02:00:53,F,0.0,0.0,-31.1,234.6,2014.0,-5126.0,60069284,60000186,60000206,,,,,,,,,,,Scrambled,True,2025-11-18T22:04:03,1005.0,1004.0,,,ESPN+,False,-176.0,-179.0,-174.0,-182.0,2025-11-19T01:00:00,3283.0,"{'StadiumID': 397, 'Active': True, 'Name': 'McLeod Center', 'Address': None, 'City': 'Cedar Falls', 'State': 'IA', 'Zip': None, 'Country': None, 'Capacity': 6650, 'GeoLat': 42.51395, 'GeoLong': -92.46714}","[{'PeriodID': 117782, 'GameID': 69284, 'Number': 1, 'Name': '1', 'Type': 'Half', 'AwayScore': 46, 'HomeScore': 51}, {'PeriodID': 117833, 'GameID': 69284, 'Number': 2, 'Name': '2', 'Type': 'Half', 'AwayScore': 45, 'HomeScore': 61}]"
20,69607,2026,1,Final,2025-11-18T00:00:00,2025-11-18T20:00:00,CHIST,MINNST,351,104,86.0,105.0,2025-11-19T02:00:53,F,0.0,0.0,-43.9,230.6,4868.0,-55860.0,60069607,60000351,60000104,,,,,,,,,,,Scrambled,True,2025-11-18T21:54:07,489225.0,489223.0,,,B1G+,False,-174.0,-180.0,-184.0,-168.0,2025-11-19T01:00:00,6774.0,"{'StadiumID': 59, 'Active': True, 'Name': 'Williams Arena', 'Address': None, 'City': 'Minneapolis', 'State': 'MN', 'Zip': None, 'Country': None, 'Capacity': 14625, 'GeoLat': 44.976944, 'GeoLong': -93.228333}","[{'PeriodID': 117777, 'GameID': 69607, 'Number': 1, 'Name': '1', 'Type': 'Half', 'AwayScore': 38, 'HomeScore': 49}, {'PeriodID': 117817, 'GameID': 69607, 'Number': 2, 'Name': '2', 'Type': 'Half', 'AwayScore': 48, 'HomeScore': 56}]"
21,69813,2026,1,Final,2025-11-18T00:00:00,2025-11-18T19:00:00,OLD,XAV,138,59,110.0,158.0,2025-11-19T02:00:53,F,0.0,0.0,-16.8,239.4,632.0,-873.0,60069813,60000138,60000059,,,,,,,,,,,Scrambled,True,2025-11-18T21:02:59,970.0,969.0,,,ESPN+,False,-177.0,-176.0,-176.0,-180.0,2025-11-19T00:00:00,9326.0,"{'StadiumID': 66, 'Active': True, 'Name': 'Cintas Center', 'Address': None, 'City': 'Cincinnati', 'State': 'OH', 'Zip': None, 'Country': None, 'Capacity': 10224, 'GeoLat': 39.150148, 'GeoLong': -84.471881}","[{'PeriodID': 117749, 'GameID': 69813, 'Number': 1, 'Name': '1', 'Type': 'Half', 'AwayScore': 46, 'HomeScore': 81}, {'PeriodID': 117798, 'GameID': 69813, 'Number': 2, 'Name': '2', 'Type': 'Half', 'AwayScore': 64, 'HomeScore': 77}]"
22,69814,2026,1,Final,2025-11-18T00:00:00,2025-11-18T22:00:00,IDHST,SANCLR,72,341,88.0,102.0,2025-11-19T02:00:53,F,0.0,0.0,-24.7,225.8,1529.0,-3074.0,60069814,60000072,60000341,,,,,,,,,,,Scrambled,True,2025-11-18T23:53:28,1041.0,1039.0,,,ESPN+,False,-182.0,-172.0,-179.0,-174.0,2025-11-19T03:00:00,1071.0,"{'StadiumID': 139, 'Active': True, 'Name': 'Leavey Center', 'Address': None, 'City': 'Santa Clara', 'State': 'CA', 'Zip': None, 'Country': None, 'Capacity': 4200, 'GeoLat': 37.349111, 'GeoLong': -121.935303}","[{'PeriodID': 117843, 'GameID': 69814, 'Number': 1, 'Name': '1', 'Type': 'Half', 'AwayScore': 35, 'HomeScore': 48}, {'PeriodID': 117858, 'GameID': 69814, 'Number': 2, 'Name': '2', 'Type': 'Half', 'AwayScore': 53, 'HomeScore': 54}]"
23,69815,2026,1,Final,2025-11-18T00:00:00,2025-11-18T18:30:00,VERM,BUF,15,179,144.0,150.0,2025-11-19T02:00:53,F,0.0,0.0,5.1,225.8,-217.0,177.0,60069815,60000015,60000179,,,,,,,,,,,Scrambled,True,2025-11-18T20:48:43,489180.0,489179.0,,,ESPN+,False,-177.0,-179.0,-177.0,-179.0,2025-11-18T23:30:00,1466.0,"{'StadiumID': 16, 'Active': True, 'Name': 'Alumni Arena', 'Address': None, 'City': 'Buffalo', 'State': 'NY', 'Zip': None, 'Country': None, 'Capacity': 6783, 'GeoLat': 43.0, 'GeoLong': -78.781111}","[{'PeriodID': 117733, 'GameID': 69815, 'Number': 1, 'Name': '1', 'Type': 'Half', 'AwayScore': 69, 'HomeScore': 64}, {'PeriodID': 117766, 'GameID': 69815, 'Number': 2, 'Name': '2', 'Type': 'Half', 'AwayScore': 75, 'HomeScore': 86}]"
24,69816,2026,1,Final,2025-11-18T00:00:00,2025-11-18T19:00:00,EMICH,DET,187,153,115.0,99.0,2025-11-19T02:00:53,F,0.0,0.0,-2.4,251.4,163.0,-198.0,60069816,60000187,60000153,,,,,,,,,,,Scrambled,True,2025-11-18T21:07:24,986.0,985.0,,,ESPN+,False,-179.0,-176.0,-180.0,-172.0,2025-11-19T00:00:00,1839.0,"{'StadiumID': 304, 'Active': True, 'Name': 'Calihan Hall', 'Address': None, 'City': 'Detroit', 'State': 'MI', 'Zip': None, 'Country': None, 'Capacity': 8295, 'GeoLat': 42.414167, 'GeoLong': -83.135833}","[{'PeriodID': 117754, 'GameID': 69816, 'Number': 1, 'Name': '1', 'Type': 'Half', 'AwayScore': 48, 'HomeScore': 62}, {'PeriodID': 117800, 'GameID': 69816, 'Number': 2, 'Name': '2', 'Type': 'Half', 'AwayScore': 67, 'HomeScore': 37}]"
25,69817,2026,1,Final,2025-11-18T00:00:00,2025-11-18T19:30:00,BTHTN,WKENT,753,144,107.0,155.0,2025-11-19T02:00:53,F,0.0,0.0,,,,,60069817,60000753,60000144,,,,,,,,,,,Scrambled,True,2025-11-18T21:31:37,,,,,ESPN+,False,,,,,2025-11-19T00:30:00,2523.0,"{'StadiumID': 165, 'Active': True, 'Name': 'E. A. Diddle Arena', 'Address': None, 'City': 'Bowling Green', 'State': 'KY', 'Zip': None, 'Country': None, 'Capacity': 7523, 'GeoLat': 36.985833, 'GeoLong': -86.4575}","[{'PeriodID': 117762, 'GameID': 69817, 'Number': 1, 'Name': '1', 'Type': 'Half', 'AwayScore': 41, 'HomeScore': 70}, {'PeriodID': 117809, 'GameID': 69817, 'Number': 2, 'Name': '2', 'Type': 'Half', 'AwayScore': 65, 'HomeScore': 85}]"
26,69818,2026,1,Final,2025-11-18T00:00:00,2025-11-18T19:00:00,JAX,GMSN,37,56,91.0,126.0,2025-11-19T02:00:53,F,0.0,0.0,-26.3,217.9,1639.0,-3546.0,60069818,60000037,60000056,,,,,,,,,,,Scrambled,True,2025-11-18T21:05:04,489203.0,489201.0,,,ESPN+,False,-176.0,-176.0,-177.0,-176.0,2025-11-19T00:00:00,2578.0,"{'StadiumID': 121, 'Active': True, 'Name': 'EagleBank Arena', 'Address': None, 'City': 'Fairfax', 'State': 'VA', 'Zip': None, 'Country': None, 'Capacity': 7860, 'GeoLat': 38.827, 'GeoLong': -77.31}","[{'PeriodID': 117746, 'GameID': 69818, 'Number': 1, 'Name': '1', 'Type': 'Half', 'AwayScore': 35, 'HomeScore': 53}, {'PeriodID': 117797, 'GameID': 69818, 'Number': 2, 'Name': '2', 'Type': 'Half', 'AwayScore': 56, 'HomeScore': 73}]"
27,69819,2026,1,Final,2025-11-18T00:00:00,2025-11-18T19:00:00,MDES,LONGWD,193,87,132.0,131.0,2025-11-19T02:00:53,F,0.0,0.0,-27.9,220.2,1835.0,-4557.0,60069819,60000193,60000087,,,,,,,,,,,Scrambled,True,2025-11-18T21:44:10,489209.0,489208.0,,,ESPN+,False,-176.0,-176.0,-179.0,-176.0,2025-11-19T00:00:00,1236.0,"{'StadiumID': 576, 'Active': True, 'Name': 'Joan Perry Brock Center', 'Address': None, 'City': 'Farmville', 'State': 'VA', 'Zip': None, 'Country': None, 'Capacity': 3000, 'GeoLat': None, 'GeoLong': None}","[{'PeriodID': 117738, 'GameID': 69819, 'Number': 1, 'Name': '1', 'Type': 'Half', 'AwayScore': 65, 'HomeScore': 56}, {'PeriodID': 117788, 'GameID': 69819, 'Number': 2, 'Name': '2', 'Type': 'Half', 'AwayScore': 45, 'HomeScore': 54}, {'PeriodID': 117816, 'GameID': 69819, 'Number': 3, 'Name': 'OT', 'Type': 'Overtime', 'AwayScore': 15, 'HomeScore': 15}, {'PeriodID': 117836, 'GameID': 69819, 'Number': 4, 'Name': 'OT2', 'Type': 'Overtime', 'AwayScore': 13, 'HomeScore': 11}]"
28,69820,2026,1,Final,2025-11-18T00:00:00,2025-11-18T11:00:00,CPENN,COPPST,511,200,99.0,164.0,2025-11-18T13:04:27,F,0.0,0.0,,,,,60069820,60000511,60000200,,,,,,,,,,,Scrambled,True,2025-11-18T12:49:42,,,,,ESPN+,False,,,,,2025-11-18T16:00:00,2928.0,"{'StadiumID': 347, 'Active': True, 'Name': 'Physical Education Complex', 'Address': None, 'City': 'Baltimore', 'State': 'MD', 'Zip': None, 'Country': None, 'Capacity': 4100, 'GeoLat': 39.315453, 'GeoLong': -76.657381}","[{'PeriodID': 117727, 'GameID': 69820, 'Number': 1, 'Name': '1', 'Type': 'Half', 'AwayScore': 37, 'HomeScore': 86}, {'PeriodID': 117728, 'GameID': 69820, 'Number': 2, 'Name': '2', 'Type': 'Half', 'AwayScore': 62, 'HomeScore': 78}]"
29,69821,2026,1,Final,2025-11-18T00:00:00,2025-11-18T19:00:00,EKENT,KENTST,237,178,124.0,148.0,2025-11-19T02:00:53,F,0.0,0.0,-16.0,257.8,602.0,-832.0,60069821,60000237,60000178,,,,,,,,,,,Scrambled,True,2025-11-18T21:09:07,489215.0,489214.0,,,ESPN+,False,-176.0,-177.0,-177.0,-176.0,2025-11-19T00:00:00,1802.0,"{'StadiumID': 240, 'Active': True, 'Name': 'MAC Center', 'Address': None, 'City': 'Kent', 'State': 'OH', 'Zip': None, 'Country': None, 'Capacity': 6327, 'GeoLat': 41.148, 'GeoLong': -81.344}","[{'PeriodID': 117748, 'GameID': 69821, 'Number': 1, 'Name': '1', 'Type': 'Half', 'AwayScore': 54, 'HomeScore': 85}, {'PeriodID': 117802, 'GameID': 69821, 'Number': 2, 'Name': '2', 'Type': 'Half', 'AwayScore': 70, 'HomeScore': 64}]"
30,69822,2026,1,Final,2025-11-18T00:00:00,2025-11-18T20:00:00,ABCHR,TXST,296,332,78.0,101.0,2025-11-19T02:00:53,F,0.0,0.0,-2.4,221.0,163.0,-198.0,60069822,60000296,60000332,,,,,,,,,,,Scrambled,True,2025-11-18T21:57:39,993.0,991.0,,,ESPN+,False,-180.0,-174.0,-176.0,-176.0,2025-11-19T01:00:00,1215.0,"{'StadiumID': 131, 'Active': True, 'Name': 'Strahan Arena at the University Events Center', 'Address': None, 'City': 'San Marcos', 'State': 'TX', 'Zip': None, 'Country': None, 'Capacity': 10000, 'GeoLat': 29.888611, 'GeoLong': -97.932778}","[{'PeriodID': 117775, 'GameID': 69822, 'Number': 1, 'Name': '1', 'Type': 'Half', 'AwayScore': 35, 'HomeScore': 51}, {'PeriodID': 117813, 'GameID': 69822, 'Number': 2, 'Name': '2', 'Type': 'Half', 'AwayScore': 43, 'HomeScore': 49}]"
31,69823,2026,1,Final,2025-11-18T00:00:00,2025-11-18T22:00:00,UCRVS,CABAP,120,394,91.0,128.0,2025-11-19T02:00:53,F,0.0,0.0,-20.0,227.4,964.0,-1531.0,60069823,60000120,60000394,,,,,,,,,,,Scrambled,True,2025-11-18T23:55:10,1031.0,1029.0,,,ESPN+,False,-168.0,-184.0,-180.0,-174.0,2025-11-19T03:00:00,3766.0,"{'StadiumID': 345, 'Active': True, 'Name': 'Dale E. and Sarah Ann Fowler Events Center', 'Address': None, 'City': 'Riverside', 'State': 'CA', 'Zip': None, 'Country': None, 'Capacity': 5050, 'GeoLat': 33.5548, 'GeoLong': -117.253}","[{'PeriodID': 117846, 'GameID': 69823, 'Number': 1, 'Name': '1', 'Type': 'Half', 'AwayScore': 49, 'HomeScore': 78}, {'PeriodID': 117857, 'GameID': 69823, 'Number': 2, 'Name': '2', 'Type': 'Half', 'AwayScore': 41, 'HomeScore': 49}]"
32,70211,2026,1,Final,2025-11-18T00:00:00,2025-11-18T20:30:00,SEMST,IOWA,243,91,112.0,158.0,2025-11-19T02:00:53,F,0.0,0.0,-39.1,233.8,3331.0,-14564.0,60070211,60000243,60000091,,,,,,,,,,,Scrambled,True,2025-11-18T22:39:06,1012.0,1010.0,,,BTN,False,-180.0,-174.0,-182.0,-172.0,2025-11-19T01:30:00,9302.0,"{'StadiumID': 99, 'Active': True, 'Name': 'Carver-Hawkeye Arena', 'Address': None, 'City': 'Iowa City', 'State': 'IA', 'Zip': None, 'Country': None, 'Capacity': 15056, 'GeoLat': 41.663611, 'GeoLong': -91.554444}","[{'PeriodID': 117808, 'GameID': 70211, 'Number': 1, 'Name': '1', 'Type': 'Half', 'AwayScore': 40, 'HomeScore': 78}, {'PeriodID': 117839, 'GameID': 70211, 'Number': 2, 'Name': '2', 'Type': 'Half', 'AwayScore': 72, 'HomeScore': 80}]"
33,70260,2026,1,Final,2025-11-18T00:00:00,2025-11-18T21:00:00,WICHST,BOISE,202,215,94.0,99.0,2025-11-19T02:00:53,F,0.0,0.0,-15.2,241.0,598.0,-808.0,60070260,60000202,60000215,,,,,,,,,,,Scrambled,True,2025-11-18T23:07:13,1028.0,1026.0,,,MWN,False,-176.0,-179.0,-180.0,-176.0,2025-11-19T02:00:00,9725.0,"{'StadiumID': 171, 'Active': True, 'Name': 'ExtraMile Arena', 'Address': None, 'City': 'Boise', 'State': 'ID', 'Zip': None, 'Country': None, 'Capacity': 12480, 'GeoLat': 43.6035, 'GeoLong': -116.199}","[{'PeriodID': 117826, 'GameID': 70260, 'Number': 1, 'Name': '1', 'Type': 'Half', 'AwayScore': 43, 'HomeScore': 51}, {'PeriodID': 117849, 'GameID': 70260, 'Number': 2, 'Name': '2', 'Type': 'Half', 'AwayScore': 51, 'HomeScore': 48}]"
34,70261,2026,1,Final,2025-11-18T00:00:00,2025-11-18T22:00:00,TROY,SDST,333,212,172.0,171.0,2025-11-19T02:00:53,F,0.0,0.0,-23.1,219.4,1489.0,-2633.0,60070261,60000333,60000212,,,,,,,,,,,Scrambled,True,2025-11-19T00:50:18,1044.0,1042.0,,,MWN,False,-171.0,-184.0,-177.0,-177.0,2025-11-19T03:00:00,11531.0,"{'StadiumID': 83, 'Active': True, 'Name': 'Viejas Arena', 'Address': None, 'City': 'San Diego', 'State': 'CA', 'Zip': None, 'Country': None, 'Capacity': 12414, 'GeoLat': 32.77375, 'GeoLong': -117.074583}","[{'PeriodID': 117850, 'GameID': 70261, 'Number': 1, 'Name': '1', 'Type': 'Half', 'AwayScore': 61, 'HomeScore': 61}, {'PeriodID': 117861, 'GameID': 70261, 'Number': 2, 'Name': '2', 'Type': 'Half', 'AwayScore': 81, 'HomeScore': 81}, {'PeriodID': 117867, 'GameID': 70261, 'Number': 3, 'Name': 'OT', 'Type': 'Overtime', 'AwayScore': 14, 'HomeScore': 14}, {'PeriodID': 117868, 'GameID': 70261, 'Number': 4, 'Name': 'OT2', 'Type': 'Overtime', 'AwayScore': 16, 'HomeScore': 14}]"
35,70366,2026,1,Final,2025-11-18T00:00:00,2025-11-18T21:00:00,GRMBST,SD,312,342,109.0,124.0,2025-11-19T02:00:53,F,0.0,0.0,-10.4,238.6,343.0,-426.0,60070366,60000312,60000342,,,,,,,,,,,Scrambled,True,2025-11-18T23:10:04,489263.0,489262.0,,,ESPN+,False,-179.0,-174.0,-176.0,-177.0,2025-11-19T02:00:00,371.0,"{'StadiumID': 78, 'Active': True, 'Name': 'Jenny Craig Pavilion', 'Address': None, 'City': 'San Diego', 'State': 'CA', 'Zip': None, 'Country': None, 'Capacity': 5100, 'GeoLat': 32.7745, 'GeoLong': -117.1837}","[{'PeriodID': 117821, 'GameID': 70366, 'Number': 1, 'Name': '1', 'Type': 'Half', 'AwayScore': 41, 'HomeScore': 56}, {'PeriodID': 117847, 'GameID': 70366, 'Number': 2, 'Name': '2', 'Type': 'Half', 'AwayScore': 67, 'HomeScore': 69}]"
36,70367,2026,1,Final,2025-11-18T00:00:00,2025-11-18T20:00:00,TXA,EVANS,325,203,134.0,121.0,2025-11-19T02:00:53,F,0.0,0.0,-4.0,221.0,185.0,-227.0,60070367,60000325,60000203,,,,,,,,,,,Scrambled,True,2025-11-18T22:04:49,996.0,994.0,,,ESPN+,False,-180.0,-174.0,-179.0,-174.0,2025-11-19T01:00:00,4312.0,"{'StadiumID': 297, 'Active': True, 'Name': 'Ford Center', 'Address': None, 'City': 'Evansville', 'State': 'IN', 'Zip': None, 'Country': None, 'Capacity': 8930, 'GeoLat': 37.972189, 'GeoLong': -87.567844}","[{'PeriodID': 117780, 'GameID': 70367, 'Number': 1, 'Name': '1', 'Type': 'Half', 'AwayScore': 56, 'HomeScore': 54}, {'PeriodID': 117832, 'GameID': 70367, 'Number': 2, 'Name': '2', 'Type': 'Half', 'AwayScore': 78, 'HomeScore': 67}]"
37,70518,2026,1,Final,2025-11-18T00:00:00,2025-11-18T19:00:00,PRNCE,IONA,160,167,110.0,142.0,2025-11-19T02:00:53,F,0.0,0.0,-4.8,246.6,201.0,-249.0,60070518,60000160,60000167,,,,,,,,,,,Scrambled,True,2025-11-18T20:57:07,964.0,962.0,,,ESPN+,False,-174.0,-182.0,-177.0,-174.0,2025-11-19T00:00:00,1692.0,"{'StadiumID': 132, 'Active': True, 'Name': 'Hynes Athletics Center', 'Address': None, 'City': 'New Rochelle', 'State': 'NY', 'Zip': None, 'Country': None, 'Capacity': 2578, 'GeoLat': 40.92664, 'GeoLong': -73.784325}","[{'PeriodID': 117751, 'GameID': 70518, 'Number': 1, 'Name': '1', 'Type': 'Half', 'AwayScore': 43, 'HomeScore': 77}, {'PeriodID': 117792, 'GameID': 70518, 'Number': 2, 'Name': '2', 'Type': 'Half', 'AwayScore': 67, 'HomeScore': 65}]"
38,70640,2026,1,Final,2025-11-18T00:00:00,2025-11-18T20:00:00,GARDWB,DEPAUL,83,66,99.0,148.0,2025-11-19T02:00:53,F,0.0,0.0,-35.9,248.2,2886.0,-10639.0,60070640,60000083,60000066,,,,,,,,,,,Scrambled,True,2025-11-18T21:53:11,489241.0,489239.0,,,ESPN+,False,-182.0,-172.0,-179.0,-176.0,2025-11-19T01:00:00,2762.0,"{'StadiumID': 93, 'Active': True, 'Name': 'Wintrust Arena', 'Address': None, 'City': 'Chicago', 'State': 'IL', 'Zip': None, 'Country': None, 'Capacity': 10387, 'GeoLat': 41.853611, 'GeoLong': -87.621389}","[{'PeriodID': 117784, 'GameID': 70640, 'Number': 1, 'Name': '1', 'Type': 'Half', 'AwayScore': 38, 'HomeScore': 77}, {'PeriodID': 117829, 'GameID': 70640, 'Number': 2, 'Name': '2', 'Type': 'Half', 'AwayScore': 61, 'HomeScore': 72}]"
39,70641,2026,1,Final,2025-11-18T00:00:00,2025-11-18T20:00:00,ARLR,MURST,323,240,109.0,142.0,2025-11-19T02:00:53,F,0.0,0.0,-21.5,245.0,1302.0,-2298.0,60070641,60000323,60000240,,,,,,,,,,,Scrambled,True,2025-11-18T21:53:06,1002.0,1001.0,,,ESPN+,False,-164.0,-188.0,-176.0,-177.0,2025-11-19T01:00:00,5079.0,"{'StadiumID': 170, 'Active': True, 'Name': 'CFSB Center', 'Address': None, 'City': 'Murray', 'State': 'KY', 'Zip': None, 'Country': None, 'Capacity': 8600, 'GeoLat': 36.62267, 'GeoLong': -88.32031}","[{'PeriodID': 117783, 'GameID': 70641, 'Number': 1, 'Name': '1', 'Type': 'Half', 'AwayScore': 37, 'HomeScore': 69}, {'PeriodID': 117824, 'GameID': 70641, 'Number': 2, 'Name': '2', 'Type': 'Half', 'AwayScore': 72, 'HomeScore': 73}]"
40,70852,2026,1,Final,2025-11-18T00:00:00,2025-11-18T20:00:00,EMBRID,NARZ,1133,79,126.0,172.0,2025-11-19T02:00:53,F,0.0,0.0,,,,,60070852,60001133,60000079,,,,,,,,,,,Scrambled,True,2025-11-18T21:51:20,,,,,ESPN+,False,,,,,2025-11-19T01:00:00,321.0,"{'StadiumID': 151, 'Active': True, 'Name': 'J. Lawrence Walkup Skydome', 'Address': None, 'City': 'Flagstaff', 'State': 'AZ', 'Zip': None, 'Country': None, 'Capacity': 7000, 'GeoLat': 35.1805, 'GeoLong': -111.6525}","[{'PeriodID': 117781, 'GameID': 70852, 'Number': 1, 'Name': '1', 'Type': 'Half', 'AwayScore': 57, 'HomeScore': 89}, {'PeriodID': 117812, 'GameID': 70852, 'Number': 2, 'Name': '2', 'Type': 'Half', 'AwayScore': 69, 'HomeScore': 83}]"
41,70871,2026,1,Final,2025-11-18T00:00:00,2025-11-18T22:00:00,UCDV,NEVADA,118,216,120.0,113.0,2025-11-19T02:00:53,F,0.0,0.0,-20.0,229.8,900.0,-1360.0,60070871,60000118,60000216,,,,,,,,,,,Scrambled,True,2025-11-19T00:13:36,1037.0,1036.0,,,MWN,False,-179.0,-176.0,-179.0,-179.0,2025-11-19T03:00:00,6957.0,"{'StadiumID': 5, 'Active': True, 'Name': 'Lawlor Events Center', 'Address': None, 'City': 'Reno', 'State': 'NV', 'Zip': None, 'Country': None, 'Capacity': 11536, 'GeoLat': 39.545069, 'GeoLong': -119.818269}","[{'PeriodID': 117851, 'GameID': 70871, 'Number': 1, 'Name': '1', 'Type': 'Half', 'AwayScore': 53, 'HomeScore': 53}, {'PeriodID': 117863, 'GameID': 70871, 'Number': 2, 'Name': '2', 'Type': 'Half', 'AwayScore': 67, 'HomeScore': 61}]"
42,70872,2026,1,Final,2025-11-18T00:00:00,2025-11-18T19:00:00,RADF,SC,86,267,93.0,139.0,2025-11-19T02:00:53,F,0.0,0.0,-16.0,245.0,702.0,-999.0,60070872,60000086,60000267,,,,,,,,,,,Scrambled,True,2025-11-18T20:53:36,489193.0,489192.0,,,SEC,False,-174.0,-180.0,-180.0,-172.0,2025-11-19T00:00:00,11623.0,"{'StadiumID': 33, 'Active': True, 'Name': 'Colonial Life Arena', 'Address': None, 'City': 'Columbia', 'State': 'SC', 'Zip': None, 'Country': None, 'Capacity': 18000, 'GeoLat': 33.995, 'GeoLong': -81.037222}","[{'PeriodID': 117736, 'GameID': 70872, 'Number': 1, 'Name': '1', 'Type': 'Half', 'AwayScore': 40, 'HomeScore': 64}, {'PeriodID': 117790, 'GameID': 70872, 'Number': 2, 'Name': '2', 'Type': 'Half', 'AwayScore': 53, 'HomeScore': 75}]"
43,71049,2026,1,Final,2025-11-18T00:00:00,2025-11-18T19:00:00,NJIT,DREXEL,39,132,69.0,120.0,2025-11-19T02:00:53,F,0.0,0.0,-21.5,219.4,934.0,-1448.0,60071049,60000039,60000132,,,,,,,,,,,Scrambled,True,2025-11-18T21:06:21,489206.0,489204.0,,,FloC,False,-179.0,-176.0,-180.0,-176.0,2025-11-19T00:00:00,802.0,"{'StadiumID': 247, 'Active': True, 'Name': 'Daskalakis Athletic Center', 'Address': None, 'City': 'Philadelphia', 'State': 'PA', 'Zip': None, 'Country': None, 'Capacity': 2509, 'GeoLat': 39.956389, 'GeoLong': -75.190833}","[{'PeriodID': 117757, 'GameID': 71049, 'Number': 1, 'Name': '1', 'Type': 'Half', 'AwayScore': 29, 'HomeScore': 51}, {'PeriodID': 117795, 'GameID': 71049, 'Number': 2, 'Name': '2', 'Type': 'Half', 'AwayScore': 40, 'HomeScore': 69}]"
44,71050,2026,1,Final,2025-11-18T00:00:00,2025-11-18T19:00:00,TOWS,JMAD,127,126,120.0,129.0,2025-11-19T02:00:53,F,0.0,0.0,7.6,224.2,-254.0,209.0,60071050,60000127,60000126,,,,,,,,,,,Scrambled,True,2025-11-18T21:02:51,983.0,982.0,,,ESPN+,False,-179.0,-176.0,-176.0,-176.0,2025-11-19T00:00:00,3072.0,"{'StadiumID': 486, 'Active': True, 'Name': 'Atlantic Union Bank Center', 'Address': None, 'City': 'Harrisonburg', 'State': 'VA', 'Zip': None, 'Country': None, 'Capacity': 8500, 'GeoLat': 38.430437, 'GeoLong': -78.859574}","[{'PeriodID': 117753, 'GameID': 71050, 'Number': 1, 'Name': '1', 'Type': 'Half', 'AwayScore': 57, 'HomeScore': 57}, {'PeriodID': 117773, 'GameID': 71050, 'Number': 2, 'Name': '2', 'Type': 'Half', 'AwayScore': 62, 'HomeScore': 72}]"
45,71051,2026,1,Final,2025-11-18T00:00:00,2025-11-18T18:30:00,AMERCN,RUTGER,265,103,113.0,128.0,2025-11-19T02:00:53,F,0.0,0.0,-26.3,229.0,1545.0,-3178.0,60071051,60000265,60000103,,,,,,,,,,,Scrambled,True,2025-11-18T20:45:23,489177.0,489176.0,,,BTN,False,-176.0,-176.0,-174.0,-180.0,2025-11-18T23:30:00,8000.0,"{'StadiumID': 114, 'Active': True, 'Name': ""Jersey Mike's Arena"", 'Address': None, 'City': 'Piscataway', 'State': 'NJ', 'Zip': None, 'Country': None, 'Capacity': 8000, 'GeoLat': 40.525278, 'GeoLong': -74.441111}","[{'PeriodID': 117731, 'GameID': 71051, 'Number': 1, 'Name': '1', 'Type': 'Half', 'AwayScore': 53, 'HomeScore': 53}, {'PeriodID': 117764, 'GameID': 71051, 'Number': 2, 'Name': '2', 'Type': 'Half', 'AwayScore': 61, 'HomeScore': 75}]"
46,71052,2026,1,Final,2025-11-18T00:00:00,2025-11-18T18:30:00,UK,MST,268,97,105.0,132.0,2025-11-18T20:42:46,F,0.0,0.0,8.9,243.4,-282.0,230.0,60071052,60000268,60000097,,,,,,,,,,,Scrambled,True,2025-11-18T20:37:15,959.0,961.0,,,ESPN,True,-177.0,-176.0,-177.0,-176.0,2025-11-18T23:30:00,,"{'StadiumID': 219, 'Active': True, 'Name': 'Madison Square Garden', 'Address': None, 'City': 'New York', 'State': 'NY', 'Zip': None, 'Country': None, 'Capacity': 19812, 'GeoLat': 40.750556, 'GeoLong': -73.993611}","[{'PeriodID': 117734, 'GameID': 71052, 'Number': 1, 'Name': '1', 'Type': 'Half', 'AwayScore': 43, 'HomeScore': 70}, {'PeriodID': 117765, 'GameID': 71052, 'Number': 2, 'Name': '2', 'Type': 'Half', 'AwayScore': 62, 'HomeScore': 62}]"
47,71053,2026,1,Final,2025-11-18T00:00:00,2025-11-18T21:30:00,SOUTH,WASH,305,249,148.0,158.0,2025-11-19T02:00:53,F,0.0,0.0,-35.9,251.4,2499.0,-7713.0,60071053,60000305,60000249,,,,,,,,,,,Scrambled,True,2025-11-19T00:26:17,489254.0,489252.0,,,PEAC,False,-176.0,-176.0,-179.0,-174.0,2025-11-19T02:30:00,5564.0,"{'StadiumID': 15, 'Active': True, 'Name': 'Alaska Airlines Arena', 'Address': None, 'City': 'Seattle', 'State': 'WA', 'Zip': None, 'Country': None, 'Capacity': 10000, 'GeoLat': 47.652, 'GeoLong': -122.302}","[{'PeriodID': 117837, 'GameID': 71053, 'Number': 1, 'Name': '1', 'Type': 'Half', 'AwayScore': 59, 'HomeScore': 46}, {'PeriodID': 117855, 'GameID': 71053, 'Number': 2, 'Name': '2', 'Type': 'Half', 'AwayScore': 51, 'HomeScore': 64}, {'PeriodID': 117864, 'GameID': 71053, 'Number': 3, 'Name': 'OT', 'Type': 'Overtime', 'AwayScore': 27, 'HomeScore': 27}, {'PeriodID': 117866, 'GameID': 71053, 'Number': 4, 'Name': 'OT2', 'Type': 'Overtime', 'AwayScore': 11, 'HomeScore': 21}]"
48,71054,2026,1,Final,2025-11-18T00:00:00,2025-11-18T19:00:00,NHVN,SETON,1453,60,72.0,109.0,2025-11-19T02:00:53,F,0.0,0.0,-40.7,205.9,4469.0,-15960.0,60071054,60001453,60000060,,,,,,,,,,,Scrambled,True,2025-11-18T20:44:41,489222.0,489220.0,,,ESPN+,False,-176.0,-179.0,-177.0,-177.0,2025-11-19T00:00:00,6201.0,"{'StadiumID': 326, 'Active': True, 'Name': 'Prudential Center', 'Address': None, 'City': 'Newark', 'State': 'NJ', 'Zip': None, 'Country': None, 'Capacity': 10481, 'GeoLat': 40.733611, 'GeoLong': -74.171111}","[{'PeriodID': 117743, 'GameID': 71054, 'Number': 1, 'Name': '1', 'Type': 'Half', 'AwayScore': 45, 'HomeScore': 67}, {'PeriodID': 117768, 'GameID': 71054, 'Number': 2, 'Name': '2', 'Type': 'Half', 'AwayScore': 27, 'HomeScore': 41}]"
49,71055,2026,1,Final,2025-11-18T00:00:00,2025-11-18T20:00:00,ARMY,CORNEL,263,162,117.0,137.0,2025-11-18T22:44:29,F,0.0,0.0,-27.9,264.1,1617.0,-3352.0,60071055,60000263,60000162,,,,,,,,,,,Scrambled,True,2025-11-18T22:38:40,489238.0,489236.0,,,ESPN+,False,-174.0,-180.0,-179.0,-176.0,2025-11-19T01:00:00,,"{'StadiumID': 177, 'Active': True, 'Name': 'Newman Arena', 'Address': None, 'City': 'Ithaca', 'State': 'NY', 'Zip': None, 'Country': None, 'Capacity': 3500, 'GeoLat': 42.445794, 'GeoLong': -76.476581}","[{'PeriodID': 117801, 'GameID': 71055, 'Number': 1, 'Name': '1', 'Type': 'Half', 'AwayScore': 45, 'HomeScore': 62}, {'PeriodID': 117838, 'GameID': 71055, 'Number': 2, 'Name': '2', 'Type': 'Half', 'AwayScore': 72, 'HomeScore': 75}]"
50,71056,2026,1,Final,2025-11-18T00:00:00,2025-11-18T20:00:00,WINTH,ARK,82,276,132.0,134.0,2025-11-19T02:00:53,F,0.0,0.0,-37.5,268.9,2662.0,-13066.0,60071056,60000082,60000276,,,,,,,,,,,Scrambled,True,2025-11-18T22:07:29,489231.0,489230.0,,,SEC,False,-179.0,-179.0,-177.0,-176.0,2025-11-19T01:00:00,19200.0,"{'StadiumID': 194, 'Active': True, 'Name': 'Bud Walton Arena', 'Address': None, 'City': 'Fayetteville', 'State': 'AR', 'Zip': None, 'Country': None, 'Capacity': 19200, 'GeoLat': 36.061518, 'GeoLong': -94.178188}","[{'PeriodID': 117772, 'GameID': 71056, 'Number': 1, 'Name': '1', 'Type': 'Half', 'AwayScore': 65, 'HomeScore': 69}, {'PeriodID': 117825, 'GameID': 71056, 'Number': 2, 'Name': '2', 'Type': 'Half', 'AwayScore': 67, 'HomeScore': 65}]"
51,71057,2026,1,Final,2025-11-18T00:00:00,2025-11-18T19:00:00,NHAMP,PROV,14,63,105.0,156.0,2025-11-19T02:00:53,F,0.0,0.0,-47.9,257.8,5267.0,-31920.0,60071057,60000014,60000063,,,,,,,,,,,Scrambled,True,2025-11-18T20:56:37,489219.0,489217.0,,,ESPN+,False,-179.0,-179.0,-179.0,-177.0,2025-11-19T00:00:00,8852.0,"{'StadiumID': 17, 'Active': True, 'Name': 'Amica Mutual Pavilion', 'Address': None, 'City': 'Providence', 'State': 'RI', 'Zip': None, 'Country': None, 'Capacity': 12410, 'GeoLat': 41.823611, 'GeoLong': -71.418333}","[{'PeriodID': 117742, 'GameID': 71057, 'Number': 1, 'Name': '1', 'Type': 'Half', 'AwayScore': 49, 'HomeScore': 61}, {'PeriodID': 117793, 'GameID': 71057, 'Number': 2, 'Name': '2', 'Type': 'Half', 'AwayScore': 56, 'HomeScore': 96}]"
52,71058,2026,1,Final,2025-11-18T00:00:00,2025-11-18T22:00:00,NWST,SF,301,338,102.0,134.0,2025-11-19T02:00:53,F,0.0,0.0,-26.3,229.0,1845.0,-4288.0,60071058,60000301,60000338,,,,,,,,,,,Scrambled,True,2025-11-18T23:59:13,489257.0,489255.0,,,ESPN+,False,-176.0,-179.0,-179.0,-176.0,2025-11-19T03:00:00,1280.0,"{'StadiumID': 160, 'Active': True, 'Name': 'War Memorial Gymnasium', 'Address': None, 'City': 'San Francisco', 'State': 'CA', 'Zip': None, 'Country': None, 'Capacity': 3006, 'GeoLat': 37.776944, 'GeoLong': -122.449444}","[{'PeriodID': 117845, 'GameID': 71058, 'Number': 1, 'Name': '1', 'Type': 'Half', 'AwayScore': 49, 'HomeScore': 80}, {'PeriodID': 117860, 'GameID': 71058, 'Number': 2, 'Name': '2', 'Type': 'Half', 'AwayScore': 53, 'HomeScore': 54}]"
53,71059,2026,1,Final,2025-11-18T00:00:00,2025-11-18T19:30:00,GAS,GTECH,329,32,105.0,109.0,2025-11-19T02:00:53,F,0.0,0.0,-17.6,262.5,755.0,-1132.0,60071059,60000329,60000032,,,,,,,,,,,Scrambled,True,2025-11-18T21:46:50,990.0,988.0,,,ACC,False,-177.0,-177.0,-174.0,-179.0,2025-11-19T00:30:00,5128.0,"{'StadiumID': 129, 'Active': True, 'Name': 'McCamish Pavilion', 'Address': None, 'City': 'Atlanta', 'State': 'GA', 'Zip': None, 'Country': None, 'Capacity': 8600, 'GeoLat': 33.780833, 'GeoLong': -84.392778}","[{'PeriodID': 117759, 'GameID': 71059, 'Number': 1, 'Name': '1', 'Type': 'Half', 'AwayScore': 59, 'HomeScore': 57}, {'PeriodID': 117811, 'GameID': 71059, 'Number': 2, 'Name': '2', 'Type': 'Half', 'AwayScore': 46, 'HomeScore': 51}]"
54,71060,2026,1,Final,2025-11-18T00:00:00,2025-11-18T19:00:00,TMRT,FLST,241,29,117.0,139.0,2025-11-19T02:00:53,F,0.0,0.0,-31.9,264.1,1864.0,-4549.0,60071060,60000241,60000029,,,,,,,,,,,Scrambled,True,2025-11-18T21:11:38,977.0,975.0,,,ACC,False,-177.0,-177.0,-176.0,-176.0,2025-11-19T00:00:00,4367.0,"{'StadiumID': 11, 'Active': True, 'Name': 'Donald L. Tucker Center', 'Address': None, 'City': 'Tallahassee', 'State': 'FL', 'Zip': None, 'Country': None, 'Capacity': 11500, 'GeoLat': 30.437842, 'GeoLong': -84.28669}","[{'PeriodID': 117737, 'GameID': 71060, 'Number': 1, 'Name': '1', 'Type': 'Half', 'AwayScore': 64, 'HomeScore': 69}, {'PeriodID': 117804, 'GameID': 71060, 'Number': 2, 'Name': '2', 'Type': 'Half', 'AwayScore': 53, 'HomeScore': 70}]"
55,71061,2026,1,Final,2025-11-18T00:00:00,2025-11-18T20:00:00,WILCAR,SOUMIS,404,143,94.0,131.0,2025-11-19T02:00:53,F,0.0,0.0,,,,,60071061,60000404,60000143,,,,,,,,,,,Scrambled,True,2025-11-18T22:18:56,,,,,ESPN+,False,,,,,2025-11-19T01:00:00,3553.0,"{'StadiumID': 309, 'Active': True, 'Name': 'Reed Green Coliseum', 'Address': None, 'City': 'Hattiesburg', 'State': 'MS', 'Zip': None, 'Country': None, 'Capacity': 8095, 'GeoLat': 31.330833, 'GeoLong': -89.337778}","[{'PeriodID': 117807, 'GameID': 71061, 'Number': 1, 'Name': '1', 'Type': 'Half', 'AwayScore': 45, 'HomeScore': 61}, {'PeriodID': 117835, 'GameID': 71061, 'Number': 2, 'Name': '2', 'Type': 'Half', 'AwayScore': 49, 'HomeScore': 70}]"
56,71631,2026,1,Final,2025-11-18T00:00:00,2025-11-18T19:00:00,STPETE,DEL,169,133,112.0,129.0,2025-11-19T02:00:53,F,0.0,0.0,-6.4,219.4,249.0,-302.0,60071631,60000169,60000133,,,,,,,,,,,Scrambled,True,2025-11-18T21:03:17,967.0,966.0,,,ESPN+,False,-180.0,-174.0,-180.0,-174.0,2025-11-19T00:00:00,1600.0,"{'StadiumID': 268, 'Active': True, 'Name': 'Bob Carpenter Center', 'Address': None, 'City': 'Newark', 'State': 'DE', 'Zip': None, 'Country': None, 'Capacity': 5000, 'GeoLat': 39.660556, 'GeoLong': -75.748639}","[{'PeriodID': 117745, 'GameID': 71631, 'Number': 1, 'Name': '1', 'Type': 'Half', 'AwayScore': 41, 'HomeScore': 78}, {'PeriodID': 117785, 'GameID': 71631, 'Number': 2, 'Name': '2', 'Type': 'Half', 'AwayScore': 70, 'HomeScore': 51}]"
57,71632,2026,1,Final,2025-11-18T00:00:00,2025-11-18T20:00:00,MONT,TXAM,68,270,129.0,137.0,2025-11-19T02:00:53,F,0.0,0.0,-28.7,261.7,1757.0,-3866.0,60071632,60000068,60000270,,,,,,,,,,,Scrambled,True,2025-11-18T22:11:31,1009.0,1007.0,,,SEC,False,-182.0,-174.0,-179.0,-177.0,2025-11-19T01:00:00,6304.0,"{'StadiumID': 95, 'Active': True, 'Name': 'Reed Arena', 'Address': None, 'City': 'College Station', 'State': 'TX', 'Zip': None, 'Country': None, 'Capacity': 12989, 'GeoLat': 30.60578, 'GeoLong': -96.34619}","[{'PeriodID': 117778, 'GameID': 71632, 'Number': 1, 'Name': '1', 'Type': 'Half', 'AwayScore': 49, 'HomeScore': 72}, {'PeriodID': 117819, 'GameID': 71632, 'Number': 2, 'Name': '2', 'Type': 'Half', 'AwayScore': 80, 'HomeScore': 65}]"
58,71633,2026,1,Final,2025-11-18T00:00:00,2025-11-18T20:00:00,HASK,ORAL,953,320,102.0,134.0,2025-11-19T02:00:53,F,0.0,0.0,,,,,60071633,60000953,60000320,,,,,,,,,,,Scrambled,True,2025-11-18T21:50:25,,,,,,False,,,,,2025-11-19T01:00:00,2502.0,"{'StadiumID': 204, 'Active': True, 'Name': 'Mabee Center', 'Address': None, 'City': 'Tulsa', 'State': 'OK', 'Zip': None, 'Country': None, 'Capacity': 8781, 'GeoLat': 36.04789, 'GeoLong': -95.95573}","[{'PeriodID': 117787, 'GameID': 71633, 'Number': 1, 'Name': '1', 'Type': 'Half', 'AwayScore': 37, 'HomeScore': 64}, {'PeriodID': 117822, 'GameID': 71633, 'Number': 2, 'Name': '2', 'Type': 'Half', 'AwayScore': 65, 'HomeScore': 70}]"
59,71634,2026,1,Final,2025-11-18T00:00:00,2025-11-18T20:00:00,AUSP,MISS,242,274,104.0,115.0,2025-11-19T02:00:53,F,0.0,0.0,-32.7,232.2,2439.0,-7482.0,60071634,60000242,60000274,,,,,,,,,,,Scrambled,True,2025-11-18T21:55:58,489235.0,489233.0,,,SEC,False,-179.0,-176.0,-177.0,-174.0,2025-11-19T01:00:00,7473.0,"{'StadiumID': 157, 'Active': True, 'Name': 'The Sandy and John Black Pavilion at Ole Miss', 'Address': '762 All American Drive', 'City': 'Oxford', 'State': 'MS', 'Zip': '38655', 'Country': 'USA', 'Capacity': 9500, 'GeoLat': 34.363164, 'GeoLong': -89.535453}","[{'PeriodID': 117776, 'GameID': 71634, 'Number': 1, 'Name': '1', 'Type': 'Half', 'AwayScore': 37, 'HomeScore': 49}, {'PeriodID': 117814, 'GameID': 71634, 'Number': 2, 'Name': '2', 'Type': 'Half', 'AwayScore': 67, 'HomeScore': 65}]"
60,71931,2026,1,Final,2025-11-18T00:00:00,2025-11-18T18:30:00,PSC,ALBNY,1471,13,91.0,169.0,2025-11-18T20:35:59,F,0.0,0.0,,,,,60071931,60001471,60000013,,,,,,,,,,,Scrambled,True,2025-11-18T20:17:10,,,,,ESPN+,False,,,,,2025-11-18T23:30:00,1588.0,"{'StadiumID': 215, 'Active': True, 'Name': 'Broadview Center', 'Address': None, 'City': 'Albany', 'State': 'NY', 'Zip': None, 'Country': None, 'Capacity': 4280, 'GeoLat': 42.681667, 'GeoLong': -73.828333}","[{'PeriodID': 117732, 'GameID': 71931, 'Number': 1, 'Name': '1', 'Type': 'Half', 'AwayScore': 40, 'HomeScore': 77}, {'PeriodID': 117760, 'GameID': 71931, 'Number': 2, 'Name': '2', 'Type': 'Half', 'AwayScore': 51, 'HomeScore': 93}]"
61,71960,2026,1,Final,2025-11-18T00:00:00,2025-11-18T19:30:00,TOCCOA,NCC,942,197,107.0,196.0,2025-11-19T02:00:53,F,0.0,0.0,,,,,60071960,60000942,60000197,,,,,,,,,,,Scrambled,True,2025-11-18T21:32:21,,,,,ESPN+,False,,,,,2025-11-19T00:30:00,1287.0,"{'StadiumID': 337, 'Active': True, 'Name': 'McDougald-McLendon Arena', 'Address': None, 'City': 'Durham', 'State': 'NC', 'Zip': None, 'Country': None, 'Capacity': 3500, 'GeoLat': 35.975884, 'GeoLong': -78.897745}","[{'PeriodID': 117761, 'GameID': 71960, 'Number': 1, 'Name': '1', 'Type': 'Half', 'AwayScore': 56, 'HomeScore': 102}, {'PeriodID': 117810, 'GameID': 71960, 'Number': 2, 'Name': '2', 'Type': 'Half', 'AwayScore': 51, 'HomeScore': 94}]"
62,72001,2026,1,Final,2025-11-18T00:00:00,2025-11-18T21:00:00,SFAUS,FREST,291,213,124.0,128.0,2025-11-19T02:00:53,F,0.0,0.0,6.4,233.8,-243.0,201.0,60072001,60000291,60000213,,,,,,,,,,,Scrambled,True,2025-11-18T22:52:46,489251.0,489249.0,,,MWN,False,-176.0,-179.0,-177.0,-180.0,2025-11-19T02:00:00,2953.0,"{'StadiumID': 314, 'Active': True, 'Name': 'Save Mart Center', 'Address': None, 'City': 'Fresno', 'State': 'CA', 'Zip': None, 'Country': None, 'Capacity': 15596, 'GeoLat': 36.809722, 'GeoLong': -119.738611}","[{'PeriodID': 117830, 'GameID': 72001, 'Number': 1, 'Name': '1', 'Type': 'Half', 'AwayScore': 67, 'HomeScore': 62}, {'PeriodID': 117844, 'GameID': 72001, 'Number': 2, 'Name': '2', 'Type': 'Half', 'AwayScore': 57, 'HomeScore': 65}]"
63,72063,2026,1,Final,2025-11-18T00:00:00,2025-11-18T19:00:00,FTLAUD,FLINT,1060,140,128.0,166.0,2025-11-19T02:00:53,F,0.0,0.0,,,,,60072063,60001060,60000140,,,,,,,,,,,Scrambled,True,2025-11-18T21:11:00,,,,,ESPN+,False,,,,,2025-11-19T00:00:00,1177.0,"{'StadiumID': 373, 'Active': True, 'Name': 'Ocean Bank Convocation Center', 'Address': None, 'City': 'Miami', 'State': 'FL', 'Zip': None, 'Country': None, 'Capacity': 5000, 'GeoLat': 25.756667, 'GeoLong': -80.379444}","[{'PeriodID': 117741, 'GameID': 72063, 'Number': 1, 'Name': '1', 'Type': 'Half', 'AwayScore': 64, 'HomeScore': 86}, {'PeriodID': 117803, 'GameID': 72063, 'Number': 2, 'Name': '2', 'Type': 'Half', 'AwayScore': 64, 'HomeScore': 80}]"
64,72064,2026,1,Final,2025-11-18T00:00:00,2025-11-18T20:00:00,ALCST,LSU,307,269,129.0,171.0,2025-11-19T02:00:53,F,0.0,0.0,-51.9,249.8,7022.0,-31920.0,60072064,60000307,60000269,,,,,,,,,,,Scrambled,True,2025-11-18T21:58:21,489244.0,489243.0,,,SEC,False,-174.0,-179.0,-179.0,-177.0,2025-11-19T01:00:00,6291.0,"{'StadiumID': 110, 'Active': True, 'Name': 'Pete Maravich Assembly Center', 'Address': None, 'City': 'Baton Rouge', 'State': 'LA', 'Zip': None, 'Country': None, 'Capacity': 13215, 'GeoLat': 30.4142, 'GeoLong': -91.1845}","[{'PeriodID': 117774, 'GameID': 72064, 'Number': 1, 'Name': '1', 'Type': 'Half', 'AwayScore': 70, 'HomeScore': 80}, {'PeriodID': 117831, 'GameID': 72064, 'Number': 2, 'Name': '2', 'Type': 'Half', 'AwayScore': 59, 'HomeScore': 91}]"
65,72554,2026,1,Final,2025-11-18T00:00:00,2025-11-18T19:00:00,CHEY,DELST,1316,201,112.0,140.0,2025-11-19T02:00:53,F,0.0,0.0,,,,,60072554,60001316,60000201,,,,,,,,,,,Scrambled,True,2025-11-18T20:57:30,,,,,ESPN+,False,,,,,2025-11-19T00:00:00,300.0,"{'StadiumID': 292, 'Active': True, 'Name': 'Memorial Hall (DE)', 'Address': None, 'City': 'Dover', 'State': 'DE', 'Zip': None, 'Country': None, 'Capacity': 1800, 'GeoLat': 39.1876, 'GeoLong': -75.5434}","[{'PeriodID': 117755, 'GameID': 72554, 'Number': 1, 'Name': '1', 'Type': 'Half', 'AwayScore': 43, 'HomeScore': 78}, {'PeriodID': 117769, 'GameID': 72554, 'Number': 2, 'Name': '2', 'Type': 'Half', 'AwayScore': 69, 'HomeScore': 62}]"
66,72610,2026,1,Final,2025-11-18T00:00:00,2025-11-18T19:00:00,MAINA,DART,1265,165,109.0,180.0,2025-11-19T02:00:53,F,0.0,0.0,,,,,60072610,60001265,60000165,,,,,,,,,,,Scrambled,True,2025-11-18T20:51:39,,,,,ESPN+,False,,,,,2025-11-19T00:00:00,750.0,"{'StadiumID': 353, 'Active': True, 'Name': 'Edward Leede Arena', 'Address': None, 'City': 'Hanover', 'State': 'NH', 'Zip': None, 'Country': None, 'Capacity': 2100, 'GeoLat': 43.703056, 'GeoLong': -72.283333}","[{'PeriodID': 117747, 'GameID': 72610, 'Number': 1, 'Name': '1', 'Type': 'Half', 'AwayScore': 54, 'HomeScore': 91}, {'PeriodID': 117770, 'GameID': 72610, 'Number': 2, 'Name': '2', 'Type': 'Half', 'AwayScore': 54, 'HomeScore': 89}]"
67,72617,2026,1,Final,2025-11-18T00:00:00,2025-11-18T12:00:00,SWCU,UTSA,936,147,112.0,164.0,2025-11-18T14:06:17,F,0.0,0.0,,,,,60072617,60000936,60000147,,,,,,,,,,,Scrambled,True,2025-11-18T13:57:08,,,,,ESPN+,False,,,,,2025-11-18T17:00:00,558.0,"{'StadiumID': 193, 'Active': True, 'Name': 'UTSA Convocation Center', 'Address': None, 'City': 'San Antonio', 'State': 'TX', 'Zip': None, 'Country': None, 'Capacity': 2650, 'GeoLat': 29.582222, 'GeoLong': -98.621389}","[{'PeriodID': 117729, 'GameID': 72617, 'Number': 1, 'Name': '1', 'Type': 'Half', 'AwayScore': 53, 'HomeScore': 85}, {'PeriodID': 117730, 'GameID': 72617, 'Number': 2, 'Name': '2', 'Type': 'Half', 'AwayScore': 59, 'HomeScore': 80}]"
0,67625,2026,1,Final,2025-11-17T00:00:00,2025-11-17T19:00:00,BUCK,PITT,257,28,82.0,138.0,2025-11-18T00:24:00,F,0.0,0.0,-25.5,231.8,1516.0,-3184.0,60067625,60000257,60000028,,,,,,,,,,,Scrambled,True,2025-11-17T21:07:18,504064.0,504062.0,,,ACC,False,-182.0,-181.0,-184.0,-181.0,2025-11-18T00:00:00,4674.0,"{'StadiumID': 31, 'Active': True, 'Name': 'Petersen Events Center', 'Address': None, 'City': 'Pittsburgh', 'State': 'PA', 'Zip': None, 'Country': None, 'Capacity': 12508, 'GeoLat': 40.443777, 'GeoLong': -79.962274}","[{'PeriodID': 117661, 'GameID': 67625, 'Number': 1, 'Name': '1', 'Type': 'Half', 'AwayScore': 41, 'HomeScore': 62}, {'PeriodID': 117689, 'GameID': 67625, 'Number': 2, 'Name': '2', 'Type': 'Half', 'AwayScore': 41, 'HomeScore': 76}]"
1,68170,2026,1,Final,2025-11-17T00:00:00,2025-11-17T19:00:00,STJOE,PENN,46,161,122.0,136.0,2025-11-18T00:24:00,F,0.0,0.0,14.9,268.8,-424.0,340.0,60068170,60000046,60000161,,,,,,,,,,,Scrambled,True,2025-11-17T21:06:47,1318.0,1317.0,,,ESPN+,False,-186.0,-179.0,-181.0,-182.0,2025-11-18T00:00:00,2387.0,"{'StadiumID': 331, 'Active': True, 'Name': 'The Palestra', 'Address': None, 'City': 'Philadelphia', 'State': 'PA', 'Zip': None, 'Country': None, 'Capacity': 8722, 'GeoLat': 39.951411, 'GeoLong': -75.188606}","[{'PeriodID': 117669, 'GameID': 68170, 'Number': 1, 'Name': '1', 'Type': 'Half', 'AwayScore': 67, 'HomeScore': 67}, {'PeriodID': 117684, 'GameID': 68170, 'Number': 2, 'Name': '2', 'Type': 'Half', 'AwayScore': 54, 'HomeScore': 69}]"
2,68317,2026,1,Final,2025-11-17T00:00:00,2025-11-17T19:00:00,NIAGRA,LEMYN,175,427,112.0,122.0,2025-11-18T00:24:00,F,0.0,0.0,-4.1,227.7,189.0,-229.0,60068317,60000175,60000427,,,,,,,,,,,Scrambled,True,2025-11-17T21:01:53,504060.0,504059.0,,,NEC,False,-181.0,-181.0,-179.0,-186.0,2025-11-18T00:00:00,1048.0,"{'StadiumID': 587, 'Active': True, 'Name': 'Ted Grant Court', 'Address': None, 'City': 'Syracuse', 'State': 'NY', 'Zip': None, 'Country': None, 'Capacity': 2637, 'GeoLat': None, 'GeoLong': None}","[{'PeriodID': 117663, 'GameID': 68317, 'Number': 1, 'Name': '1', 'Type': 'Half', 'AwayScore': 53, 'HomeScore': 53}, {'PeriodID': 117685, 'GameID': 68317, 'Number': 2, 'Name': '2', 'Type': 'Half', 'AwayScore': 59, 'HomeScore': 69}]"
3,68318,2026,1,Final,2025-11-17T00:00:00,2025-11-17T19:00:00,CANS,HPNT,172,85,82.0,153.0,2025-11-18T00:24:00,F,0.0,0.0,-39.5,249.1,3013.0,-15480.0,60068318,60000172,60000085,,,,,,,,,,,Scrambled,True,2025-11-17T20:58:25,504070.0,504068.0,,,ESPN+,False,-186.0,-179.0,-184.0,-181.0,2025-11-18T00:00:00,2603.0,"{'StadiumID': 494, 'Active': True, 'Name': 'Nido and Mariana Qubein Arena', 'Address': None, 'City': 'High Point', 'State': 'NC', 'Zip': None, 'Country': None, 'Capacity': 4200, 'GeoLat': 35.978847, 'GeoLong': -79.996429}","[{'PeriodID': 117670, 'GameID': 68318, 'Number': 1, 'Name': '1', 'Type': 'Half', 'AwayScore': 28, 'HomeScore': 76}, {'PeriodID': 117693, 'GameID': 68318, 'Number': 2, 'Name': '2', 'Type': 'Half', 'AwayScore': 54, 'HomeScore': 77}]"
4,68319,2026,1,Final,2025-11-17T00:00:00,2025-11-17T21:00:00,NAL,CLMSN,396,27,100.0,133.0,2025-11-18T00:24:00,F,0.0,0.0,-41.9,237.6,3946.0,-15891.0,60068319,60000396,60000027,,,,,,,,,,,Scrambled,True,2025-11-17T23:00:38,504083.0,504082.0,,,ACCN,False,-184.0,-181.0,-184.0,-181.0,2025-11-18T02:00:00,6356.0,"{'StadiumID': 13, 'Active': True, 'Name': 'Littlejohn Coliseum', 'Address': None, 'City': 'Clemson', 'State': 'SC', 'Zip': None, 'Country': None, 'Capacity': 9000, 'GeoLat': 34.680278, 'GeoLong': -82.846389}","[{'PeriodID': 117708, 'GameID': 68319, 'Number': 1, 'Name': '1', 'Type': 'Half', 'AwayScore': 36, 'HomeScore': 74}, {'PeriodID': 117718, 'GameID': 68319, 'Number': 2, 'Name': '2', 'Type': 'Half', 'AwayScore': 64, 'HomeScore': 59}]"
5,68538,2026,1,Final,2025-11-17T00:00:00,2025-11-17T19:00:00,VCU,NCST,45,33,130.0,140.0,2025-11-18T00:24:00,F,0.0,0.0,-19.7,270.4,875.0,-1292.0,60068538,60000045,60000033,,,,,,,,,,,Scrambled,True,2025-11-17T21:10:33,1328.0,1327.0,,,ACCN,False,-187.0,-179.0,-181.0,-181.0,2025-11-18T00:00:00,14805.0,"{'StadiumID': 145, 'Active': True, 'Name': 'Lenovo Center', 'Address': None, 'City': 'Raleigh', 'State': 'NC', 'Zip': None, 'Country': None, 'Capacity': 19700, 'GeoLat': 35.803333, 'GeoLong': -78.721944}","[{'PeriodID': 117660, 'GameID': 68538, 'Number': 1, 'Name': '1', 'Type': 'Half', 'AwayScore': 58, 'HomeScore': 64}, {'PeriodID': 117690, 'GameID': 68538, 'Number': 2, 'Name': '2', 'Type': 'Half', 'AwayScore': 72, 'HomeScore': 76}]"
6,69091,2026,1,Final,2025-11-17T00:00:00,2025-11-17T19:00:00,LAFAY,WVIR,266,107,97.0,133.0,2025-11-18T00:24:00,F,0.0,0.0,-40.3,222.8,4110.0,-16440.0,60069091,60000266,60000107,,,,,,,,,,,Scrambled,True,2025-11-17T20:59:12,504067.0,504065.0,,,ESPN+,False,-181.0,-186.0,-181.0,-182.0,2025-11-18T00:00:00,9360.0,"{'StadiumID': 106, 'Active': True, 'Name': 'WVU Coliseum', 'Address': None, 'City': 'Morgantown', 'State': 'WV', 'Zip': None, 'Country': None, 'Capacity': 14000, 'GeoLat': 39.649167, 'GeoLong': -79.981111}","[{'PeriodID': 117659, 'GameID': 69091, 'Number': 1, 'Name': '1', 'Type': 'Half', 'AwayScore': 41, 'HomeScore': 59}, {'PeriodID': 117683, 'GameID': 69091, 'Number': 2, 'Name': '2', 'Type': 'Half', 'AwayScore': 56, 'HomeScore': 74}]"
7,69092,2026,1,Final,2025-11-17T00:00:00,2025-11-17T20:00:00,TULSA,KANST,5,112,136.0,138.0,2025-11-18T00:24:00,F,0.0,0.0,-19.7,263.9,940.0,-1473.0,60069092,60000005,60000112,,,,,,,,,,,Scrambled,True,2025-11-17T22:14:31,1335.0,1333.0,,,ESPN+,False,-179.0,-184.0,-184.0,-181.0,2025-11-18T01:00:00,7123.0,"{'StadiumID': 105, 'Active': True, 'Name': 'Bramlage Coliseum', 'Address': None, 'City': 'Manhattan', 'State': 'KS', 'Zip': None, 'Country': None, 'Capacity': 11000, 'GeoLat': 39.200361, 'GeoLong': -96.593833}","[{'PeriodID': 117679, 'GameID': 69092, 'Number': 1, 'Name': '1', 'Type': 'Half', 'AwayScore': 56, 'HomeScore': 64}, {'PeriodID': 117709, 'GameID': 69092, 'Number': 2, 'Name': '2', 'Type': 'Half', 'AwayScore': 81, 'HomeScore': 74}]"
8,69093,2026,1,Final,2025-11-17T00:00:00,2025-11-17T20:00:00,STNH,IOWAST,1213,110,94.0,158.0,2025-11-18T00:24:00,F,0.0,0.0,-64.9,242.5,16440.0,-16440.0,60069093,60001213,60000110,,,,,,,,,,,Scrambled,True,2025-11-17T21:45:11,504077.0,504075.0,,,ESPN+,False,-178.0,-187.0,-179.0,-184.0,2025-11-18T01:00:00,13416.0,"{'StadiumID': 56, 'Active': True, 'Name': 'Hilton Coliseum', 'Address': None, 'City': 'Ames', 'State': 'IA', 'Zip': None, 'Country': None, 'Capacity': 14384, 'GeoLat': 42.02101, 'GeoLong': -93.634763}","[{'PeriodID': 117678, 'GameID': 69093, 'Number': 1, 'Name': '1', 'Type': 'Half', 'AwayScore': 44, 'HomeScore': 69}, {'PeriodID': 117705, 'GameID': 69093, 'Number': 2, 'Name': '2', 'Type': 'Half', 'AwayScore': 49, 'HomeScore': 89}]"
9,69094,2026,1,Final,2025-11-17T00:00:00,2025-11-17T21:00:00,ALAST,COL,311,250,109.0,155.0,2025-11-18T00:24:00,F,0.0,0.0,-37.0,257.3,2676.0,-14561.0,60069094,60000311,60000250,,,,,,,,,,,Scrambled,True,2025-11-17T23:06:53,504087.0,504085.0,,,ESPN+,False,-181.0,-184.0,-181.0,-186.0,2025-11-18T02:00:00,5047.0,"{'StadiumID': 205, 'Active': True, 'Name': 'CU Events Center', 'Address': None, 'City': 'Boulder', 'State': 'CO', 'Zip': None, 'Country': None, 'Capacity': 11064, 'GeoLat': 40.0047, 'GeoLong': -105.2606}","[{'PeriodID': 117702, 'GameID': 69094, 'Number': 1, 'Name': '1', 'Type': 'Half', 'AwayScore': 36, 'HomeScore': 76}, {'PeriodID': 117720, 'GameID': 69094, 'Number': 2, 'Name': '2', 'Type': 'Half', 'AwayScore': 72, 'HomeScore': 79}]"
10,69095,2026,1,Final,2025-11-17T00:00:00,2025-11-17T21:00:00,GAST,ARZST,328,255,102.0,123.0,2025-11-18T00:24:00,F,0.0,0.0,-30.4,239.2,1984.0,-4955.0,60069095,60000328,60000255,,,,,,,,,,,Scrambled,True,2025-11-17T23:01:35,1345.0,1343.0,,,ESPN+,False,-182.0,-182.0,-181.0,-184.0,2025-11-18T02:00:00,5925.0,"{'StadiumID': 137, 'Active': True, 'Name': 'Desert Financial Arena', 'Address': None, 'City': 'Tempe', 'State': 'AZ', 'Zip': None, 'Country': None, 'Capacity': 14198, 'GeoLat': 33.424524, 'GeoLong': -111.930948}","[{'PeriodID': 117701, 'GameID': 69095, 'Number': 1, 'Name': '1', 'Type': 'Half', 'AwayScore': 64, 'HomeScore': 56}, {'PeriodID': 117719, 'GameID': 69095, 'Number': 2, 'Name': '2', 'Type': 'Half', 'AwayScore': 38, 'HomeScore': 67}]"
11,69810,2026,1,Final,2025-11-17T00:00:00,2025-11-17T21:00:00,SUTAH,GNZG,78,334,82.0,201.0,2025-11-18T00:24:00,F,0.0,0.0,-58.4,263.0,8754.0,-16440.0,60069810,60000078,60000334,,,,,,,,,,,Scrambled,True,2025-11-17T22:53:57,1348.0,1346.0,,,ESPN+,False,-184.0,-179.0,-184.0,-181.0,2025-11-18T02:00:00,6000.0,"{'StadiumID': 3, 'Active': True, 'Name': 'McCarthey Athletic Center', 'Address': None, 'City': 'Spokane', 'State': 'WA', 'Zip': None, 'Country': None, 'Capacity': 6000, 'GeoLat': 47.665, 'GeoLong': -117.399}","[{'PeriodID': 117704, 'GameID': 69810, 'Number': 1, 'Name': '1', 'Type': 'Half', 'AwayScore': 44, 'HomeScore': 97}, {'PeriodID': 117716, 'GameID': 69810, 'Number': 2, 'Name': '2', 'Type': 'Half', 'AwayScore': 38, 'HomeScore': 104}]"
12,69811,2026,1,Final,2025-11-17T00:00:00,2025-11-17T22:30:00,EOR,EWASH,744,70,120.0,150.0,2025-11-18T00:55:15,F,0.0,0.0,,,,,60069811,60000744,60000070,,,,,,,,,,,Scrambled,True,2025-11-18T00:43:49,,,,,ESPN+,False,,,,,2025-11-18T03:30:00,2121.0,"{'StadiumID': 392, 'Active': True, 'Name': 'Reese Court', 'Address': None, 'City': 'Cheney', 'State': 'WA', 'Zip': None, 'Country': None, 'Capacity': 5000, 'GeoLat': 47.4914, 'GeoLong': -117.5892}","[{'PeriodID': 117721, 'GameID': 69811, 'Number': 1, 'Name': '1', 'Type': 'Half', 'AwayScore': 61, 'HomeScore': 72}, {'PeriodID': 117726, 'GameID': 69811, 'Number': 2, 'Name': '2', 'Type': 'Half', 'AwayScore': 59, 'HomeScore': 77}]"
13,69812,2026,1,Final,2025-11-17T00:00:00,2025-11-17T19:00:00,COLG,SIENA,261,168,118.0,113.0,2025-11-18T00:24:00,F,0.0,0.0,-10.7,238.4,373.0,-477.0,60069812,60000261,60000168,,,,,,,,,,,Scrambled,True,2025-11-17T20:59:40,504057.0,504055.0,,,ESPN+,False,-184.0,-181.0,-187.0,-179.0,2025-11-18T00:00:00,4078.0,"{'StadiumID': 250, 'Active': True, 'Name': 'MVP Arena', 'Address': '51 South Pearl Street', 'City': 'Albany', 'State': 'NY', 'Zip': None, 'Country': None, 'Capacity': 15727, 'GeoLat': 42.648611, 'GeoLong': -73.754722}","[{'PeriodID': 117667, 'GameID': 69812, 'Number': 1, 'Name': '1', 'Type': 'Half', 'AwayScore': 49, 'HomeScore': 46}, {'PeriodID': 117682, 'GameID': 69812, 'Number': 2, 'Name': '2', 'Type': 'Half', 'AwayScore': 69, 'HomeScore': 67}]"
14,70210,2026,1,Final,2025-11-17T00:00:00,2025-11-17T22:00:00,CSU,PORTST,346,76,132.0,153.0,2025-11-18T00:24:00,F,0.0,0.0,-12.3,232.6,469.0,-621.0,60070210,60000346,60000076,,,,,,,,,,,Scrambled,True,2025-11-18T00:15:54,1358.0,1356.0,,,ESPN+,False,-178.0,-187.0,-184.0,-181.0,2025-11-18T03:00:00,685.0,"{'StadiumID': 174, 'Active': True, 'Name': 'Viking Pavilion', 'Address': None, 'City': 'Portland', 'State': 'OR', 'Zip': None, 'Country': None, 'Capacity': 3094, 'GeoLat': 45.510987, 'GeoLong': -122.687471}","[{'PeriodID': 117714, 'GameID': 70210, 'Number': 1, 'Name': '1', 'Type': 'Half', 'AwayScore': 53, 'HomeScore': 69}, {'PeriodID': 117725, 'GameID': 70210, 'Number': 2, 'Name': '2', 'Type': 'Half', 'AwayScore': 79, 'HomeScore': 84}]"
15,70364,2026,1,Final,2025-11-17T00:00:00,2025-11-17T22:00:00,OREGST,ORE,252,245,123.0,143.0,2025-11-18T00:39:18,F,0.0,0.0,-23.8,235.1,1212.0,-2127.0,60070364,60000252,60000245,,,,,,,,,,,Scrambled,True,2025-11-18T00:16:48,1355.0,1353.0,,,FS1,False,-186.0,-181.0,-184.0,-184.0,2025-11-18T03:00:00,7616.0,"{'StadiumID': 9, 'Active': True, 'Name': 'Matthew Knight Arena', 'Address': None, 'City': 'Eugene', 'State': 'OR', 'Zip': None, 'Country': None, 'Capacity': 12364, 'GeoLat': 44.045, 'GeoLong': -123.066}","[{'PeriodID': 117713, 'GameID': 70364, 'Number': 1, 'Name': '1', 'Type': 'Half', 'AwayScore': 56, 'HomeScore': 67}, {'PeriodID': 117723, 'GameID': 70364, 'Number': 2, 'Name': '2', 'Type': 'Half', 'AwayScore': 67, 'HomeScore': 76}]"
16,70365,2026,1,Final,2025-11-17T00:00:00,2025-11-17T21:00:00,LOYMRY,USCB,343,119,128.0,122.0,2025-11-18T00:24:00,F,0.0,0.0,-5.8,237.6,238.0,-296.0,60070365,60000343,60000119,,,,,,,,,,,Scrambled,True,2025-11-17T23:33:02,1351.0,1350.0,,,ESPN+,False,-182.0,-184.0,-184.0,-181.0,2025-11-18T02:00:00,2402.0,"{'StadiumID': 318, 'Active': True, 'Name': 'The Thunderdome', 'Address': None, 'City': 'Santa Barbara', 'State': 'CA', 'Zip': None, 'Country': None, 'Capacity': 6000, 'GeoLat': 34.413792, 'GeoLong': -119.851147}","[{'PeriodID': 117706, 'GameID': 70365, 'Number': 1, 'Name': '1', 'Type': 'Half', 'AwayScore': 51, 'HomeScore': 66}, {'PeriodID': 117717, 'GameID': 70365, 'Number': 2, 'Name': '2', 'Type': 'Half', 'AwayScore': 62, 'HomeScore': 48}, {'PeriodID': 117724, 'GameID': 70365, 'Number': 3, 'Name': 'OT', 'Type': 'Overtime', 'AwayScore': 15, 'HomeScore': 14}]"
17,70585,2026,1,Final,2025-11-17T00:00:00,2025-11-17T19:00:00,OAK,UCF,149,8,136.0,143.0,2025-11-18T00:24:00,F,0.0,0.0,-22.2,268.0,1171.0,-1920.0,60070585,60000149,60000008,,,,,,,,,,,Scrambled,True,2025-11-17T21:12:07,1325.0,1323.0,,,ESPN+,False,-182.0,-182.0,-186.0,-181.0,2025-11-18T00:00:00,5559.0,"{'StadiumID': 20, 'Active': True, 'Name': 'Addition Financial Arena', 'Address': None, 'City': 'Orlando', 'State': 'FL', 'Zip': None, 'Country': None, 'Capacity': 10000, 'GeoLat': 28.6068, 'GeoLong': -81.1976}","[{'PeriodID': 117662, 'GameID': 70585, 'Number': 1, 'Name': '1', 'Type': 'Half', 'AwayScore': 66, 'HomeScore': 72}, {'PeriodID': 117691, 'GameID': 70585, 'Number': 2, 'Name': '2', 'Type': 'Half', 'AwayScore': 71, 'HomeScore': 71}]"
18,70639,2026,1,Final,2025-11-17T00:00:00,2025-11-17T19:00:00,UWG,TENTCH,1391,234,100.0,97.0,2025-11-18T00:24:00,F,0.0,0.0,-6.6,250.7,248.0,-304.0,60070639,60001391,60000234,,,,,,,,,,,Scrambled,True,2025-11-17T20:56:28,504054.0,504052.0,,,ESPN+,False,-184.0,-182.0,-181.0,-184.0,2025-11-18T00:00:00,648.0,"{'StadiumID': 167, 'Active': True, 'Name': 'Hooper Eblen Center', 'Address': None, 'City': 'Cookeville', 'State': 'TN', 'Zip': None, 'Country': None, 'Capacity': 9280, 'GeoLat': 36.178508, 'GeoLong': -85.51}","[{'PeriodID': 117665, 'GameID': 70639, 'Number': 1, 'Name': '1', 'Type': 'Half', 'AwayScore': 54, 'HomeScore': 44}, {'PeriodID': 117676, 'GameID': 70639, 'Number': 2, 'Name': '2', 'Type': 'Half', 'AwayScore': 46, 'HomeScore': 53}]"
19,71042,2026,1,Final,2025-11-17T00:00:00,2025-11-17T19:00:00,DRAKE,CHAR,211,129,117.0,102.0,2025-11-18T00:24:00,F,0.0,0.0,-12.3,252.4,436.0,-562.0,60071042,60000211,60000129,,,,,,,,,,,Scrambled,True,2025-11-17T21:03:19,1322.0,1320.0,,,FloC,False,-186.0,-179.0,-181.0,-181.0,2025-11-18T00:00:00,4786.0,"{'StadiumID': 29, 'Active': True, 'Name': 'TD Arena', 'Address': None, 'City': 'Charleston', 'State': 'SC', 'Zip': None, 'Country': None, 'Capacity': 5100, 'GeoLat': 32.785556, 'GeoLong': -79.934444}","[{'PeriodID': 117668, 'GameID': 71042, 'Number': 1, 'Name': '1', 'Type': 'Half', 'AwayScore': 46, 'HomeScore': 41}, {'PeriodID': 117688, 'GameID': 71042, 'Number': 2, 'Name': '2', 'Type': 'Half', 'AwayScore': 71, 'HomeScore': 61}]"
20,71043,2026,1,Final,2025-11-17T00:00:00,2025-11-17T20:00:00,PVAM,MISSR,313,280,120.0,150.0,2025-11-18T00:24:00,F,0.0,0.0,-58.4,273.7,9042.0,-16440.0,60071043,60000313,60000280,,,,,,,,,,,Scrambled,True,2025-11-17T21:58:30,504080.0,504078.0,,,SEC,False,-186.0,-181.0,-182.0,-181.0,2025-11-18T01:00:00,7595.0,"{'StadiumID': 62, 'Active': True, 'Name': 'Mizzou Arena', 'Address': None, 'City': 'Columbia', 'State': 'MO', 'Zip': None, 'Country': None, 'Capacity': 15061, 'GeoLat': 38.93237, 'GeoLong': -92.33303}","[{'PeriodID': 117677, 'GameID': 71043, 'Number': 1, 'Name': '1', 'Type': 'Half', 'AwayScore': 44, 'HomeScore': 81}, {'PeriodID': 117700, 'GameID': 71043, 'Number': 2, 'Name': '2', 'Type': 'Half', 'AwayScore': 76, 'HomeScore': 69}]"
21,71044,2026,1,Final,2025-11-17T00:00:00,2025-11-17T20:00:00,ANGL,TARL,625,1024,89.0,127.0,2025-11-18T00:24:00,F,0.0,0.0,,,,,60071044,60000625,60001024,,,,,,,,,,,Scrambled,True,2025-11-17T22:09:44,,,,,ESPN+,False,,,,,2025-11-18T01:00:00,1123.0,"{'StadiumID': 487, 'Active': True, 'Name': 'Wisdom Gym', 'Address': None, 'City': 'Stephenville', 'State': 'TX', 'Zip': None, 'Country': None, 'Capacity': 3000, 'GeoLat': 32.215438, 'GeoLong': -98.220617}","[{'PeriodID': 117681, 'GameID': 71044, 'Number': 1, 'Name': '1', 'Type': 'Half', 'AwayScore': 41, 'HomeScore': 72}, {'PeriodID': 117710, 'GameID': 71044, 'Number': 2, 'Name': '2', 'Type': 'Half', 'AwayScore': 48, 'HomeScore': 54}]"
22,71045,2026,1,Final,2025-11-17T00:00:00,2025-11-17T20:00:00,SIUE,WISC,244,96,113.0,155.0,2025-11-18T00:24:00,F,0.0,0.0,-41.9,240.8,3617.0,-21783.0,60071045,60000244,60000096,,,,,,,,,,,Scrambled,True,2025-11-17T21:51:44,1338.0,1337.0,,,BTN,False,-179.0,-184.0,-184.0,-181.0,2025-11-18T01:00:00,13797.0,"{'StadiumID': 61, 'Active': True, 'Name': 'Kohl Center', 'Address': None, 'City': 'Madison', 'State': 'WI', 'Zip': None, 'Country': None, 'Capacity': 17287, 'GeoLat': 43.06942, 'GeoLong': -89.396972}","[{'PeriodID': 117680, 'GameID': 71045, 'Number': 1, 'Name': '1', 'Type': 'Half', 'AwayScore': 67, 'HomeScore': 79}, {'PeriodID': 117699, 'GameID': 71045, 'Number': 2, 'Name': '2', 'Type': 'Half', 'AwayScore': 46, 'HomeScore': 76}]"
23,71046,2026,1,Final,2025-11-17T00:00:00,2025-11-17T19:30:00,RHODE,UAB,893,134,92.0,184.0,2025-11-18T00:24:00,F,0.0,0.0,,,,,60071046,60000893,60000134,,,,,,,,,,,Scrambled,True,2025-11-17T21:18:21,,,,,ESPN+,False,,,,,2025-11-18T00:30:00,3062.0,"{'StadiumID': 64, 'Active': True, 'Name': 'Bartow Arena', 'Address': None, 'City': 'Birmingham', 'State': 'AL', 'Zip': None, 'Country': None, 'Capacity': 8500, 'GeoLat': 33.502164, 'GeoLong': -86.809244}","[{'PeriodID': 117673, 'GameID': 71046, 'Number': 1, 'Name': '1', 'Type': 'Half', 'AwayScore': 56, 'HomeScore': 99}, {'PeriodID': 117696, 'GameID': 71046, 'Number': 2, 'Name': '2', 'Type': 'Half', 'AwayScore': 36, 'HomeScore': 85}]"
24,71047,2026,1,Final,2025-11-17T00:00:00,2025-11-17T20:30:00,RICE,TENN,146,277,109.0,150.0,2025-11-18T00:24:00,F,0.0,0.0,-42.7,235.9,4603.0,-16440.0,60071047,60000146,60000277,,,,,,,,,,,Scrambled,True,2025-11-17T22:36:08,1342.0,1340.0,,,SECN,False,-181.0,-186.0,-189.0,-173.0,2025-11-18T01:30:00,17283.0,"{'StadiumID': 195, 'Active': True, 'Name': 'Thompson-Boling Arena at Food City Center', 'Address': None, 'City': 'Knoxville', 'State': 'TN', 'Zip': None, 'Country': None, 'Capacity': 21678, 'GeoLat': 35.951167, 'GeoLong': -83.925028}","[{'PeriodID': 117695, 'GameID': 71047, 'Number': 1, 'Name': '1', 'Type': 'Half', 'AwayScore': 43, 'HomeScore': 64}, {'PeriodID': 117712, 'GameID': 71047, 'Number': 2, 'Name': '2', 'Type': 'Half', 'AwayScore': 66, 'HomeScore': 85}]"
25,71048,2026,1,Final,2025-11-17T00:00:00,2025-11-17T19:00:00,CCGA,FLATL,1051,145,104.0,151.0,2025-11-18T00:24:00,F,0.0,0.0,,,,,60071048,60001051,60000145,,,,,,,,,,,Scrambled,True,2025-11-17T20:57:51,,,,,ESPN+,False,,,,,2025-11-18T00:00:00,3161.0,"{'StadiumID': 281, 'Active': True, 'Name': 'Eleanor R. Baldwin Arena', 'Address': None, 'City': 'Boca Raton', 'State': 'FL', 'Zip': None, 'Country': None, 'Capacity': 2900, 'GeoLat': 26.372222, 'GeoLong': -80.109167}","[{'PeriodID': 117666, 'GameID': 71048, 'Number': 1, 'Name': '1', 'Type': 'Half', 'AwayScore': 54, 'HomeScore': 82}, {'PeriodID': 117692, 'GameID': 71048, 'Number': 2, 'Name': '2', 'Type': 'Half', 'AwayScore': 49, 'HomeScore': 69}]"
26,71629,2026,1,Final,2025-11-17T00:00:00,2025-11-17T19:30:00,LAMAR,LAMON,303,326,130.0,109.0,2025-11-18T00:24:00,F,0.0,0.0,17.3,231.0,-1029.0,725.0,60071629,60000303,60000326,,,,,,,,,,,Scrambled,True,2025-11-17T21:22:37,504073.0,504072.0,,,ESPN+,False,-182.0,-184.0,-184.0,-181.0,2025-11-18T00:30:00,1002.0,"{'StadiumID': 369, 'Active': True, 'Name': 'Fant-Ewing Coliseum', 'Address': None, 'City': 'Monroe', 'State': 'LA', 'Zip': None, 'Country': None, 'Capacity': 7000, 'GeoLat': 32.531, 'GeoLong': -92.069}","[{'PeriodID': 117671, 'GameID': 71629, 'Number': 1, 'Name': '1', 'Type': 'Half', 'AwayScore': 66, 'HomeScore': 44}, {'PeriodID': 117697, 'GameID': 71629, 'Number': 2, 'Name': '2', 'Type': 'Half', 'AwayScore': 64, 'HomeScore': 64}]"
27,71630,2026,1,Final,2025-11-17T00:00:00,2025-11-17T19:00:00,CARO,LIBRTY,1038,84,76.0,161.0,2025-11-17T21:03:09,F,0.0,0.0,,,,,60071630,60001038,60000084,,,,,,,,,,,Scrambled,True,2025-11-17T20:45:15,,,,,ESPN+,False,,,,,2025-11-18T00:00:00,3513.0,"{'StadiumID': 493, 'Active': True, 'Name': 'Liberty Arena', 'Address': None, 'City': 'Lynchburg', 'State': 'VA', 'Zip': None, 'Country': None, 'Capacity': 4000, 'GeoLat': 37.349356, 'GeoLong': -79.180225}","[{'PeriodID': 117664, 'GameID': 71630, 'Number': 1, 'Name': '1', 'Type': 'Half', 'AwayScore': 31, 'HomeScore': 81}, {'PeriodID': 117675, 'GameID': 71630, 'Number': 2, 'Name': '2', 'Type': 'Half', 'AwayScore': 44, 'HomeScore': 81}]"
28,72000,2026,1,Final,2025-11-17T00:00:00,2025-11-17T20:00:00,SILL,NDKST,205,318,140.0,151.0,2025-11-18T00:24:00,F,0.0,0.0,-1.6,252.4,-171.0,-194.0,60072000,60000205,60000318,,,,,,,,,,,Scrambled,True,2025-11-17T21:50:32,1332.0,1330.0,,,Summ,False,-182.0,-182.0,-178.0,-186.0,2025-11-18T01:00:00,1068.0,"{'StadiumID': 178, 'Active': True, 'Name': 'Scheels Center', 'Address': None, 'City': 'Fargo', 'State': 'ND', 'Zip': None, 'Country': None, 'Capacity': 5644, 'GeoLat': 46.900442, 'GeoLong': -96.799025}","[{'PeriodID': 117687, 'GameID': 72000, 'Number': 1, 'Name': '1', 'Type': 'Half', 'AwayScore': 76, 'HomeScore': 87}, {'PeriodID': 117703, 'GameID': 72000, 'Number': 2, 'Name': '2', 'Type': 'Half', 'AwayScore': 64, 'HomeScore': 64}]"
29,72061,2026,1,Final,2025-11-17T00:00:00,2025-11-17T18:30:00,FLAM,GA,198,272,94.0,143.0,2025-11-17T20:47:40,F,0.0,0.0,-66.6,278.7,11220.0,-16440.0,60072061,60000198,60000272,,,,,,,,,,,Scrambled,True,2025-11-17T20:36:03,504050.0,504049.0,,,SECN,False,-186.0,-179.0,-184.0,-184.0,2025-11-17T23:30:00,5971.0,"{'StadiumID': 134, 'Active': True, 'Name': 'Stegeman Coliseum', 'Address': None, 'City': 'Athens', 'State': 'GA', 'Zip': None, 'Country': None, 'Capacity': 10523, 'GeoLat': 33.9428, 'GeoLong': -83.378}","[{'PeriodID': 117658, 'GameID': 72061, 'Number': 1, 'Name': '1', 'Type': 'Half', 'AwayScore': 36, 'HomeScore': 72}, {'PeriodID': 117674, 'GameID': 72061, 'Number': 2, 'Name': '2', 'Type': 'Half', 'AwayScore': 58, 'HomeScore': 71}]"
30,72062,2026,1,Final,2025-11-17T00:00:00,2025-11-17T22:00:00,BETH,SJST,412,222,92.0,181.0,2025-11-18T00:24:00,F,0.0,0.0,,,,,60072062,60000412,60000222,,,,,,,,,,,Scrambled,True,2025-11-17T23:46:36,,,,,MWN,False,,,,,2025-11-18T03:00:00,2087.0,"{'StadiumID': 415, 'Active': True, 'Name': 'Provident Credit Union Event Center', 'Address': None, 'City': 'San Jose', 'State': 'CA', 'Zip': None, 'Country': None, 'Capacity': 5000, 'GeoLat': 37.33536, 'GeoLong': -121.87985}","[{'PeriodID': 117715, 'GameID': 72062, 'Number': 1, 'Name': '1', 'Type': 'Half', 'AwayScore': 39, 'HomeScore': 89}, {'PeriodID': 117722, 'GameID': 72062, 'Number': 2, 'Name': '2', 'Type': 'Half', 'AwayScore': 53, 'HomeScore': 92}]"
31,72316,2026,1,Final,2025-11-17T00:00:00,2025-11-17T20:00:00,PERUB,SDKST,838,314,76.0,155.0,2025-11-18T00:24:00,F,0.0,0.0,,,,,60072316,60000838,60000314,,,,,,,,,,,Scrambled,True,2025-11-17T21:45:59,,,,,Summ,False,,,,,2025-11-18T01:00:00,1707.0,"{'StadiumID': 624, 'Active': True, 'Name': 'First Bank & Trust Arena', 'Address': None, 'City': 'Brookings', 'State': 'SD', 'Zip': None, 'Country': None, 'Capacity': None, 'GeoLat': None, 'GeoLong': None}","[{'PeriodID': 117686, 'GameID': 72316, 'Number': 1, 'Name': '1', 'Type': 'Half', 'AwayScore': 36, 'HomeScore': 76}, {'PeriodID': 117707, 'GameID': 72316, 'Number': 2, 'Name': '2', 'Type': 'Half', 'AwayScore': 39, 'HomeScore': 79}]"
32,72335,2026,1,Final,2025-11-17T00:00:00,2025-11-17T19:30:00,SWAD,UTRGV,1096,350,87.0,181.0,2025-11-18T00:24:00,F,0.0,0.0,,,,,60072335,60001096,60000350,,,,,,,,,,,Scrambled,True,2025-11-17T21:16:04,,,,,ESPN+,False,,,,,2025-11-18T00:30:00,2019.0,"{'StadiumID': 53, 'Active': True, 'Name': 'UTRGV Fieldhouse', 'Address': None, 'City': 'Edinburg', 'State': 'TX', 'Zip': None, 'Country': None, 'Capacity': 2500, 'GeoLat': 26.310278, 'GeoLong': -98.178056}","[{'PeriodID': 117672, 'GameID': 72335, 'Number': 1, 'Name': '1', 'Type': 'Half', 'AwayScore': 49, 'HomeScore': 95}, {'PeriodID': 117694, 'GameID': 72335, 'Number': 2, 'Name': '2', 'Type': 'Half', 'AwayScore': 38, 'HomeScore': 85}]"
33,72498,2026,1,Final,2025-11-17T00:00:00,2025-11-17T20:30:00,COE,WILL,493,322,104.0,122.0,2025-11-18T00:24:00,F,0.0,0.0,,,,,60072498,60000493,60000322,,,,,,,,,,,Scrambled,True,2025-11-17T22:28:12,,,,,ESPN+,False,,,,,2025-11-18T01:30:00,250.0,"{'StadiumID': 312, 'Active': True, 'Name': 'Western Hall', 'Address': None, 'City': 'Macomb', 'State': 'IL', 'Zip': None, 'Country': None, 'Capacity': 5139, 'GeoLat': 40.471589, 'GeoLong': -90.685201}","[{'PeriodID': 117698, 'GameID': 72498, 'Number': 1, 'Name': '1', 'Type': 'Half', 'AwayScore': 59, 'HomeScore': 56}, {'PeriodID': 117711, 'GameID': 72498, 'Number': 2, 'Name': '2', 'Type': 'Half', 'AwayScore': 44, 'HomeScore': 66}]"
0,67716,2026,1,Final,2025-11-16T00:00:00,2025-11-16T20:30:00,MIA,FL,23,271,62.0,75.0,2025-11-17T00:21:58,F,0.0,0.0,-9.6,157.6,375.0,-517.0,60067716,60000023,60000271,,,,,,,,,,,Scrambled,True,2025-11-16T22:49:42,664.0,665.0,,,ESPN,True,-101.0,-101.0,-101.0,-101.0,2025-11-17T01:30:00,8321.0,"{'StadiumID': 569, 'Active': True, 'Name': 'Veterans Memorial Arena', 'Address': '300 A Philip Randolph Blvd', 'City': 'Jacksonville', 'State': 'FL', 'Zip': '32202', 'Country': 'USA', 'Capacity': 14091, 'GeoLat': 30.3258, 'GeoLong': -81.644234}","[{'PeriodID': 117654, 'GameID': 67716, 'Number': 1, 'Name': '1', 'Type': 'Half', 'AwayScore': 27, 'HomeScore': 36}, {'PeriodID': 117657, 'GameID': 67716, 'Number': 2, 'Name': '2', 'Type': 'Half', 'AwayScore': 36, 'HomeScore': 40}]"
1,67717,2026,1,Final,2025-11-16T00:00:00,2025-11-16T15:00:00,HOU,AUBRN,6,279,67.0,66.0,2025-11-17T00:21:58,F,0.0,0.0,7.2,129.1,-336.0,263.0,60067717,60000006,60000279,,,,,,,,,,,Scrambled,True,2025-11-16T17:21:30,649.0,648.0,,,ESPN,True,-101.0,-104.0,-102.0,-101.0,2025-11-16T20:00:00,15623.0,"{'StadiumID': 382, 'Active': True, 'Name': 'Legacy Arena at BJCC', 'Address': None, 'City': 'Birmingham', 'State': 'AL', 'Zip': None, 'Country': None, 'Capacity': 17654, 'GeoLat': 33.52378, 'GeoLong': -86.812935}","[{'PeriodID': 117622, 'GameID': 67717, 'Number': 1, 'Name': '1', 'Type': 'Half', 'AwayScore': 36, 'HomeScore': 32}, {'PeriodID': 117635, 'GameID': 67717, 'Number': 2, 'Name': '2', 'Type': 'Half', 'AwayScore': 31, 'HomeScore': 34}]"
2,67833,2026,1,Final,2025-11-16T00:00:00,2025-11-16T14:00:00,WMICH,SDAK,188,321,72.0,76.0,2025-11-17T00:21:58,F,0.0,0.0,-3.7,158.5,137.0,-168.0,60067833,60000188,60000321,,,,,,,,,,,Scrambled,True,2025-11-16T15:58:24,643.0,642.0,,,Summ,False,-99.0,-106.0,-103.0,-100.0,2025-11-16T19:00:00,1234.0,"{'StadiumID': 192, 'Active': True, 'Name': 'Sanford Coyote Sports Center', 'Address': None, 'City': 'Vermillion', 'State': 'SD', 'Zip': None, 'Country': None, 'Capacity': 6004, 'GeoLat': 42.790111, 'GeoLong': -96.927806}","[{'PeriodID': 117613, 'GameID': 67833, 'Number': 1, 'Name': '1', 'Type': 'Half', 'AwayScore': 35, 'HomeScore': 37}, {'PeriodID': 117619, 'GameID': 67833, 'Number': 2, 'Name': '2', 'Type': 'Half', 'AwayScore': 37, 'HomeScore': 40}]"
3,68167,2026,1,Final,2025-11-16T00:00:00,2025-11-16T13:00:00,HAMP,HOLY,189,264,56.0,62.0,2025-11-17T00:21:58,F,0.0,0.0,3.8,136.5,-190.0,155.0,60068167,60000189,60000264,,,,,,,,,,,Scrambled,True,2025-11-16T15:01:38,281740.0,281739.0,,,ESPN+,True,-104.0,-100.0,-104.0,-98.0,2025-11-16T18:00:00,225.0,"{'StadiumID': 285, 'Active': True, 'Name': 'Pizzitola Sports Center', 'Address': None, 'City': 'Providence', 'State': 'RI', 'Zip': None, 'Country': None, 'Capacity': 2800, 'GeoLat': 41.831743, 'GeoLong': -71.398043}","[{'PeriodID': 117595, 'GameID': 68167, 'Number': 1, 'Name': '1', 'Type': 'Half', 'AwayScore': 27, 'HomeScore': 29}, {'PeriodID': 117602, 'GameID': 68167, 'Number': 2, 'Name': '2', 'Type': 'Half', 'AwayScore': 29, 'HomeScore': 32}]"
4,68168,2026,1,Final,2025-11-16T00:00:00,2025-11-16T14:00:00,CENCON,UMASS,232,55,71.0,77.0,2025-11-17T00:21:58,F,0.0,0.0,-11.0,132.3,456.0,-675.0,60068168,60000232,60000055,,,,,,,,,,,Scrambled,True,2025-11-16T16:12:21,281742.0,281741.0,,,ESPN+,False,-100.0,-105.0,-101.0,-104.0,2025-11-16T19:00:00,2743.0,"{'StadiumID': 296, 'Active': True, 'Name': 'William D. Mullins Memorial Center', 'Address': None, 'City': 'Amherst', 'State': 'MA', 'Zip': None, 'Country': None, 'Capacity': 9493, 'GeoLat': 42.389381, 'GeoLong': -72.533439}","[{'PeriodID': 117607, 'GameID': 68168, 'Number': 1, 'Name': '1', 'Type': 'Half', 'AwayScore': 26, 'HomeScore': 47}, {'PeriodID': 117621, 'GameID': 68168, 'Number': 2, 'Name': '2', 'Type': 'Half', 'AwayScore': 45, 'HomeScore': 30}]"
5,68169,2026,1,Final,2025-11-16T00:00:00,2025-11-16T17:00:00,HARVRD,MARIST,164,176,51.0,50.0,2025-11-17T00:21:58,F,0.0,0.0,-5.1,119.9,185.0,-231.0,60068169,60000164,60000176,,,,,,,,,,,Scrambled,True,2025-11-16T19:02:04,651.0,650.0,,,ESPN+,False,-99.0,-106.0,-101.0,-101.0,2025-11-16T22:00:00,1884.0,"{'StadiumID': 162, 'Active': True, 'Name': 'McCann Center', 'Address': None, 'City': 'Poughkeepsie', 'State': 'NY', 'Zip': None, 'Country': None, 'Capacity': 3200, 'GeoLat': 41.718431, 'GeoLong': -73.934}","[{'PeriodID': 117638, 'GameID': 68169, 'Number': 1, 'Name': '1', 'Type': 'Half', 'AwayScore': 21, 'HomeScore': 22}, {'PeriodID': 117644, 'GameID': 68169, 'Number': 2, 'Name': '2', 'Type': 'Half', 'AwayScore': 30, 'HomeScore': 28}]"
6,68314,2026,1,Final,2025-11-16T00:00:00,2025-11-16T18:00:00,MSTM,CIN,226,4,51.0,66.0,2025-11-17T00:21:58,F,0.0,0.0,-23.4,133.7,2481.0,-18380.0,60068314,60000226,60000004,,,,,,,,,,,Scrambled,True,2025-11-16T20:02:23,656.0,655.0,,,ESPN+,False,-102.0,-100.0,-101.0,-101.0,2025-11-16T23:00:00,9007.0,"{'StadiumID': 86, 'Active': True, 'Name': 'Fifth Third Arena', 'Address': None, 'City': 'Cincinnati', 'State': 'OH', 'Zip': None, 'Country': None, 'Capacity': 12012, 'GeoLat': 39.131101, 'GeoLong': -84.514207}","[{'PeriodID': 117645, 'GameID': 68314, 'Number': 1, 'Name': '1', 'Type': 'Half', 'AwayScore': 33, 'HomeScore': 28}, {'PeriodID': 117650, 'GameID': 68314, 'Number': 2, 'Name': '2', 'Type': 'Half', 'AwayScore': 17, 'HomeScore': 39}]"
7,68315,2026,1,Final,2025-11-16T00:00:00,2025-11-16T14:00:00,TAMU,OKST,292,113,63.0,78.0,2025-11-17T00:21:58,F,0.0,0.0,-18.8,142.0,1323.0,-4963.0,60068315,60000292,60000113,,,,,,,,,,,Scrambled,True,2025-11-16T16:08:08,281745.0,281744.0,,,ESPN+,False,-104.0,-99.0,-101.0,-101.0,2025-11-16T19:00:00,6251.0,"{'StadiumID': 216, 'Active': True, 'Name': 'Gallagher-Iba Arena', 'Address': None, 'City': 'Stillwater', 'State': 'OK', 'Zip': None, 'Country': None, 'Capacity': 13611, 'GeoLat': 36.125833, 'GeoLong': -97.065}","[{'PeriodID': 117611, 'GameID': 68315, 'Number': 1, 'Name': '1', 'Type': 'Half', 'AwayScore': 32, 'HomeScore': 34}, {'PeriodID': 117626, 'GameID': 68315, 'Number': 2, 'Name': '2', 'Type': 'Half', 'AwayScore': 31, 'HomeScore': 44}]"
8,68316,2026,1,Final,2025-11-16T00:00:00,2025-11-16T19:00:00,ILLST,LBST,204,117,75.0,74.0,2025-11-17T00:21:58,F,0.0,0.0,7.2,131.0,-392.0,297.0,60068316,60000204,60000117,,,,,,,,,,,Scrambled,True,2025-11-16T21:15:45,658.0,657.0,,,ESPN+,False,-103.0,-100.0,-100.0,-104.0,2025-11-17T00:00:00,1480.0,"{'StadiumID': 284, 'Active': True, 'Name': 'Walter Pyramid', 'Address': None, 'City': 'Long Beach', 'State': 'CA', 'Zip': None, 'Country': None, 'Capacity': 4200, 'GeoLat': 33.787222, 'GeoLong': -118.114167}","[{'PeriodID': 117649, 'GameID': 68316, 'Number': 1, 'Name': '1', 'Type': 'Half', 'AwayScore': 39, 'HomeScore': 31}, {'PeriodID': 117653, 'GameID': 68316, 'Number': 2, 'Name': '2', 'Type': 'Half', 'AwayScore': 37, 'HomeScore': 42}]"
9,68537,2026,1,Final,2025-11-16T00:00:00,2025-11-16T17:00:00,COLST,LOYCH,217,209,74.0,62.0,2025-11-17T00:21:58,F,0.0,0.0,3.4,139.2,-176.0,142.0,60068537,60000217,60000209,,,,,,,,,,,Scrambled,True,2025-11-16T19:01:08,652.0,652.0,,,ESPN+,False,-101.0,-104.0,-102.0,-102.0,2025-11-16T22:00:00,2999.0,"{'StadiumID': 71, 'Active': True, 'Name': 'Joseph J. Gentile Arena', 'Address': None, 'City': 'Chicago', 'State': 'IL', 'Zip': None, 'Country': None, 'Capacity': 4557, 'GeoLat': 42.000556, 'GeoLong': -87.658889}","[{'PeriodID': 117637, 'GameID': 68537, 'Number': 1, 'Name': '1', 'Type': 'Half', 'AwayScore': 30, 'HomeScore': 19}, {'PeriodID': 117646, 'GameID': 68537, 'Number': 2, 'Name': '2', 'Type': 'Half', 'AwayScore': 43, 'HomeScore': 42}]"
10,68760,2026,1,Final,2025-11-16T00:00:00,2025-11-16T14:00:00,MASLOW,WAKE,16,34,69.0,100.0,2025-11-17T00:21:58,F,0.0,0.0,-28.9,152.1,3194.0,-68925.0,60068760,60000016,60000034,,,,,,,,,,,Scrambled,True,2025-11-16T16:00:34,281747.0,281746.0,,,ACC,False,-102.0,-102.0,-101.0,-103.0,2025-11-16T19:00:00,6825.0,"{'StadiumID': 152, 'Active': True, 'Name': 'Lawrence Joel Coliseum', 'Address': None, 'City': 'Winston-Salem', 'State': 'NC', 'Zip': None, 'Country': None, 'Capacity': 14665, 'GeoLat': 36.127866, 'GeoLong': -80.257628}","[{'PeriodID': 117605, 'GameID': 68760, 'Number': 1, 'Name': '1', 'Type': 'Half', 'AwayScore': 35, 'HomeScore': 44}, {'PeriodID': 117624, 'GameID': 68760, 'Number': 2, 'Name': '2', 'Type': 'Half', 'AwayScore': 34, 'HomeScore': 56}]"
11,68761,2026,1,Final,2025-11-16T00:00:00,2025-11-16T14:00:00,CHARLT,VTECH,142,31,70.0,77.0,2025-11-17T00:21:58,F,0.0,0.0,-17.0,133.7,1037.0,-2481.0,60068761,60000142,60000031,,,,,,,,,,,Scrambled,True,2025-11-16T16:19:07,647.0,646.0,,,ACC,False,-102.0,-103.0,-102.0,-102.0,2025-11-16T19:00:00,5295.0,"{'StadiumID': 107, 'Active': True, 'Name': 'Cassell Coliseum', 'Address': None, 'City': 'Blacksburg', 'State': 'VA', 'Zip': None, 'Country': None, 'Capacity': 8925, 'GeoLat': 37.222222, 'GeoLong': -80.418889}","[{'PeriodID': 117604, 'GameID': 68761, 'Number': 1, 'Name': '1', 'Type': 'Half', 'AwayScore': 29, 'HomeScore': 40}, {'PeriodID': 117625, 'GameID': 68761, 'Number': 2, 'Name': '2', 'Type': 'Half', 'AwayScore': 40, 'HomeScore': 37}]"
12,68762,2026,1,Final,2025-11-16T00:00:00,2025-11-16T12:30:00,ND,OHIOST,25,98,58.0,59.0,2025-11-17T00:21:58,F,0.0,0.0,-8.7,143.4,338.0,-459.0,60068762,60000025,60000098,,,,,,,,,,,Scrambled,True,2025-11-16T14:45:49,641.0,641.0,,,FS1,False,-98.0,-104.0,-100.0,-104.0,2025-11-16T17:30:00,12357.0,"{'StadiumID': 233, 'Active': True, 'Name': 'Value City Arena', 'Address': None, 'City': 'Columbus', 'State': 'OH', 'Zip': None, 'Country': None, 'Capacity': 19049, 'GeoLat': 40.007511, 'GeoLong': -83.025102}","[{'PeriodID': 117591, 'GameID': 68762, 'Number': 1, 'Name': '1', 'Type': 'Half', 'AwayScore': 31, 'HomeScore': 28}, {'PeriodID': 117599, 'GameID': 68762, 'Number': 2, 'Name': '2', 'Type': 'Half', 'AwayScore': 27, 'HomeScore': 30}]"
13,69174,2026,1,Final,2025-11-16T00:00:00,2025-11-16T14:00:00,LOYMD,FAIR,262,170,75.0,78.0,2025-11-17T00:21:58,F,0.0,0.0,-5.5,125.4,188.0,-242.0,60069174,60000262,60000170,,,,,,,,,,,Scrambled,True,2025-11-16T15:59:00,281743.0,281742.0,,,ESPN+,False,-105.0,-100.0,-100.0,-105.0,2025-11-16T19:00:00,1915.0,"{'StadiumID': 565, 'Active': True, 'Name': 'Leo D. Mahoney Arena', 'Address': None, 'City': 'Fairfield', 'State': 'CT', 'Zip': None, 'Country': None, 'Capacity': 3500, 'GeoLat': None, 'GeoLong': None}","[{'PeriodID': 117608, 'GameID': 69174, 'Number': 1, 'Name': '1', 'Type': 'Half', 'AwayScore': 29, 'HomeScore': 37}, {'PeriodID': 117617, 'GameID': 69174, 'Number': 2, 'Name': '2', 'Type': 'Half', 'AwayScore': 46, 'HomeScore': 41}]"
14,69239,2026,1,Final,2025-11-16T00:00:00,2025-11-16T17:00:00,UNLV,MPHS,218,7,85.0,72.0,2025-11-17T00:21:58,F,0.0,0.0,-8.7,149.8,356.0,-496.0,60069239,60000218,60000007,,,,,,,,,,,Scrambled,True,2025-11-16T19:32:23,654.0,653.0,,,ESPN,False,-102.0,-102.0,-104.0,-101.0,2025-11-16T22:00:00,10927.0,"{'StadiumID': 47, 'Active': True, 'Name': 'FedExForum', 'Address': None, 'City': 'Memphis', 'State': 'TN', 'Zip': None, 'Country': None, 'Capacity': 18400, 'GeoLat': 35.138333, 'GeoLong': -90.050556}","[{'PeriodID': 117642, 'GameID': 69239, 'Number': 1, 'Name': '1', 'Type': 'Half', 'AwayScore': 45, 'HomeScore': 33}, {'PeriodID': 117647, 'GameID': 69239, 'Number': 2, 'Name': '2', 'Type': 'Half', 'AwayScore': 40, 'HomeScore': 39}]"
15,69279,2026,1,Final,2025-11-16T00:00:00,2025-11-16T13:00:00,BRYANT,VALP,231,148,46.0,62.0,2025-11-17T00:21:58,F,0.0,0.0,-6.0,131.4,223.0,-285.0,60069279,60000231,60000148,,,,,,,,,,,Scrambled,True,2025-11-16T14:53:36,281736.0,281735.0,,,ESPN+,False,-99.0,-104.0,-104.0,-101.0,2025-11-16T18:00:00,980.0,"{'StadiumID': 256, 'Active': True, 'Name': 'Athletics-Recreation Center', 'Address': None, 'City': 'Valparaiso', 'State': 'IN', 'Zip': None, 'Country': None, 'Capacity': 5000, 'GeoLat': 41.464198, 'GeoLong': -87.048338}","[{'PeriodID': 117594, 'GameID': 69279, 'Number': 1, 'Name': '1', 'Type': 'Half', 'AwayScore': 28, 'HomeScore': 20}, {'PeriodID': 117614, 'GameID': 69279, 'Number': 2, 'Name': '2', 'Type': 'Half', 'AwayScore': 18, 'HomeScore': 42}]"
16,69280,2026,1,Final,2025-11-16T00:00:00,2025-11-16T19:30:00,AKRON,PUR,177,94,73.0,89.0,2025-11-17T00:21:58,F,0.0,0.0,-17.0,150.3,1083.0,-2599.0,60069280,60000177,60000094,,,,,,,,,,,Scrambled,True,2025-11-16T21:37:39,662.0,661.0,,,BTN,False,-96.0,-107.0,-105.0,-100.0,2025-11-17T00:30:00,14876.0,"{'StadiumID': 14, 'Active': True, 'Name': 'Mackey Arena', 'Address': None, 'City': 'West Lafayette', 'State': 'IN', 'Zip': None, 'Country': None, 'Capacity': 14876, 'GeoLat': 40.433322, 'GeoLong': -86.916144}","[{'PeriodID': 117651, 'GameID': 69280, 'Number': 1, 'Name': '1', 'Type': 'Half', 'AwayScore': 36, 'HomeScore': 48}, {'PeriodID': 117655, 'GameID': 69280, 'Number': 2, 'Name': '2', 'Type': 'Half', 'AwayScore': 37, 'HomeScore': 41}]"
17,69281,2026,1,Final,2025-11-16T00:00:00,2025-11-16T14:00:00,QUIN,MAINE,174,17,64.0,59.0,2025-11-17T00:21:58,F,0.0,0.0,3.0,125.9,-170.0,138.0,60069281,60000174,60000017,,,,,,,,,,,Scrambled,True,2025-11-16T16:13:57,281749.0,281748.0,,,ESPN+,False,-106.0,-98.0,-105.0,-100.0,2025-11-16T19:00:00,1380.0,"{'StadiumID': 564, 'Active': True, 'Name': 'Memorial Gymnasium (ME)', 'Address': None, 'City': 'Orono', 'State': 'ME', 'Zip': None, 'Country': None, 'Capacity': 3100, 'GeoLat': None, 'GeoLong': None}","[{'PeriodID': 117609, 'GameID': 69281, 'Number': 1, 'Name': '1', 'Type': 'Half', 'AwayScore': 26, 'HomeScore': 33}, {'PeriodID': 117623, 'GameID': 69281, 'Number': 2, 'Name': '2', 'Type': 'Half', 'AwayScore': 39, 'HomeScore': 26}]"
18,69605,2026,1,Final,2025-11-16T00:00:00,2025-11-16T16:00:00,JAC,ALAAM,741,309,60.0,68.0,2025-11-17T00:21:58,F,0.0,0.0,-2.8,138.3,119.0,-149.0,60069605,60000741,60000309,,,,,,,,,,,Scrambled,True,2025-11-16T17:58:14,281756.0,281755.0,,,SWAC,False,-102.0,-102.0,-101.0,-104.0,2025-11-16T21:00:00,1250.0,"{'StadiumID': 578, 'Active': True, 'Name': 'Alabama A&M Event Center', 'Address': None, 'City': 'Huntsville', 'State': 'AL', 'Zip': None, 'Country': None, 'Capacity': 6000, 'GeoLat': 34.781139, 'GeoLong': -86.580528}","[{'PeriodID': 117630, 'GameID': 69605, 'Number': 1, 'Name': '1', 'Type': 'Half', 'AwayScore': 29, 'HomeScore': 31}, {'PeriodID': 117636, 'GameID': 69605, 'Number': 2, 'Name': '2', 'Type': 'Half', 'AwayScore': 30, 'HomeScore': 37}]"
19,69606,2026,1,Final,2025-11-16T00:00:00,2025-11-16T16:00:00,MANHV,FORDM,1104,53,57.0,88.0,2025-11-17T00:21:58,F,0.0,0.0,,,,,60069606,60001104,60000053,,,,,,,,,,,Scrambled,True,2025-11-16T17:49:05,,,,,ESPN+,False,,,,,2025-11-16T21:00:00,649.0,"{'StadiumID': 279, 'Active': True, 'Name': 'Rose Hill Gymnasium', 'Address': None, 'City': 'Bronx', 'State': 'NY', 'Zip': None, 'Country': None, 'Capacity': 3200, 'GeoLat': 40.862148, 'GeoLong': -73.883824}","[{'PeriodID': 117632, 'GameID': 69606, 'Number': 1, 'Name': '1', 'Type': 'Half', 'AwayScore': 22, 'HomeScore': 34}, {'PeriodID': 117639, 'GameID': 69606, 'Number': 2, 'Name': '2', 'Type': 'Half', 'AwayScore': 35, 'HomeScore': 54}]"
20,69806,2026,1,Final,2025-11-16T00:00:00,2025-11-16T13:00:00,CUKY,NKENT,1336,154,67.0,93.0,2025-11-17T00:21:58,F,0.0,0.0,,,,,60069806,60001336,60000154,,,,,,,,,,,Scrambled,True,2025-11-16T14:46:50,,,,,ESPN+,False,,,,,2025-11-16T18:00:00,1743.0,"{'StadiumID': 320, 'Active': True, 'Name': 'Truist Arena', 'Address': None, 'City': 'Highland Heights', 'State': 'KY', 'Zip': None, 'Country': None, 'Capacity': 8427, 'GeoLat': 39.032273, 'GeoLong': -84.458864}","[{'PeriodID': 117593, 'GameID': 69806, 'Number': 1, 'Name': '1', 'Type': 'Half', 'AwayScore': 28, 'HomeScore': 39}, {'PeriodID': 117612, 'GameID': 69806, 'Number': 2, 'Name': '2', 'Type': 'Half', 'AwayScore': 39, 'HomeScore': 54}]"
21,69807,2026,1,Final,2025-11-16T00:00:00,2025-11-16T15:00:00,TENST,WKENT,235,144,75.0,87.0,2025-11-17T00:21:58,F,0.0,0.0,-11.5,153.9,516.0,-798.0,60069807,60000235,60000144,,,,,,,,,,,Scrambled,True,2025-11-16T17:07:08,660.0,659.0,,,ESPN+,False,-100.0,-104.0,-101.0,-102.0,2025-11-16T20:00:00,2845.0,"{'StadiumID': 165, 'Active': True, 'Name': 'E. A. Diddle Arena', 'Address': None, 'City': 'Bowling Green', 'State': 'KY', 'Zip': None, 'Country': None, 'Capacity': 7523, 'GeoLat': 36.985833, 'GeoLong': -86.4575}","[{'PeriodID': 117620, 'GameID': 69807, 'Number': 1, 'Name': '1', 'Type': 'Half', 'AwayScore': 40, 'HomeScore': 47}, {'PeriodID': 117634, 'GameID': 69807, 'Number': 2, 'Name': '2', 'Type': 'Half', 'AwayScore': 36, 'HomeScore': 40}]"
22,69808,2026,1,Final,2025-11-16T00:00:00,2025-11-16T12:00:00,KENTST,WRGHT,178,150,70.0,66.0,2025-11-16T14:20:01,F,0.0,0.0,3.8,143.4,-177.0,143.0,60069808,60000178,60000150,,,,,,,,,,,Scrambled,True,2025-11-16T14:14:09,637.0,638.0,,,PTB,True,-100.0,-104.0,-103.0,-101.0,2025-11-16T17:00:00,,"{'StadiumID': 586, 'Active': True, 'Name': 'The Greenbrier', 'Address': None, 'City': 'White Sulphur Springs', 'State': 'WV', 'Zip': None, 'Country': None, 'Capacity': None, 'GeoLat': None, 'GeoLong': None}","[{'PeriodID': 117587, 'GameID': 69808, 'Number': 1, 'Name': '1', 'Type': 'Half', 'AwayScore': 29, 'HomeScore': 29}, {'PeriodID': 117592, 'GameID': 69808, 'Number': 2, 'Name': '2', 'Type': 'Half', 'AwayScore': 28, 'HomeScore': 28}, {'PeriodID': 117601, 'GameID': 69808, 'Number': 3, 'Name': 'OT', 'Type': 'Overtime', 'AwayScore': 13, 'HomeScore': 8}]"
23,69809,2026,1,Final,2025-11-16T00:00:00,2025-11-16T20:00:00,TROY,CSUNR,333,121,78.0,86.0,2025-11-17T00:21:58,F,0.0,0.0,3.8,143.8,-184.0,145.0,60069809,60000333,60000121,,,,,,,,,,,Scrambled,True,2025-11-16T21:57:04,664.0,663.0,,,ESPN+,False,-100.0,-104.0,-104.0,-101.0,2025-11-17T01:00:00,659.0,"{'StadiumID': 243, 'Active': True, 'Name': 'Premier America Credit Union', 'Address': None, 'City': 'Northridge', 'State': 'CA', 'Zip': None, 'Country': None, 'Capacity': 2200, 'GeoLat': 34.241974, 'GeoLong': -118.526484}","[{'PeriodID': 117652, 'GameID': 69809, 'Number': 1, 'Name': '1', 'Type': 'Half', 'AwayScore': 45, 'HomeScore': 47}, {'PeriodID': 117656, 'GameID': 69809, 'Number': 2, 'Name': '2', 'Type': 'Half', 'AwayScore': 33, 'HomeScore': 40}]"
24,70584,2026,1,Final,2025-11-16T00:00:00,2025-11-16T14:00:00,SAMF,CARK,289,298,77.0,71.0,2025-11-17T00:21:58,F,0.0,0.0,5.5,139.2,-285.0,225.0,60070584,60000289,60000298,,,,,,,,,,,Scrambled,True,2025-11-16T16:08:43,281751.0,281750.0,,,ESPN+,False,-106.0,-98.0,-105.0,-100.0,2025-11-16T19:00:00,819.0,"{'StadiumID': 308, 'Active': True, 'Name': 'Farris Center', 'Address': None, 'City': 'Conway', 'State': 'AR', 'Zip': None, 'Country': None, 'Capacity': 5500, 'GeoLat': 35.081667, 'GeoLong': -92.459444}","[{'PeriodID': 117606, 'GameID': 70584, 'Number': 1, 'Name': '1', 'Type': 'Half', 'AwayScore': 28, 'HomeScore': 38}, {'PeriodID': 117618, 'GameID': 70584, 'Number': 2, 'Name': '2', 'Type': 'Half', 'AwayScore': 35, 'HomeScore': 25}, {'PeriodID': 117629, 'GameID': 70584, 'Number': 3, 'Name': 'OT', 'Type': 'Overtime', 'AwayScore': 15, 'HomeScore': 8}]"
25,70638,2026,1,Final,2025-11-16T00:00:00,2025-11-16T13:00:00,STETSN,WCAR,41,287,60.0,70.0,2025-11-17T00:21:58,F,0.0,0.0,-11.5,142.9,489.0,-742.0,60070638,60000041,60000287,,,,,,,,,,,Scrambled,True,2025-11-16T14:56:58,281738.0,281737.0,,,ESPN+,False,-103.0,-101.0,-101.0,-103.0,2025-11-16T18:00:00,1698.0,"{'StadiumID': 146, 'Active': True, 'Name': 'Ramsey Center', 'Address': None, 'City': 'Cullowhee', 'State': 'NC', 'Zip': None, 'Country': None, 'Capacity': 7826, 'GeoLat': 35.303752, 'GeoLong': -83.18234}","[{'PeriodID': 117596, 'GameID': 70638, 'Number': 1, 'Name': '1', 'Type': 'Half', 'AwayScore': 30, 'HomeScore': 35}, {'PeriodID': 117603, 'GameID': 70638, 'Number': 2, 'Name': '2', 'Type': 'Half', 'AwayScore': 29, 'HomeScore': 35}]"
26,70869,2026,1,Final,2025-11-16T00:00:00,2025-11-16T12:00:00,WAG,UMBC,223,19,64.0,65.0,2025-11-17T00:21:58,F,0.0,0.0,-6.0,128.7,212.0,-267.0,60070869,60000223,60000019,,,,,,,,,,,Scrambled,True,2025-11-16T14:25:00,281734.0,281733.0,,,ESPN+,False,-105.0,-99.0,-100.0,-105.0,2025-11-16T17:00:00,1062.0,"{'StadiumID': 449, 'Active': True, 'Name': 'Chesapeake Employers Insurance Arena', 'Address': '1000 Hilltop Circle', 'City': 'Baltimore', 'State': 'MD', 'Zip': '21250', 'Country': None, 'Capacity': 4654, 'GeoLat': 39.252342, 'GeoLong': -76.707431}","[{'PeriodID': 117588, 'GameID': 70869, 'Number': 1, 'Name': '1', 'Type': 'Half', 'AwayScore': 29, 'HomeScore': 26}, {'PeriodID': 117597, 'GameID': 70869, 'Number': 2, 'Name': '2', 'Type': 'Half', 'AwayScore': 26, 'HomeScore': 29}, {'PeriodID': 117615, 'GameID': 70869, 'Number': 3, 'Name': 'OT', 'Type': 'Overtime', 'AwayScore': 8, 'HomeScore': 10}]"
27,70870,2026,1,Final,2025-11-16T00:00:00,2025-11-16T14:30:00,RADF,CLVST,86,156,75.0,80.0,2025-11-17T00:21:58,F,0.0,0.0,7.2,149.3,-355.0,271.0,60070870,60000086,60000156,,,,,,,,,,,Scrambled,True,2025-11-16T16:56:10,281753.0,281752.0,,,PTB,True,-102.0,-101.0,-102.0,-102.0,2025-11-16T19:30:00,459.0,"{'StadiumID': 586, 'Active': True, 'Name': 'The Greenbrier', 'Address': None, 'City': 'White Sulphur Springs', 'State': 'WV', 'Zip': None, 'Country': None, 'Capacity': None, 'GeoLat': None, 'GeoLong': None}","[{'PeriodID': 117616, 'GameID': 70870, 'Number': 1, 'Name': '1', 'Type': 'Half', 'AwayScore': 45, 'HomeScore': 33}, {'PeriodID': 117628, 'GameID': 70870, 'Number': 2, 'Name': '2', 'Type': 'Half', 'AwayScore': 30, 'HomeScore': 47}]"
28,71039,2026,1,Final,2025-11-16T00:00:00,2025-11-16T17:30:00,INCAR,IND,294,93,56.0,63.0,2025-11-17T00:21:58,F,0.0,0.0,-26.7,144.7,3033.0,-18380.0,60071039,60000294,60000093,,,,,,,,,,,Scrambled,True,2025-11-16T19:30:26,281758.0,281757.0,,,BTN,False,-101.0,-104.0,-105.0,-100.0,2025-11-16T22:30:00,17222.0,"{'StadiumID': 130, 'Active': True, 'Name': 'Simon Skjodt Assembly Hall', 'Address': '1001 E 17th Street', 'City': 'Bloomington', 'State': 'IN', 'Zip': '47408', 'Country': 'USA', 'Capacity': 17222, 'GeoLat': 39.180833, 'GeoLong': -86.522222}","[{'PeriodID': 117643, 'GameID': 71039, 'Number': 1, 'Name': '1', 'Type': 'Half', 'AwayScore': 17, 'HomeScore': 32}, {'PeriodID': 117648, 'GameID': 71039, 'Number': 2, 'Name': '2', 'Type': 'Half', 'AwayScore': 39, 'HomeScore': 31}]"
29,71040,2026,1,Final,2025-11-16T00:00:00,2025-11-16T14:00:00,SFL,KENEST,11,42,99.0,82.0,2025-11-17T00:21:58,F,0.0,0.0,6.3,162.2,-290.0,227.0,60071040,60000011,60000042,,,,,,,,,,,Scrambled,True,2025-11-16T16:26:16,645.0,644.0,,,ESPN+,False,-100.0,-103.0,-103.0,-102.0,2025-11-16T19:00:00,2167.0,"{'StadiumID': 275, 'Active': True, 'Name': 'KSU Convocation Center', 'Address': None, 'City': 'Kennesaw', 'State': 'GA', 'Zip': None, 'Country': None, 'Capacity': 4600, 'GeoLat': 34.036924, 'GeoLong': -84.580329}","[{'PeriodID': 117610, 'GameID': 71040, 'Number': 1, 'Name': '1', 'Type': 'Half', 'AwayScore': 51, 'HomeScore': 38}, {'PeriodID': 117627, 'GameID': 71040, 'Number': 2, 'Name': '2', 'Type': 'Half', 'AwayScore': 48, 'HomeScore': 44}]"
30,71041,2026,1,Final,2025-11-16T00:00:00,2025-11-16T16:00:00,PRESB,SACST,89,77,57.0,59.0,2025-11-17T00:21:58,F,0.0,0.0,-6.0,138.3,199.0,-254.0,60071041,60000089,60000077,,,,,,,,,,,Scrambled,True,2025-11-16T18:05:56,281754.0,281753.0,,,ESPN+,False,-104.0,-100.0,-103.0,-101.0,2025-11-16T21:00:00,2216.0,"{'StadiumID': 628, 'Active': True, 'Name': 'The Well', 'Address': None, 'City': 'Sacramento', 'State': 'CA', 'Zip': None, 'Country': None, 'Capacity': None, 'GeoLat': None, 'GeoLong': None}","[{'PeriodID': 117631, 'GameID': 71041, 'Number': 1, 'Name': '1', 'Type': 'Half', 'AwayScore': 33, 'HomeScore': 25}, {'PeriodID': 117641, 'GameID': 71041, 'Number': 2, 'Name': '2', 'Type': 'Half', 'AwayScore': 24, 'HomeScore': 34}]"
31,71628,2026,1,Final,2025-11-16T00:00:00,2025-11-16T12:30:00,KYCH,MHST,435,236,47.0,111.0,2025-11-17T00:21:58,F,0.0,0.0,,,,,60071628,60000435,60000236,,,,,,,,,,,Scrambled,True,2025-11-16T14:19:47,,,,,ESPN+,False,,,,,2025-11-16T17:30:00,1013.0,"{'StadiumID': 280, 'Active': True, 'Name': 'Ellis T. Johnson Arena', 'Address': None, 'City': 'Morehead', 'State': 'KY', 'Zip': None, 'Country': None, 'Capacity': 6500, 'GeoLat': 38.188786, 'GeoLong': -83.429006}","[{'PeriodID': 117590, 'GameID': 71628, 'Number': 1, 'Name': '1', 'Type': 'Half', 'AwayScore': 24, 'HomeScore': 55}, {'PeriodID': 117600, 'GameID': 71628, 'Number': 2, 'Name': '2', 'Type': 'Half', 'AwayScore': 23, 'HomeScore': 56}]"
32,72060,2026,1,Final,2025-11-16T00:00:00,2025-11-16T16:00:00,LORAS,USI,1277,1212,68.0,84.0,2025-11-17T00:21:58,F,0.0,0.0,,,,,60072060,60001277,60001212,,,,,,,,,,,Scrambled,True,2025-11-16T17:57:15,,,,,ESPN+,False,,,,,2025-11-16T21:00:00,734.0,"{'StadiumID': 541, 'Active': True, 'Name': 'Screaming Eagles Arena', 'Address': None, 'City': 'Evansville', 'State': 'IN', 'Zip': None, 'Country': None, 'Capacity': 4800, 'GeoLat': None, 'GeoLong': None}","[{'PeriodID': 117633, 'GameID': 72060, 'Number': 1, 'Name': '1', 'Type': 'Half', 'AwayScore': 27, 'HomeScore': 40}, {'PeriodID': 117640, 'GameID': 72060, 'Number': 2, 'Name': '2', 'Type': 'Half', 'AwayScore': 41, 'HomeScore': 43}]"
33,72354,2026,1,Canceled,2025-11-16T00:00:00,2025-11-16T13:00:00,DXST,HAWAII,750,115,,,2025-11-11T14:11:36,,,,,,,,60072354,60000750,60000115,,,,,,,,,,,Scrambled,False,,,,,,ESPN+,False,,,,,2025-11-16T18:00:00,,"{'StadiumID': 142, 'Active': True, 'Name': 'Stan Sheriff Center', 'Address': None, 'City': 'Honolulu', 'State': 'HI', 'Zip': None, 'Country': None, 'Capacity': 10300, 'GeoLat': 21.294292, 'GeoLong': -157.818875}",[]
34,72583,2026,1,Final,2025-11-16T00:00:00,2025-11-16T12:00:00,APPLST,DART,331,165,78.0,71.0,2025-11-17T00:21:58,F,0.0,0.0,0.8,129.1,-105.0,-98.0,60072583,60000331,60000165,,,,,,,,,,,Scrambled,True,2025-11-16T14:12:25,640.0,639.0,,,ESPN+,False,-101.0,-103.0,-100.0,-103.0,2025-11-16T17:00:00,807.0,"{'StadiumID': 353, 'Active': True, 'Name': 'Edward Leede Arena', 'Address': None, 'City': 'Hanover', 'State': 'NH', 'Zip': None, 'Country': None, 'Capacity': 2100, 'GeoLat': 43.703056, 'GeoLong': -72.283333}","[{'PeriodID': 117589, 'GameID': 72583, 'Number': 1, 'Name': '1', 'Type': 'Half', 'AwayScore': 38, 'HomeScore': 34}, {'PeriodID': 117598, 'GameID': 72583, 'Number': 2, 'Name': '2', 'Type': 'Half', 'AwayScore': 40, 'HomeScore': 37}]"
0,67364,2026,1,Final,2025-11-15T00:00:00,2025-11-15T15:00:00,SELOU,MSPST,300,278,30.0,33.0,2025-11-17T00:21:58,F,0.0,0.0,-12.6,66.4,3087.0,-22050.0,60067364,60000300,60000278,,,,,,,,,,,Scrambled,True,2025-11-15T17:02:48,135179.0,135178.0,,,SEC,False,-49.0,-49.0,-47.0,-50.0,2025-11-15T20:00:00,7401.0,"{'StadiumID': 108, 'Active': True, 'Name': 'Humphrey Coliseum', 'Address': None, 'City': 'Starkville', 'State': 'MS', 'Zip': None, 'Country': None, 'Capacity': 10575, 'GeoLat': 33.461667, 'GeoLong': -88.794444}","[{'PeriodID': 117469, 'GameID': 67364, 'Number': 1, 'Name': '1', 'Type': 'Half', 'AwayScore': 15, 'HomeScore': 18}, {'PeriodID': 117498, 'GameID': 67364, 'Number': 2, 'Name': '2', 'Type': 'Half', 'AwayScore': 15, 'HomeScore': 15}]"
1,67863,2026,1,Final,2025-11-15T00:00:00,2025-11-15T19:00:00,JMAD,LIUB,126,229,35.0,39.0,2025-11-17T00:21:58,F,0.0,0.0,-1.3,65.3,59.0,-71.0,60067863,60000126,60000229,,,,,,,,,,,Scrambled,True,2025-11-15T20:51:12,135188.0,135187.0,,,NEC,False,-50.0,-48.0,-49.0,-49.0,2025-11-16T00:00:00,626.0,"{'StadiumID': 126, 'Active': True, 'Name': 'Steinberg Wellness Center', 'Address': None, 'City': 'Brooklyn', 'State': 'NY', 'Zip': None, 'Country': None, 'Capacity': 2500, 'GeoLat': 40.69059, 'GeoLong': -73.979176}","[{'PeriodID': 117533, 'GameID': 67863, 'Number': 1, 'Name': '1', 'Type': 'Half', 'AwayScore': 17, 'HomeScore': 25}, {'PeriodID': 117541, 'GameID': 67863, 'Number': 2, 'Name': '2', 'Type': 'Half', 'AwayScore': 18, 'HomeScore': 14}]"
2,67864,2026,1,Final,2025-11-15T00:00:00,2025-11-15T16:00:00,FAIRDK,NJIT,224,39,36.0,41.0,2025-11-17T00:21:58,F,0.0,0.0,-1.1,64.6,50.0,-60.0,60067864,60000224,60000039,,,,,,,,,,,Scrambled,True,2025-11-15T18:18:06,135185.0,135185.0,,,ESPN+,False,-50.0,-47.0,-48.0,-49.0,2025-11-15T21:00:00,790.0,"{'StadiumID': 28, 'Active': True, 'Name': 'Joel & Diane Bloom Wellness and Events Center', 'Address': None, 'City': 'Newark', 'State': 'NJ', 'Zip': None, 'Country': None, 'Capacity': 3500, 'GeoLat': 40.743125, 'GeoLong': -74.182161}","[{'PeriodID': 117494, 'GameID': 67864, 'Number': 1, 'Name': '1', 'Type': 'Half', 'AwayScore': 14, 'HomeScore': 15}, {'PeriodID': 117513, 'GameID': 67864, 'Number': 2, 'Name': '2', 'Type': 'Half', 'AwayScore': 22, 'HomeScore': 26}]"
3,67865,2026,1,Final,2025-11-15T00:00:00,2025-11-15T20:00:00,BELM,ORAL,233,320,37.0,26.0,2025-11-17T00:21:58,F,0.0,0.0,1.5,75.9,-150.0,116.0,60067865,60000233,60000320,,,,,,,,,,,Scrambled,True,2025-11-15T22:05:49,292.0,292.0,,,ESPN+,False,-49.0,-49.0,-49.0,-49.0,2025-11-16T01:00:00,3467.0,"{'StadiumID': 204, 'Active': True, 'Name': 'Mabee Center', 'Address': None, 'City': 'Tulsa', 'State': 'OK', 'Zip': None, 'Country': None, 'Capacity': 8781, 'GeoLat': 36.04789, 'GeoLong': -95.95573}","[{'PeriodID': 117544, 'GameID': 67865, 'Number': 1, 'Name': '1', 'Type': 'Half', 'AwayScore': 19, 'HomeScore': 17}, {'PeriodID': 117566, 'GameID': 67865, 'Number': 2, 'Name': '2', 'Type': 'Half', 'AwayScore': 18, 'HomeScore': 4}]"
4,68165,2026,1,Final,2025-11-15T00:00:00,2025-11-15T19:00:00,UCONN,BYU,3,336,38.0,37.0,2025-11-17T00:21:58,F,0.0,0.0,1.3,68.4,-125.0,100.0,60068165,60000003,60000336,,,,,,,,,,,Scrambled,True,2025-11-15T21:43:59,288.0,288.0,,,FOX,True,-49.0,-49.0,-49.0,-49.0,2025-11-16T00:00:00,16116.0,"{'StadiumID': 602, 'Active': True, 'Name': 'TD Garden', 'Address': None, 'City': 'Boston', 'State': 'MA', 'Zip': None, 'Country': None, 'Capacity': None, 'GeoLat': None, 'GeoLong': None}","[{'PeriodID': 117536, 'GameID': 68165, 'Number': 1, 'Name': '1', 'Type': 'Half', 'AwayScore': 19, 'HomeScore': 14}, {'PeriodID': 117554, 'GameID': 68165, 'Number': 2, 'Name': '2', 'Type': 'Half', 'AwayScore': 19, 'HomeScore': 23}]"
5,68166,2026,1,Final,2025-11-15T00:00:00,2025-11-15T14:00:00,HARVRD,ARMY,164,263,33.0,23.0,2025-11-17T00:21:58,F,0.0,0.0,1.4,64.6,-139.0,108.0,60068166,60000164,60000263,,,,,,,,,,,Scrambled,True,2025-11-15T15:56:24,135173.0,135172.0,,,ESPN+,False,-49.0,-49.0,-49.0,-49.0,2025-11-15T19:00:00,911.0,"{'StadiumID': 305, 'Active': True, 'Name': 'Christl Arena', 'Address': None, 'City': 'West Point', 'State': 'NY', 'Zip': None, 'Country': None, 'Capacity': 5043, 'GeoLat': 41.38641, 'GeoLong': -73.96571}","[{'PeriodID': 117446, 'GameID': 68166, 'Number': 1, 'Name': '1', 'Type': 'Half', 'AwayScore': 16, 'HomeScore': 14}, {'PeriodID': 117467, 'GameID': 68166, 'Number': 2, 'Name': '2', 'Type': 'Half', 'AwayScore': 17, 'HomeScore': 4}]"
6,68309,2026,1,Final,2025-11-15T00:00:00,2025-11-15T20:00:00,DUQ,VILL,51,58,34.0,38.0,2025-11-17T00:21:58,F,0.0,0.0,-4.6,66.8,188.0,-268.0,60068309,60000051,60000058,,,,,,,,,,,Scrambled,True,2025-11-15T22:24:57,293.0,292.0,,,truT,False,-49.0,-49.0,-48.0,-50.0,2025-11-16T01:00:00,6501.0,"{'StadiumID': 7, 'Active': True, 'Name': 'Finneran Pavilion', 'Address': None, 'City': 'Villanova', 'State': 'PA', 'Zip': None, 'Country': None, 'Capacity': 6501, 'GeoLat': 40.034072, 'GeoLong': -75.336553}","[{'PeriodID': 117550, 'GameID': 68309, 'Number': 1, 'Name': '1', 'Type': 'Half', 'AwayScore': 15, 'HomeScore': 20}, {'PeriodID': 117567, 'GameID': 68309, 'Number': 2, 'Name': '2', 'Type': 'Half', 'AwayScore': 19, 'HomeScore': 19}]"
7,68310,2026,1,Final,2025-11-15T00:00:00,2025-11-15T19:30:00,BCOOK,DAY,192,44,36.0,40.0,2025-11-17T00:21:58,F,0.0,0.0,-9.5,65.7,658.0,-2359.0,60068310,60000192,60000044,,,,,,,,,,,Scrambled,True,2025-11-15T21:42:18,135190.0,135190.0,,,ESPN+,False,-49.0,-49.0,-49.0,-49.0,2025-11-16T00:30:00,13407.0,"{'StadiumID': 87, 'Active': True, 'Name': 'UD Arena', 'Address': None, 'City': 'Dayton', 'State': 'OH', 'Zip': None, 'Country': None, 'Capacity': 13409, 'GeoLat': 39.735556, 'GeoLong': -84.2}","[{'PeriodID': 117540, 'GameID': 68310, 'Number': 1, 'Name': '1', 'Type': 'Half', 'AwayScore': 17, 'HomeScore': 20}, {'PeriodID': 117556, 'GameID': 68310, 'Number': 2, 'Name': '2', 'Type': 'Half', 'AwayScore': 19, 'HomeScore': 20}]"
8,68311,2026,1,Final,2025-11-15T00:00:00,2025-11-15T16:00:00,MORGST,MRCY,199,1062,32.0,38.0,2025-11-17T00:21:58,F,0.0,0.0,-2.9,64.6,101.0,-127.0,60068311,60000199,60001062,,,,,,,,,,,Scrambled,True,2025-11-15T18:04:11,135184.0,135184.0,,,NEC,False,-48.0,-50.0,-49.0,-50.0,2025-11-15T21:00:00,372.0,"{'StadiumID': 605, 'Active': True, 'Name': 'Mercyhurst Athletic Center', 'Address': None, 'City': 'Erie', 'State': 'PA', 'Zip': None, 'Country': None, 'Capacity': None, 'GeoLat': None, 'GeoLong': None}","[{'PeriodID': 117499, 'GameID': 68311, 'Number': 1, 'Name': '1', 'Type': 'Half', 'AwayScore': 11, 'HomeScore': 19}, {'PeriodID': 117512, 'GameID': 68311, 'Number': 2, 'Name': '2', 'Type': 'Half', 'AwayScore': 21, 'HomeScore': 19}]"
9,68312,2026,1,Final,2025-11-15T00:00:00,2025-11-15T12:00:00,CLMSN,GEORGE,27,62,33.0,35.0,2025-11-17T00:21:58,F,0.0,0.0,0.2,62.8,-52.0,-46.0,60068312,60000027,60000062,,,,,,,,,,,Scrambled,True,2025-11-15T14:07:35,265.0,265.0,,,PEAC,False,-49.0,-50.0,-49.0,-49.0,2025-11-15T17:00:00,8562.0,"{'StadiumID': 67, 'Active': True, 'Name': 'Capital One Arena', 'Address': None, 'City': 'Washington', 'State': 'DC', 'Zip': None, 'Country': None, 'Capacity': 20333, 'GeoLat': 38.898056, 'GeoLong': -77.020833}","[{'PeriodID': 117424, 'GameID': 68312, 'Number': 1, 'Name': '1', 'Type': 'Half', 'AwayScore': 16, 'HomeScore': 15}, {'PeriodID': 117437, 'GameID': 68312, 'Number': 2, 'Name': '2', 'Type': 'Half', 'AwayScore': 17, 'HomeScore': 20}]"
10,68313,2026,1,Final,2025-11-15T00:00:00,2025-11-15T19:00:00,EASTERN,RIDER,948,173,24.0,38.0,2025-11-17T00:21:58,F,0.0,0.0,,,,,60068313,60000948,60000173,,,,,,,,,,,Scrambled,True,2025-11-15T21:03:55,,,,,ESPN+,False,,,,,2025-11-16T00:00:00,1386.0,"{'StadiumID': 370, 'Active': True, 'Name': 'Alumni Gymnasium (Rider)', 'Address': None, 'City': 'Lawrenceville', 'State': 'NJ', 'Zip': None, 'Country': None, 'Capacity': 1650, 'GeoLat': 40.2788, 'GeoLong': -74.7354}","[{'PeriodID': 117529, 'GameID': 68313, 'Number': 1, 'Name': '1', 'Type': 'Half', 'AwayScore': 16, 'HomeScore': 16}, {'PeriodID': 117547, 'GameID': 68313, 'Number': 2, 'Name': '2', 'Type': 'Half', 'AwayScore': 4, 'HomeScore': 22}]"
11,68532,2026,1,Final,2025-11-15T00:00:00,2025-11-15T12:00:00,OHIO,LOU,180,24,36.0,47.0,2025-11-17T00:21:58,F,0.0,0.0,-13.9,77.4,2205.0,-44100.0,60068532,60000180,60000024,,,,,,,,,,,Scrambled,True,2025-11-15T14:10:04,266.0,266.0,,,CW,False,-48.0,-50.0,-49.0,-49.0,2025-11-15T17:00:00,14899.0,"{'StadiumID': 97, 'Active': True, 'Name': 'KFC Yum! Center', 'Address': None, 'City': 'Louisville', 'State': 'KY', 'Zip': None, 'Country': None, 'Capacity': 22090, 'GeoLat': 38.2575, 'GeoLong': -85.753889}","[{'PeriodID': 117427, 'GameID': 68532, 'Number': 1, 'Name': '1', 'Type': 'Half', 'AwayScore': 19, 'HomeScore': 26}, {'PeriodID': 117439, 'GameID': 68532, 'Number': 2, 'Name': '2', 'Type': 'Half', 'AwayScore': 16, 'HomeScore': 21}]"
12,68533,2026,1,Final,2025-11-15T00:00:00,2025-11-15T14:00:00,BOSCOL,TEMPL,35,2,34.0,31.0,2025-11-17T00:21:58,F,0.0,0.0,-1.5,62.8,64.0,-78.0,60068533,60000035,60000002,,,,,,,,,,,Scrambled,True,2025-11-15T16:13:01,277.0,277.0,,,ESPN+,False,-49.0,-49.0,-49.0,-49.0,2025-11-15T19:00:00,3063.0,"{'StadiumID': 45, 'Active': True, 'Name': 'Liacouras Center', 'Address': None, 'City': 'Philadelphia', 'State': 'PA', 'Zip': None, 'Country': None, 'Capacity': 10206, 'GeoLat': 39.979722, 'GeoLong': -75.158611}","[{'PeriodID': 117452, 'GameID': 68533, 'Number': 1, 'Name': '1', 'Type': 'Half', 'AwayScore': 16, 'HomeScore': 14}, {'PeriodID': 117481, 'GameID': 68533, 'Number': 2, 'Name': '2', 'Type': 'Half', 'AwayScore': 18, 'HomeScore': 18}]"
13,68534,2026,1,Final,2025-11-15T00:00:00,2025-11-15T16:00:00,YNGST,STBON,155,47,35.0,37.0,2025-11-17T00:21:58,F,0.0,0.0,-4.4,64.6,174.0,-236.0,60068534,60000155,60000047,,,,,,,,,,,Scrambled,True,2025-11-15T18:10:35,282.0,282.0,,,ESPN+,False,-48.0,-49.0,-49.0,-49.0,2025-11-15T21:00:00,4081.0,"{'StadiumID': 88, 'Active': True, 'Name': 'Reilly Center', 'Address': None, 'City': 'Saint Bonaventure', 'State': 'NY', 'Zip': None, 'Country': None, 'Capacity': 5480, 'GeoLat': 42.079428, 'GeoLong': -78.484998}","[{'PeriodID': 117495, 'GameID': 68534, 'Number': 1, 'Name': '1', 'Type': 'Half', 'AwayScore': 15, 'HomeScore': 16}, {'PeriodID': 117509, 'GameID': 68534, 'Number': 2, 'Name': '2', 'Type': 'Half', 'AwayScore': 21, 'HomeScore': 21}]"
14,68535,2026,1,Final,2025-11-15T00:00:00,2025-11-15T20:00:00,GCAN,STLOU,345,54,28.0,34.0,2025-11-17T00:21:58,F,0.0,0.0,-3.7,74.3,125.0,-164.0,60068535,60000345,60000054,,,,,,,,,,,Scrambled,True,2025-11-15T22:07:44,294.0,293.0,,,ESPN+,False,-50.0,-48.0,-49.0,-49.0,2025-11-16T01:00:00,6105.0,"{'StadiumID': 50, 'Active': True, 'Name': 'Chaifetz Arena', 'Address': None, 'City': 'St. Louis', 'State': 'MO', 'Zip': None, 'Country': None, 'Capacity': 10600, 'GeoLat': 38.63246, 'GeoLong': -90.22797}","[{'PeriodID': 117546, 'GameID': 68535, 'Number': 1, 'Name': '1', 'Type': 'Half', 'AwayScore': 13, 'HomeScore': 17}, {'PeriodID': 117564, 'GameID': 68535, 'Number': 2, 'Name': '2', 'Type': 'Half', 'AwayScore': 15, 'HomeScore': 18}]"
15,68536,2026,1,Final,2025-11-15T00:00:00,2025-11-15T18:00:00,OLD,GEOWS,138,48,32.0,42.0,2025-11-17T00:21:58,F,0.0,0.0,-6.4,68.4,357.0,-718.0,60068536,60000138,60000048,,,,,,,,,,,Scrambled,True,2025-11-15T20:06:40,286.0,285.0,,,ESPN+,False,-49.0,-49.0,-49.0,-49.0,2025-11-15T23:00:00,2179.0,"{'StadiumID': 24, 'Active': True, 'Name': 'Charles E. Smith Center', 'Address': None, 'City': 'Washington', 'State': 'DC', 'Zip': None, 'Country': None, 'Capacity': 5000, 'GeoLat': 38.897755, 'GeoLong': -77.049329}","[{'PeriodID': 117519, 'GameID': 68536, 'Number': 1, 'Name': '1', 'Type': 'Half', 'AwayScore': 18, 'HomeScore': 19}, {'PeriodID': 117537, 'GameID': 68536, 'Number': 2, 'Name': '2', 'Type': 'Half', 'AwayScore': 14, 'HomeScore': 23}]"
16,68757,2026,1,Final,2025-11-15T00:00:00,2025-11-15T12:00:00,MARSH,VIR,136,22,34.0,46.0,2025-11-17T00:21:58,F,0.0,0.0,-9.3,68.6,555.0,-1517.0,60068757,60000136,60000022,,,,,,,,,,,Scrambled,True,2025-11-15T14:12:27,274.0,274.0,,,ACC,False,-49.0,-49.0,-49.0,-49.0,2025-11-15T17:00:00,11776.0,"{'StadiumID': 4, 'Active': True, 'Name': 'John Paul Jones Arena', 'Address': None, 'City': 'Charlottesville', 'State': 'VA', 'Zip': None, 'Country': None, 'Capacity': 14623, 'GeoLat': 38.046, 'GeoLong': -78.507}","[{'PeriodID': 117423, 'GameID': 68757, 'Number': 1, 'Name': '1', 'Type': 'Half', 'AwayScore': 15, 'HomeScore': 27}, {'PeriodID': 117438, 'GameID': 68757, 'Number': 2, 'Name': '2', 'Type': 'Half', 'AwayScore': 20, 'HomeScore': 19}]"
17,68758,2026,1,Final,2025-11-15T00:00:00,2025-11-15T15:30:00,DREXEL,SYRA,132,30,22.0,35.0,2025-11-17T00:21:58,F,0.0,0.0,-5.1,63.5,233.0,-343.0,60068758,60000132,60000030,,,,,,,,,,,Scrambled,True,2025-11-15T17:32:47,278.0,279.0,,,PEAC,True,-49.0,-49.0,-49.0,-49.0,2025-11-15T20:30:00,5768.0,"{'StadiumID': 144, 'Active': True, 'Name': 'Xfinity Mobile Arena', 'Address': None, 'City': 'Philadelphia', 'State': 'PA', 'Zip': None, 'Country': None, 'Capacity': 19746, 'GeoLat': 39.901111, 'GeoLong': -75.171944}","[{'PeriodID': 117489, 'GameID': 68758, 'Number': 1, 'Name': '1', 'Type': 'Half', 'AwayScore': 14, 'HomeScore': 16}, {'PeriodID': 117504, 'GameID': 68758, 'Number': 2, 'Name': '2', 'Type': 'Half', 'AwayScore': 4, 'HomeScore': 19}]"
18,68759,2026,1,Final,2025-11-15T00:00:00,2025-11-15T14:00:00,BUTL,SMU,64,1,37.0,38.0,2025-11-17T00:21:58,F,0.0,0.0,-3.3,72.1,126.0,-158.0,60068759,60000064,60000001,,,,,,,,,,,Scrambled,True,2025-11-15T16:16:18,275.0,275.0,,,CW,False,-46.0,-51.0,-50.0,-47.0,2025-11-15T19:00:00,5383.0,"{'StadiumID': 101, 'Active': True, 'Name': 'Moody Coliseum', 'Address': None, 'City': 'Dallas', 'State': 'TX', 'Zip': None, 'Country': None, 'Capacity': 7000, 'GeoLat': 32.840278, 'GeoLong': -96.780556}","[{'PeriodID': 117461, 'GameID': 68759, 'Number': 1, 'Name': '1', 'Type': 'Half', 'AwayScore': 19, 'HomeScore': 17}, {'PeriodID': 117485, 'GameID': 68759, 'Number': 2, 'Name': '2', 'Type': 'Half', 'AwayScore': 19, 'HomeScore': 22}]"
19,68940,2026,1,Final,2025-11-15T00:00:00,2025-11-15T13:00:00,STBR,YALE,12,158,35.0,38.0,2025-11-17T00:21:58,F,0.0,0.0,-9.0,65.9,478.0,-1073.0,60068940,60000012,60000158,,,,,,,,,,,Scrambled,True,2025-11-15T14:59:22,268.0,268.0,,,ESPN+,False,-50.0,-48.0,-50.0,-48.0,2025-11-15T18:00:00,1153.0,"{'StadiumID': 355, 'Active': True, 'Name': 'John J. Lee Amphitheater', 'Address': None, 'City': 'New Haven', 'State': 'CT', 'Zip': None, 'Country': None, 'Capacity': 2800, 'GeoLat': 41.31345, 'GeoLong': -72.93088}","[{'PeriodID': 117430, 'GameID': 68940, 'Number': 1, 'Name': '1', 'Type': 'Half', 'AwayScore': 17, 'HomeScore': 18}, {'PeriodID': 117442, 'GameID': 68940, 'Number': 2, 'Name': '2', 'Type': 'Half', 'AwayScore': 18, 'HomeScore': 20}]"
20,69089,2026,1,Final,2025-11-15T00:00:00,2025-11-15T21:00:00,SMHO,UTAH,295,248,35.0,37.0,2025-11-17T00:21:58,F,0.0,0.0,-5.5,70.3,265.0,-443.0,60069089,60000295,60000248,,,,,,,,,,,Scrambled,True,2025-11-15T23:05:56,297.0,297.0,,,ESPN+,False,-48.0,-51.0,-49.0,-48.0,2025-11-16T02:00:00,6299.0,"{'StadiumID': 102, 'Active': True, 'Name': 'Jon M. Huntsman Center', 'Address': None, 'City': 'Salt Lake City', 'State': 'UT', 'Zip': None, 'Country': None, 'Capacity': 15000, 'GeoLat': 40.762, 'GeoLong': -111.839}","[{'PeriodID': 117558, 'GameID': 69089, 'Number': 1, 'Name': '1', 'Type': 'Half', 'AwayScore': 13, 'HomeScore': 16}, {'PeriodID': 117571, 'GameID': 69089, 'Number': 2, 'Name': '2', 'Type': 'Half', 'AwayScore': 22, 'HomeScore': 21}]"
21,69090,2026,1,Final,2025-11-15T00:00:00,2025-11-15T14:00:00,PRNCE,KAN,160,106,25.0,34.0,2025-11-17T00:21:58,F,0.0,0.0,-9.9,63.9,765.0,-3793.0,60069090,60000160,60000106,,,,,,,,,,,Scrambled,True,2025-11-15T16:05:38,276.0,276.0,,,ESPN+,False,-49.0,-49.0,-49.0,-50.0,2025-11-15T19:00:00,15300.0,"{'StadiumID': 184, 'Active': True, 'Name': 'Allen Fieldhouse', 'Address': None, 'City': 'Lawrence', 'State': 'KS', 'Zip': None, 'Country': None, 'Capacity': 16300, 'GeoLat': 38.954306, 'GeoLong': -95.252394}","[{'PeriodID': 117450, 'GameID': 69090, 'Number': 1, 'Name': '1', 'Type': 'Half', 'AwayScore': 13, 'HomeScore': 16}, {'PeriodID': 117483, 'GameID': 69090, 'Number': 2, 'Name': '2', 'Type': 'Half', 'AwayScore': 12, 'HomeScore': 17}]"
22,69172,2026,1,Final,2025-11-15T00:00:00,2025-11-15T14:00:00,STNH,LOYMD,1213,262,28.0,33.0,2025-11-17T00:21:58,F,0.0,0.0,-2.9,60.9,105.0,-133.0,60069172,60001213,60000262,,,,,,,,,,,Scrambled,True,2025-11-15T15:52:31,135174.0,135173.0,,,ESPN+,True,-49.0,-49.0,-48.0,-50.0,2025-11-15T19:00:00,202.0,"{'StadiumID': 565, 'Active': True, 'Name': 'Leo D. Mahoney Arena', 'Address': None, 'City': 'Fairfield', 'State': 'CT', 'Zip': None, 'Country': None, 'Capacity': 3500, 'GeoLat': None, 'GeoLong': None}","[{'PeriodID': 117447, 'GameID': 69172, 'Number': 1, 'Name': '1', 'Type': 'Half', 'AwayScore': 17, 'HomeScore': 16}, {'PeriodID': 117466, 'GameID': 69172, 'Number': 2, 'Name': '2', 'Type': 'Half', 'AwayScore': 11, 'HomeScore': 16}]"
23,69173,2026,1,Final,2025-11-15T00:00:00,2025-11-15T21:00:00,NMX,NMXST,214,344,30.0,34.0,2025-11-17T00:21:58,F,0.0,0.0,0.8,61.5,-82.0,67.0,60069173,60000214,60000344,,,,,,,,,,,Scrambled,True,2025-11-15T23:10:21,295.0,295.0,,,ESPN+,False,-50.0,-49.0,-49.0,-49.0,2025-11-16T02:00:00,8106.0,"{'StadiumID': 77, 'Active': True, 'Name': 'Pan American Center', 'Address': None, 'City': 'Las Cruces', 'State': 'NM', 'Zip': None, 'Country': None, 'Capacity': 12572, 'GeoLat': 32.284, 'GeoLong': -106.7422}","[{'PeriodID': 117561, 'GameID': 69173, 'Number': 1, 'Name': '1', 'Type': 'Half', 'AwayScore': 12, 'HomeScore': 12}, {'PeriodID': 117573, 'GameID': 69173, 'Number': 2, 'Name': '2', 'Type': 'Half', 'AwayScore': 18, 'HomeScore': 22}]"
24,69277,2026,1,Final,2025-11-15T00:00:00,2025-11-15T15:00:00,BING,LONGWD,20,87,36.0,40.0,2025-11-17T00:21:58,F,0.0,0.0,-6.6,65.0,343.0,-691.0,60069277,60000020,60000087,,,,,,,,,,,Scrambled,True,2025-11-15T17:14:50,135181.0,135180.0,,,ESPN+,False,-49.0,-49.0,-48.0,-50.0,2025-11-15T20:00:00,3009.0,"{'StadiumID': 576, 'Active': True, 'Name': 'Joan Perry Brock Center', 'Address': None, 'City': 'Farmville', 'State': 'VA', 'Zip': None, 'Country': None, 'Capacity': 3000, 'GeoLat': None, 'GeoLong': None}","[{'PeriodID': 117472, 'GameID': 69277, 'Number': 1, 'Name': '1', 'Type': 'Half', 'AwayScore': 13, 'HomeScore': 23}, {'PeriodID': 117503, 'GameID': 69277, 'Number': 2, 'Name': '2', 'Type': 'Half', 'AwayScore': 23, 'HomeScore': 17}]"
25,69278,2026,1,Final,2025-11-15T00:00:00,2025-11-15T14:00:00,MIAOH,AIRF,182,221,34.0,27.0,2025-11-17T00:21:58,F,0.0,0.0,2.0,63.3,-250.0,181.0,60069278,60000182,60000221,,,,,,,,,,,Scrambled,True,2025-11-15T15:44:01,273.0,273.0,,,MWN,False,-49.0,-48.0,-49.0,-49.0,2025-11-15T19:00:00,1117.0,"{'StadiumID': 277, 'Active': True, 'Name': 'Clune Arena', 'Address': None, 'City': 'Colorado Springs', 'State': 'CO', 'Zip': None, 'Country': None, 'Capacity': 5843, 'GeoLat': 39.014, 'GeoLong': -104.8833}","[{'PeriodID': 117458, 'GameID': 69278, 'Number': 1, 'Name': '1', 'Type': 'Half', 'AwayScore': 18, 'HomeScore': 11}, {'PeriodID': 117468, 'GameID': 69278, 'Number': 2, 'Name': '2', 'Type': 'Half', 'AwayScore': 16, 'HomeScore': 15}]"
26,69602,2026,1,Final,2025-11-15T00:00:00,2025-11-15T19:00:00,ARLR,BALLST,323,184,30.0,27.0,2025-11-17T00:21:58,F,0.0,0.0,-1.1,64.6,51.0,-62.0,60069602,60000323,60000184,,,,,,,,,,,Scrambled,True,2025-11-15T21:05:28,,,,,ESPN+,False,-52.0,-46.0,-50.0,-48.0,2025-11-16T00:00:00,3015.0,"{'StadiumID': 23, 'Active': True, 'Name': 'Worthen Arena', 'Address': None, 'City': 'Muncie', 'State': 'IN', 'Zip': None, 'Country': None, 'Capacity': 11500, 'GeoLat': 40.206944, 'GeoLong': -85.406111}","[{'PeriodID': 117530, 'GameID': 69602, 'Number': 1, 'Name': '1', 'Type': 'Half', 'AwayScore': 16, 'HomeScore': 15}, {'PeriodID': 117542, 'GameID': 69602, 'Number': 2, 'Name': '2', 'Type': 'Half', 'AwayScore': 14, 'HomeScore': 12}]"
27,69603,2026,1,Final,2025-11-15T00:00:00,2025-11-15T13:00:00,LASAL,PENNST,57,101,30.0,37.0,2025-11-15T14:59:03,F,0.0,0.0,-3.7,64.4,137.0,-183.0,60069603,60000057,60000101,,,,,,,,,,,Scrambled,True,2025-11-15T14:53:42,269.0,269.0,,,PEAC,True,-51.0,-48.0,-49.0,-49.0,2025-11-15T18:00:00,,"{'StadiumID': 144, 'Active': True, 'Name': 'Xfinity Mobile Arena', 'Address': None, 'City': 'Philadelphia', 'State': 'PA', 'Zip': None, 'Country': None, 'Capacity': 19746, 'GeoLat': 39.901111, 'GeoLong': -75.171944}","[{'PeriodID': 117435, 'GameID': 69603, 'Number': 1, 'Name': '1', 'Type': 'Half', 'AwayScore': 13, 'HomeScore': 19}, {'PeriodID': 117459, 'GameID': 69603, 'Number': 2, 'Name': '2', 'Type': 'Half', 'AwayScore': 18, 'HomeScore': 18}]"
28,69604,2026,1,Final,2025-11-15T00:00:00,2025-11-15T14:00:00,ILLCHI,CHIST,157,351,30.0,28.0,2025-11-17T00:21:58,F,0.0,0.0,1.8,69.0,-281.0,184.0,60069604,60000157,60000351,,,,,,,,,,,Scrambled,True,2025-11-15T16:21:40,135175.0,135175.0,,,ESPN+,False,-51.0,-47.0,-49.0,-48.0,2025-11-15T19:00:00,712.0,"{'StadiumID': 333, 'Active': True, 'Name': 'Jones Convocation Center', 'Address': None, 'City': 'Chicago', 'State': 'IL', 'Zip': None, 'Country': None, 'Capacity': 7000, 'GeoLat': 41.7165, 'GeoLong': -87.6084}","[{'PeriodID': 117457, 'GameID': 69604, 'Number': 1, 'Name': '1', 'Type': 'Half', 'AwayScore': 13, 'HomeScore': 13}, {'PeriodID': 117484, 'GameID': 69604, 'Number': 2, 'Name': '2', 'Type': 'Half', 'AwayScore': 17, 'HomeScore': 15}]"
29,69786,2026,1,Final,2025-11-15T00:00:00,2025-11-15T22:00:00,IDHST,SEA,72,347,33.0,37.0,2025-11-17T00:21:58,F,0.0,0.0,-4.6,61.1,182.0,-254.0,60069786,60000072,60000347,,,,,,,,,,,Scrambled,True,2025-11-16T00:00:13,299.0,299.0,,,ESPN+,False,-46.0,-51.0,-49.0,-50.0,2025-11-16T03:00:00,875.0,"{'StadiumID': 266, 'Active': True, 'Name': 'Redhawk Center', 'Address': None, 'City': 'Seattle', 'State': 'WA', 'Zip': None, 'Country': None, 'Capacity': 999, 'GeoLat': 47.607222, 'GeoLong': -122.313333}","[{'PeriodID': 117569, 'GameID': 69786, 'Number': 1, 'Name': '1', 'Type': 'Half', 'AwayScore': 15, 'HomeScore': 19}, {'PeriodID': 117579, 'GameID': 69786, 'Number': 2, 'Name': '2', 'Type': 'Half', 'AwayScore': 18, 'HomeScore': 18}]"
30,69787,2026,1,Final,2025-11-15T00:00:00,2025-11-15T20:00:00,SUTAH,NEOM,78,316,37.0,40.0,2025-11-17T00:21:58,F,0.0,0.0,-3.7,67.7,131.0,-170.0,60069787,60000078,60000316,,,,,,,,,,,Scrambled,True,2025-11-15T22:05:00,291.0,291.0,,,ESPN+,False,-50.0,-48.0,-49.0,-50.0,2025-11-16T01:00:00,3515.0,"{'StadiumID': 217, 'Active': True, 'Name': 'Baxter Arena', 'Address': None, 'City': 'Omaha', 'State': 'NE', 'Zip': None, 'Country': None, 'Capacity': 7898, 'GeoLat': 41.236172, 'GeoLong': -96.01294}","[{'PeriodID': 117551, 'GameID': 69787, 'Number': 1, 'Name': '1', 'Type': 'Half', 'AwayScore': 17, 'HomeScore': 19}, {'PeriodID': 117563, 'GameID': 69787, 'Number': 2, 'Name': '2', 'Type': 'Half', 'AwayScore': 21, 'HomeScore': 21}]"
31,69788,2026,1,Final,2025-11-15T00:00:00,2025-11-15T16:00:00,IDAHO,UCSD,73,1007,30.0,33.0,2025-11-17T00:21:58,F,0.0,0.0,-2.4,65.7,92.0,-116.0,60069788,60000073,60001007,,,,,,,,,,,Scrambled,True,2025-11-15T17:59:52,280.0,280.0,,,ESPN+,False,-49.0,-49.0,-50.0,-49.0,2025-11-15T21:00:00,2486.0,"{'StadiumID': 479, 'Active': True, 'Name': 'LionTree Arena', 'Address': None, 'City': 'San Diego', 'State': 'CA', 'Zip': None, 'Country': None, 'Capacity': 4000, 'GeoLat': 32.885278, 'GeoLong': -117.239223}","[{'PeriodID': 117492, 'GameID': 69788, 'Number': 1, 'Name': '1', 'Type': 'Half', 'AwayScore': 16, 'HomeScore': 11}, {'PeriodID': 117505, 'GameID': 69788, 'Number': 2, 'Name': '2', 'Type': 'Half', 'AwayScore': 14, 'HomeScore': 22}]"
32,69789,2026,1,Final,2025-11-15T00:00:00,2025-11-15T14:00:00,MERC,WINTH,284,82,30.0,46.0,2025-11-17T00:21:58,F,0.0,0.0,-1.1,71.4,54.0,-65.0,60069789,60000284,60000082,,,,,,,,,,,Scrambled,True,2025-11-15T16:14:59,135176.0,135176.0,,,ESPN+,False,-49.0,-49.0,-49.0,-50.0,2025-11-15T19:00:00,2637.0,"{'StadiumID': 398, 'Active': True, 'Name': 'Winthrop Coliseum', 'Address': None, 'City': 'Rock Hill', 'State': 'SC', 'Zip': None, 'Country': None, 'Capacity': 6100, 'GeoLat': 34.947911, 'GeoLong': -81.014972}","[{'PeriodID': 117453, 'GameID': 69789, 'Number': 1, 'Name': '1', 'Type': 'Half', 'AwayScore': 17, 'HomeScore': 22}, {'PeriodID': 117486, 'GameID': 69789, 'Number': 2, 'Name': '2', 'Type': 'Half', 'AwayScore': 13, 'HomeScore': 24}]"
33,69790,2026,1,Final,2025-11-15T00:00:00,2025-11-15T11:00:00,RIT,BUF,1239,179,28.0,35.0,2025-11-15T13:16:33,F,0.0,0.0,,,,,60069790,60001239,60000179,,,,,,,,,,,Scrambled,True,2025-11-15T12:53:27,,,,,ESPN+,False,,,,,2025-11-15T16:00:00,1175.0,"{'StadiumID': 16, 'Active': True, 'Name': 'Alumni Arena', 'Address': None, 'City': 'Buffalo', 'State': 'NY', 'Zip': None, 'Country': None, 'Capacity': 6783, 'GeoLat': 43.0, 'GeoLong': -78.781111}","[{'PeriodID': 117422, 'GameID': 69790, 'Number': 1, 'Name': '1', 'Type': 'Half', 'AwayScore': 12, 'HomeScore': 22}, {'PeriodID': 117426, 'GameID': 69790, 'Number': 2, 'Name': '2', 'Type': 'Half', 'AwayScore': 16, 'HomeScore': 13}]"
34,69791,2026,1,Final,2025-11-15T00:00:00,2025-11-15T18:00:00,BOWLGR,DAVID,181,49,38.0,40.0,2025-11-17T00:21:58,F,0.0,0.0,-2.2,64.2,80.0,-99.0,60069791,60000181,60000049,,,,,,,,,,,Scrambled,True,2025-11-15T20:14:40,285.0,284.0,,,ESPN+,False,-49.0,-49.0,-48.0,-50.0,2025-11-15T23:00:00,2536.0,"{'StadiumID': 22, 'Active': True, 'Name': 'John M. Belk Arena', 'Address': None, 'City': 'Davidson', 'State': 'NC', 'Zip': None, 'Country': None, 'Capacity': 4300, 'GeoLat': 35.499278, 'GeoLong': -80.840521}","[{'PeriodID': 117520, 'GameID': 69791, 'Number': 1, 'Name': '1', 'Type': 'Half', 'AwayScore': 17, 'HomeScore': 20}, {'PeriodID': 117527, 'GameID': 69791, 'Number': 2, 'Name': '2', 'Type': 'Half', 'AwayScore': 22, 'HomeScore': 20}]"
35,69792,2026,1,Final,2025-11-15T00:00:00,2025-11-15T13:00:00,DET,TOLEDO,153,183,37.0,40.0,2025-11-17T00:21:58,F,0.0,0.0,-4.4,70.3,174.0,-244.0,60069792,60000153,60000183,,,,,,,,,,,Scrambled,True,2025-11-15T15:06:02,267.0,267.0,,,ESPN+,False,-48.0,-50.0,-49.0,-49.0,2025-11-15T18:00:00,3797.0,"{'StadiumID': 299, 'Active': True, 'Name': 'Savage Arena', 'Address': None, 'City': 'Toledo', 'State': 'OH', 'Zip': None, 'Country': None, 'Capacity': 7014, 'GeoLat': 41.660232, 'GeoLong': -83.609795}","[{'PeriodID': 117433, 'GameID': 69792, 'Number': 1, 'Name': '1', 'Type': 'Half', 'AwayScore': 16, 'HomeScore': 18}, {'PeriodID': 117462, 'GameID': 69792, 'Number': 2, 'Name': '2', 'Type': 'Half', 'AwayScore': 20, 'HomeScore': 22}]"
36,69793,2026,1,Final,2025-11-15T00:00:00,2025-11-15T13:00:00,JAX,VAMIL,37,290,30.0,30.0,2025-11-17T00:21:58,F,0.0,0.0,0.2,66.8,-52.0,-46.0,60069793,60000037,60000290,,,,,,,,,,,Scrambled,True,2025-11-15T15:02:14,135169.0,135169.0,,,ESPN+,False,-46.0,-53.0,-48.0,-49.0,2025-11-15T18:00:00,2256.0,"{'StadiumID': 214, 'Active': True, 'Name': 'Cameron Hall', 'Address': None, 'City': 'Lexington', 'State': 'VA', 'Zip': None, 'Country': None, 'Capacity': 5000, 'GeoLat': 37.788333, 'GeoLong': -79.436389}","[{'PeriodID': 117431, 'GameID': 69793, 'Number': 1, 'Name': '1', 'Type': 'Half', 'AwayScore': 17, 'HomeScore': 16}, {'PeriodID': 117463, 'GameID': 69793, 'Number': 2, 'Name': '2', 'Type': 'Half', 'AwayScore': 13, 'HomeScore': 13}]"
37,69794,2026,1,Final,2025-11-15T00:00:00,2025-11-15T18:00:00,MSRST,TXA,208,325,22.0,30.0,2025-11-17T00:21:58,F,0.0,0.0,-1.3,63.3,58.0,-71.0,60069794,60000208,60000325,,,,,,,,,,,Scrambled,True,2025-11-15T20:06:43,288.0,287.0,,,ESPN+,False,-48.0,-50.0,-49.0,-49.0,2025-11-15T23:00:00,2934.0,"{'StadiumID': 332, 'Active': True, 'Name': 'College Park Center', 'Address': None, 'City': 'Arlington', 'State': 'TX', 'Zip': None, 'Country': None, 'Capacity': 7000, 'GeoLat': 32.730586, 'GeoLong': -97.107972}","[{'PeriodID': 117521, 'GameID': 69794, 'Number': 1, 'Name': '1', 'Type': 'Half', 'AwayScore': 11, 'HomeScore': 15}, {'PeriodID': 117538, 'GameID': 69794, 'Number': 2, 'Name': '2', 'Type': 'Half', 'AwayScore': 11, 'HomeScore': 15}]"
38,69795,2026,1,Final,2025-11-15T00:00:00,2025-11-15T14:00:00,WOFF,BELLA,285,1025,41.0,38.0,2025-11-17T00:21:58,F,0.0,0.0,0.7,69.0,-73.0,59.0,60069795,60000285,60001025,,,,,,,,,,,Scrambled,True,2025-11-15T16:10:01,135174.0,135174.0,,,ESPN+,False,-48.0,-51.0,-49.0,-49.0,2025-11-15T19:00:00,829.0,"{'StadiumID': 480, 'Active': True, 'Name': 'Knights Hall', 'Address': None, 'City': 'Louisville', 'State': 'KY', 'Zip': None, 'Country': None, 'Capacity': 2196, 'GeoLat': 38.2198, 'GeoLong': -85.703}","[{'PeriodID': 117449, 'GameID': 69795, 'Number': 1, 'Name': '1', 'Type': 'Half', 'AwayScore': 22, 'HomeScore': 17}, {'PeriodID': 117477, 'GameID': 69795, 'Number': 2, 'Name': '2', 'Type': 'Half', 'AwayScore': 19, 'HomeScore': 21}]"
39,69796,2026,1,Final,2025-11-15T00:00:00,2025-11-15T14:00:00,MARY,MARQ,92,65,39.0,36.0,2025-11-17T00:21:58,F,0.0,0.0,-3.7,64.2,130.0,-168.0,60069796,60000092,60000065,,,,,,,,,,,Scrambled,True,2025-11-15T16:25:46,272.0,271.0,,,PEAC,False,-49.0,-49.0,-48.0,-50.0,2025-11-15T19:00:00,15586.0,"{'StadiumID': 74, 'Active': True, 'Name': 'Fiserv Forum', 'Address': None, 'City': 'Milwaukee', 'State': 'WI', 'Zip': None, 'Country': None, 'Capacity': 17341, 'GeoLat': 43.045028, 'GeoLong': -87.918167}","[{'PeriodID': 117445, 'GameID': 69796, 'Number': 1, 'Name': '1', 'Type': 'Half', 'AwayScore': 19, 'HomeScore': 19}, {'PeriodID': 117487, 'GameID': 69796, 'Number': 2, 'Name': '2', 'Type': 'Half', 'AwayScore': 21, 'HomeScore': 18}]"
40,69797,2026,1,Final,2025-11-15T00:00:00,2025-11-15T11:00:00,COPPST,SALA,200,330,27.0,32.0,2025-11-15T13:16:33,F,0.0,0.0,-8.6,58.9,579.0,-1617.0,60069797,60000200,60000330,,,,,,,,,,,Scrambled,True,2025-11-15T12:51:49,135167.0,135167.0,,,YT,True,-50.0,-49.0,-51.0,-47.0,2025-11-15T16:00:00,243.0,"{'StadiumID': 399, 'Active': True, 'Name': 'McArthur Center', 'Address': None, 'City': 'Saint Petersburg', 'State': 'FL', 'Zip': None, 'Country': None, 'Capacity': None, 'GeoLat': 27.71494, 'GeoLong': -82.68593}","[{'PeriodID': 117421, 'GameID': 69797, 'Number': 1, 'Name': '1', 'Type': 'Half', 'AwayScore': 12, 'HomeScore': 15}, {'PeriodID': 117425, 'GameID': 69797, 'Number': 2, 'Name': '2', 'Type': 'Half', 'AwayScore': 15, 'HomeScore': 17}]"
41,69798,2026,1,Final,2025-11-15T00:00:00,2025-11-15T13:00:00,CLVST,KENTST,156,178,42.0,45.0,2025-11-17T00:21:58,F,0.0,0.0,-5.1,72.8,193.0,-280.0,60069798,60000156,60000178,,,,,,,,,,,Scrambled,True,2025-11-15T15:48:20,270.0,271.0,,,PTB,True,-51.0,-47.0,-50.0,-49.0,2025-11-15T18:00:00,476.0,"{'StadiumID': 586, 'Active': True, 'Name': 'The Greenbrier', 'Address': None, 'City': 'White Sulphur Springs', 'State': 'WV', 'Zip': None, 'Country': None, 'Capacity': None, 'GeoLat': None, 'GeoLong': None}","[{'PeriodID': 117440, 'GameID': 69798, 'Number': 1, 'Name': '1', 'Type': 'Half', 'AwayScore': 18, 'HomeScore': 19}, {'PeriodID': 117465, 'GameID': 69798, 'Number': 2, 'Name': '2', 'Type': 'Half', 'AwayScore': 24, 'HomeScore': 26}]"
42,69799,2026,1,Final,2025-11-15T00:00:00,2025-11-15T15:00:00,SACRED,QUEEN,227,962,28.0,36.0,2025-11-17T00:21:58,F,0.0,0.0,-2.4,73.0,78.0,-95.0,60069799,60000227,60000962,,,,,,,,,,,Scrambled,True,2025-11-15T16:50:39,135180.0,135179.0,,,ESPN+,False,-49.0,-50.0,-48.0,-49.0,2025-11-15T20:00:00,678.0,"{'StadiumID': 538, 'Active': True, 'Name': 'Curry Arena', 'Address': None, 'City': 'Charlotte', 'State': 'NC', 'Zip': None, 'Country': None, 'Capacity': 2500, 'GeoLat': None, 'GeoLong': None}","[{'PeriodID': 117476, 'GameID': 69799, 'Number': 1, 'Name': '1', 'Type': 'Half', 'AwayScore': 15, 'HomeScore': 21}, {'PeriodID': 117490, 'GameID': 69799, 'Number': 2, 'Name': '2', 'Type': 'Half', 'AwayScore': 13, 'HomeScore': 15}]"
43,69800,2026,1,Final,2025-11-15T00:00:00,2025-11-15T14:00:00,NCOLLFL,NFL,1350,36,30.0,54.0,2025-11-17T00:21:58,F,0.0,0.0,,,,,60069800,60001350,60000036,,,,,,,,,,,Scrambled,True,2025-11-15T16:01:23,,,,,ESPN+,False,,,,,2025-11-15T19:00:00,2601.0,"{'StadiumID': 317, 'Active': True, 'Name': 'UNF Arena', 'Address': None, 'City': 'Jacksonville', 'State': 'FL', 'Zip': None, 'Country': None, 'Capacity': 5800, 'GeoLat': 30.2734, 'GeoLong': -81.5079}","[{'PeriodID': 117451, 'GameID': 69800, 'Number': 1, 'Name': '1', 'Type': 'Half', 'AwayScore': 19, 'HomeScore': 24}, {'PeriodID': 117482, 'GameID': 69800, 'Number': 2, 'Name': '2', 'Type': 'Half', 'AwayScore': 11, 'HomeScore': 30}]"
44,69801,2026,1,Final,2025-11-15T00:00:00,2025-11-15T14:00:00,BOYC,IPFW,709,315,30.0,52.0,2025-11-15T16:19:35,F,0.0,0.0,,,,,60069801,60000709,60000315,,,,,,,,,,,Scrambled,True,2025-11-15T15:54:20,,,,,ESPN+,False,,,,,2025-11-15T19:00:00,,"{'StadiumID': 416, 'Active': True, 'Name': 'Allen County War Memorial Coliseum', 'Address': None, 'City': 'Fort Wayne', 'State': 'IN', 'Zip': None, 'Country': None, 'Capacity': 13000, 'GeoLat': 41.115556, 'GeoLong': -85.124444}","[{'PeriodID': 117456, 'GameID': 69801, 'Number': 1, 'Name': '1', 'Type': 'Half', 'AwayScore': 16, 'HomeScore': 27}, {'PeriodID': 117473, 'GameID': 69801, 'Number': 2, 'Name': '2', 'Type': 'Half', 'AwayScore': 14, 'HomeScore': 25}]"
45,69802,2026,1,Final,2025-11-15T00:00:00,2025-11-15T13:00:00,CHAT,FLGC,281,38,32.0,40.0,2025-11-17T00:21:58,F,0.0,0.0,0.3,67.3,-58.0,47.0,60069802,60000281,60000038,,,,,,,,,,,Scrambled,True,2025-11-15T15:03:43,135171.0,135170.0,,,ESPN+,False,-51.0,-47.0,-49.0,-49.0,2025-11-15T18:00:00,1572.0,"{'StadiumID': 307, 'Active': True, 'Name': 'Alico Arena', 'Address': None, 'City': 'Fort Myers', 'State': 'FL', 'Zip': None, 'Country': None, 'Capacity': 4633, 'GeoLat': 26.471111, 'GeoLong': -81.764722}","[{'PeriodID': 117432, 'GameID': 69802, 'Number': 1, 'Name': '1', 'Type': 'Half', 'AwayScore': 11, 'HomeScore': 18}, {'PeriodID': 117454, 'GameID': 69802, 'Number': 2, 'Name': '2', 'Type': 'Half', 'AwayScore': 21, 'HomeScore': 22}]"
46,69803,2026,1,Final,2025-11-15T00:00:00,2025-11-15T17:00:00,PACFC,CSUFL,339,123,37.0,32.0,2025-11-17T00:21:58,F,0.0,0.0,1.3,70.3,-125.0,98.0,60069803,60000339,60000123,,,,,,,,,,,Scrambled,True,2025-11-15T19:05:04,283.0,283.0,,,ESPN+,False,-49.0,-48.0,-49.0,-49.0,2025-11-15T22:00:00,459.0,"{'StadiumID': 260, 'Active': True, 'Name': 'Titan Gym', 'Address': None, 'City': 'Fullerton', 'State': 'CA', 'Zip': None, 'Country': None, 'Capacity': 4000, 'GeoLat': 33.883046, 'GeoLong': -117.88609}","[{'PeriodID': 117507, 'GameID': 69803, 'Number': 1, 'Name': '1', 'Type': 'Half', 'AwayScore': 19, 'HomeScore': 11}, {'PeriodID': 117524, 'GameID': 69803, 'Number': 2, 'Name': '2', 'Type': 'Half', 'AwayScore': 18, 'HomeScore': 22}]"
47,69804,2026,1,Final,2025-11-15T00:00:00,2025-11-15T15:00:00,ETNST,NAL,282,396,34.0,33.0,2025-11-17T00:21:58,F,0.0,0.0,-0.4,64.2,-46.0,-53.0,60069804,60000282,60000396,,,,,,,,,,,Scrambled,True,2025-11-15T16:55:28,135182.0,135182.0,,,ESPN+,False,-49.0,-49.0,-49.0,-49.0,2025-11-15T20:00:00,2256.0,"{'StadiumID': 327, 'Active': True, 'Name': 'Flowers Hall', 'Address': None, 'City': 'Florence', 'State': 'AL', 'Zip': None, 'Country': None, 'Capacity': 2229, 'GeoLat': 34.80569, 'GeoLong': -87.68113}","[{'PeriodID': 117471, 'GameID': 69804, 'Number': 1, 'Name': '1', 'Type': 'Half', 'AwayScore': 14, 'HomeScore': 20}, {'PeriodID': 117491, 'GameID': 69804, 'Number': 2, 'Name': '2', 'Type': 'Half', 'AwayScore': 21, 'HomeScore': 12}]"
48,69805,2026,1,Final,2025-11-15T00:00:00,2025-11-15T15:30:00,RADF,WRGHT,86,150,26.0,41.0,2025-11-17T00:21:58,F,0.0,0.0,1.3,69.0,-123.0,98.0,60069805,60000086,60000150,,,,,,,,,,,Scrambled,True,2025-11-15T18:15:40,135183.0,135183.0,,,PTB,True,-48.0,-49.0,-49.0,-49.0,2025-11-15T20:30:00,476.0,"{'StadiumID': 586, 'Active': True, 'Name': 'The Greenbrier', 'Address': None, 'City': 'White Sulphur Springs', 'State': 'WV', 'Zip': None, 'Country': None, 'Capacity': None, 'GeoLat': None, 'GeoLong': None}","[{'PeriodID': 117488, 'GameID': 69805, 'Number': 1, 'Name': '1', 'Type': 'Half', 'AwayScore': 12, 'HomeScore': 15}, {'PeriodID': 117515, 'GameID': 69805, 'Number': 2, 'Name': '2', 'Type': 'Half', 'AwayScore': 14, 'HomeScore': 25}]"
49,70209,2026,1,Final,2025-11-15T00:00:00,2025-11-15T19:00:00,SCUP,NCW,43,124,26.0,32.0,2025-11-17T00:21:58,F,0.0,0.0,-6.4,68.6,312.0,-525.0,60070209,60000043,60000124,,,,,,,,,,,Scrambled,True,2025-11-15T21:14:06,135189.0,135189.0,,,FloC,False,-50.0,-49.0,-49.0,-49.0,2025-11-16T00:00:00,5220.0,"{'StadiumID': 117, 'Active': True, 'Name': 'Trask Coliseum', 'Address': None, 'City': 'Wilmington', 'State': 'NC', 'Zip': None, 'Country': None, 'Capacity': 5200, 'GeoLat': 34.225, 'GeoLong': -77.878333}","[{'PeriodID': 117534, 'GameID': 70209, 'Number': 1, 'Name': '1', 'Type': 'Half', 'AwayScore': 11, 'HomeScore': 17}, {'PeriodID': 117552, 'GameID': 70209, 'Number': 2, 'Name': '2', 'Type': 'Half', 'AwayScore': 15, 'HomeScore': 15}]"
50,70258,2026,1,Final,2025-11-15T00:00:00,2025-11-15T16:00:00,MONST,BOISE,74,215,26.0,27.0,2025-11-17T00:21:58,F,0.0,0.0,-7.3,65.3,452.0,-981.0,60070258,60000074,60000215,,,,,,,,,,,Scrambled,True,2025-11-15T17:59:21,280.0,279.0,,,MWN,False,-48.0,-50.0,-49.0,-49.0,2025-11-15T21:00:00,9780.0,"{'StadiumID': 171, 'Active': True, 'Name': 'ExtraMile Arena', 'Address': None, 'City': 'Boise', 'State': 'ID', 'Zip': None, 'Country': None, 'Capacity': 12480, 'GeoLat': 43.6035, 'GeoLong': -116.199}","[{'PeriodID': 117497, 'GameID': 70258, 'Number': 1, 'Name': '1', 'Type': 'Half', 'AwayScore': 13, 'HomeScore': 15}, {'PeriodID': 117510, 'GameID': 70258, 'Number': 2, 'Name': '2', 'Type': 'Half', 'AwayScore': 12, 'HomeScore': 12}]"
51,70259,2026,1,Final,2025-11-15T00:00:00,2025-11-15T21:00:00,PORT,WYOM,340,219,25.0,41.0,2025-11-17T00:21:58,F,0.0,0.0,-5.1,70.8,195.0,-275.0,60070259,60000340,60000219,,,,,,,,,,,Scrambled,True,2025-11-15T22:59:25,298.0,298.0,,,MWN,False,-49.0,-48.0,-49.0,-49.0,2025-11-16T02:00:00,3428.0,"{'StadiumID': 82, 'Active': True, 'Name': 'Arena Auditorium', 'Address': None, 'City': 'Laramie', 'State': 'WY', 'Zip': None, 'Country': None, 'Capacity': 11612, 'GeoLat': 41.313344, 'GeoLong': -105.569419}","[{'PeriodID': 117560, 'GameID': 70259, 'Number': 1, 'Name': '1', 'Type': 'Half', 'AwayScore': 14, 'HomeScore': 18}, {'PeriodID': 117576, 'GameID': 70259, 'Number': 2, 'Name': '2', 'Type': 'Half', 'AwayScore': 11, 'HomeScore': 23}]"
52,70362,2026,1,Final,2025-11-15T00:00:00,2025-11-15T21:00:00,NCOL,PEPP,75,337,39.0,36.0,2025-11-17T00:21:58,F,0.0,0.0,0.3,67.7,-58.0,47.0,60070362,60000075,60000337,,,,,,,,,,,Scrambled,True,2025-11-15T23:24:45,295.0,294.0,,,ESPN+,False,-52.0,-47.0,-49.0,-49.0,2025-11-16T02:00:00,608.0,"{'StadiumID': 287, 'Active': True, 'Name': 'Firestone Fieldhouse', 'Address': None, 'City': 'Malibu', 'State': 'CA', 'Zip': None, 'Country': None, 'Capacity': 3104, 'GeoLat': 34.038571, 'GeoLong': -118.709625}","[{'PeriodID': 117562, 'GameID': 70362, 'Number': 1, 'Name': '1', 'Type': 'Half', 'AwayScore': 18, 'HomeScore': 14}, {'PeriodID': 117575, 'GameID': 70362, 'Number': 2, 'Name': '2', 'Type': 'Half', 'AwayScore': 15, 'HomeScore': 19}, {'PeriodID': 117580, 'GameID': 70362, 'Number': 3, 'Name': 'OT', 'Type': 'Overtime', 'AwayScore': 3, 'HomeScore': 1}]"
53,70363,2026,1,Final,2025-11-15T00:00:00,2025-11-15T19:00:00,NEVADA,SANCLR,216,341,37.0,43.0,2025-11-17T00:21:58,F,0.0,0.0,-2.9,63.5,97.0,-121.0,60070363,60000216,60000341,,,,,,,,,,,Scrambled,True,2025-11-15T21:05:04,289.0,289.0,,,ESPN+,False,-49.0,-48.0,-49.0,-49.0,2025-11-16T00:00:00,1741.0,"{'StadiumID': 139, 'Active': True, 'Name': 'Leavey Center', 'Address': None, 'City': 'Santa Clara', 'State': 'CA', 'Zip': None, 'Country': None, 'Capacity': 4200, 'GeoLat': 37.349111, 'GeoLong': -121.935303}","[{'PeriodID': 117528, 'GameID': 70363, 'Number': 1, 'Name': '1', 'Type': 'Half', 'AwayScore': 15, 'HomeScore': 21}, {'PeriodID': 117549, 'GameID': 70363, 'Number': 2, 'Name': '2', 'Type': 'Half', 'AwayScore': 22, 'HomeScore': 22}]"
54,70517,2026,1,Final,2025-11-15T00:00:00,2025-11-15T13:00:00,MERRI,BOSTU,817,259,40.0,35.0,2025-11-17T00:21:58,F,0.0,0.0,-1.1,59.8,57.0,-70.0,60070517,60000817,60000259,,,,,,,,,,,Scrambled,True,2025-11-15T14:58:46,135170.0,135170.0,,,ESPN+,False,-49.0,-49.0,-49.0,-49.0,2025-11-15T18:00:00,1024.0,"{'StadiumID': 122, 'Active': True, 'Name': 'Case Gym', 'Address': None, 'City': 'Boston', 'State': 'MA', 'Zip': None, 'Country': None, 'Capacity': 1800, 'GeoLat': 42.353932, 'GeoLong': -71.120355}","[{'PeriodID': 117434, 'GameID': 70517, 'Number': 1, 'Name': '1', 'Type': 'Half', 'AwayScore': 21, 'HomeScore': 15}, {'PeriodID': 117443, 'GameID': 70517, 'Number': 2, 'Name': '2', 'Type': 'Half', 'AwayScore': 19, 'HomeScore': 20}]"
55,70582,2026,1,Final,2025-11-15T00:00:00,2025-11-16T00:00:00,DXST,HAWAII,750,115,27.0,30.0,2025-11-17T00:21:58,F,0.0,0.0,-7.3,65.9,434.0,-862.0,60070582,60000750,60000115,,,,,,,,,,,Scrambled,True,2025-11-16T01:59:44,303.0,302.0,,,ESPN+,False,-48.0,-50.0,-50.0,-48.0,2025-11-16T05:00:00,5211.0,"{'StadiumID': 142, 'Active': True, 'Name': 'Stan Sheriff Center', 'Address': None, 'City': 'Honolulu', 'State': 'HI', 'Zip': None, 'Country': None, 'Capacity': 10300, 'GeoLat': 21.294292, 'GeoLong': -157.818875}","[{'PeriodID': 117585, 'GameID': 70582, 'Number': 1, 'Name': '1', 'Type': 'Half', 'AwayScore': 4, 'HomeScore': 13}, {'PeriodID': 117586, 'GameID': 70582, 'Number': 2, 'Name': '2', 'Type': 'Half', 'AwayScore': 18, 'HomeScore': 17}]"
56,70583,2026,1,Final,2025-11-15T00:00:00,2025-11-15T17:00:00,BRYAN,LIPSC,520,40,23.0,43.0,2025-11-17T00:21:58,F,0.0,0.0,,,,,60070583,60000520,60000040,,,,,,,,,,,Scrambled,True,2025-11-15T18:49:04,,,,,ESPN+,False,,,,,2025-11-15T22:00:00,2018.0,"{'StadiumID': 156, 'Active': True, 'Name': 'Allen Arena', 'Address': None, 'City': 'Nashville', 'State': 'TN', 'Zip': None, 'Country': None, 'Capacity': 5028, 'GeoLat': 36.103833, 'GeoLong': -86.798836}","[{'PeriodID': 117511, 'GameID': 70583, 'Number': 1, 'Name': '1', 'Type': 'Half', 'AwayScore': 11, 'HomeScore': 23}, {'PeriodID': 117523, 'GameID': 70583, 'Number': 2, 'Name': '2', 'Type': 'Half', 'AwayScore': 13, 'HomeScore': 20}]"
57,70856,2026,1,Final,2025-11-15T00:00:00,2025-11-15T17:00:00,NDAK,UCRVS,71,120,34.0,33.0,2025-11-17T00:21:58,F,0.0,0.0,-1.5,65.5,64.0,-78.0,60070856,60000071,60000120,,,,,,,,,,,Scrambled,True,2025-11-15T19:10:32,284.0,284.0,,,ESPN+,False,-49.0,-49.0,-49.0,-50.0,2025-11-15T22:00:00,375.0,"{'StadiumID': 319, 'Active': True, 'Name': 'SRC Arena', 'Address': None, 'City': 'Riverside', 'State': 'CA', 'Zip': None, 'Country': None, 'Capacity': 3168, 'GeoLat': 33.9789, 'GeoLong': -117.32813}","[{'PeriodID': 117508, 'GameID': 70856, 'Number': 1, 'Name': '1', 'Type': 'Half', 'AwayScore': 18, 'HomeScore': 14}, {'PeriodID': 117525, 'GameID': 70856, 'Number': 2, 'Name': '2', 'Type': 'Half', 'AwayScore': 15, 'HomeScore': 19}]"
58,71023,2026,1,Final,2025-11-15T00:00:00,2025-11-15T21:00:00,GB,MINNST,152,104,29.0,32.0,2025-11-17T00:21:58,F,0.0,0.0,-11.2,64.6,1323.0,-8820.0,60071023,60000152,60000104,,,,,,,,,,,Scrambled,True,2025-11-15T23:36:13,296.0,296.0,,,BTN,False,-47.0,-51.0,-49.0,-49.0,2025-11-16T02:00:00,7431.0,"{'StadiumID': 59, 'Active': True, 'Name': 'Williams Arena', 'Address': None, 'City': 'Minneapolis', 'State': 'MN', 'Zip': None, 'Country': None, 'Capacity': 14625, 'GeoLat': 44.976944, 'GeoLong': -93.228333}","[{'PeriodID': 117565, 'GameID': 71023, 'Number': 1, 'Name': '1', 'Type': 'Half', 'AwayScore': 12, 'HomeScore': 10}, {'PeriodID': 117577, 'GameID': 71023, 'Number': 2, 'Name': '2', 'Type': 'Half', 'AwayScore': 15, 'HomeScore': 17}, {'PeriodID': 117584, 'GameID': 71023, 'Number': 3, 'Name': 'OT', 'Type': 'Overtime', 'AwayScore': 1, 'HomeScore': 2}]"
59,71024,2026,1,Final,2025-11-15T00:00:00,2025-11-15T15:00:00,ARPB,VAND,310,273,33.0,46.0,2025-11-17T00:21:58,F,0.0,0.0,-18.3,76.1,,,60071024,60000310,60000273,,,,,,,,,,,Scrambled,True,2025-11-15T16:59:56,135181.0,135181.0,,,SEC,False,-49.0,-49.0,-50.0,-49.0,2025-11-15T20:00:00,6435.0,"{'StadiumID': 75, 'Active': True, 'Name': 'Memorial Gymnasium (TN)', 'Address': None, 'City': 'Nashville', 'State': 'TN', 'Zip': None, 'Country': None, 'Capacity': 14316, 'GeoLat': 36.144611, 'GeoLong': -86.80742}","[{'PeriodID': 117470, 'GameID': 71024, 'Number': 1, 'Name': '1', 'Type': 'Half', 'AwayScore': 14, 'HomeScore': 19}, {'PeriodID': 117501, 'GameID': 71024, 'Number': 2, 'Name': '2', 'Type': 'Half', 'AwayScore': 19, 'HomeScore': 27}]"
60,71025,2026,1,Final,2025-11-15T00:00:00,2025-11-15T20:00:00,GARDWB,ELON,83,130,37.0,42.0,2025-11-17T00:21:58,F,0.0,0.0,-5.7,68.1,251.0,-392.0,60071025,60000083,60000130,,,,,,,,,,,Scrambled,True,2025-11-15T21:56:07,135191.0,135191.0,,,FloC,False,-49.0,-49.0,-49.0,-49.0,2025-11-16T01:00:00,1467.0,"{'StadiumID': 329, 'Active': True, 'Name': 'Schar Center', 'Address': None, 'City': 'Elon', 'State': 'NC', 'Zip': None, 'Country': None, 'Capacity': 5100, 'GeoLat': 36.106998, 'GeoLong': -79.509392}","[{'PeriodID': 117545, 'GameID': 71025, 'Number': 1, 'Name': '1', 'Type': 'Half', 'AwayScore': 12, 'HomeScore': 22}, {'PeriodID': 117559, 'GameID': 71025, 'Number': 2, 'Name': '2', 'Type': 'Half', 'AwayScore': 25, 'HomeScore': 20}]"
61,71026,2026,1,Final,2025-11-15T00:00:00,2025-11-15T22:00:00,UTAHV,FREST,348,213,33.0,33.0,2025-11-17T00:21:58,F,0.0,0.0,0.9,69.0,-85.0,69.0,60071026,60000348,60000213,,,,,,,,,,,Scrambled,True,2025-11-16T00:11:08,302.0,301.0,,,MWN,False,-48.0,-50.0,-49.0,-49.0,2025-11-16T03:00:00,2969.0,"{'StadiumID': 314, 'Active': True, 'Name': 'Save Mart Center', 'Address': None, 'City': 'Fresno', 'State': 'CA', 'Zip': None, 'Country': None, 'Capacity': 15596, 'GeoLat': 36.809722, 'GeoLong': -119.738611}","[{'PeriodID': 117574, 'GameID': 71026, 'Number': 1, 'Name': '1', 'Type': 'Half', 'AwayScore': 18, 'HomeScore': 15}, {'PeriodID': 117581, 'GameID': 71026, 'Number': 2, 'Name': '2', 'Type': 'Half', 'AwayScore': 15, 'HomeScore': 19}]"
62,71027,2026,1,Final,2025-11-15T00:00:00,2025-11-15T22:00:00,WEBST,UCIRV,69,116,31.0,35.0,2025-11-17T00:21:58,F,0.0,0.0,-5.1,66.4,194.0,-276.0,60071027,60000069,60000116,,,,,,,,,,,Scrambled,True,2025-11-16T00:13:36,301.0,300.0,,,ESPN+,False,-49.0,-49.0,-49.0,-49.0,2025-11-16T03:00:00,1964.0,"{'StadiumID': 81, 'Active': True, 'Name': 'Bren Events Center', 'Address': None, 'City': 'Irvine', 'State': 'CA', 'Zip': None, 'Country': None, 'Capacity': 5000, 'GeoLat': 33.649167, 'GeoLong': -117.846944}","[{'PeriodID': 117570, 'GameID': 71027, 'Number': 1, 'Name': '1', 'Type': 'Half', 'AwayScore': 14, 'HomeScore': 18}, {'PeriodID': 117583, 'GameID': 71027, 'Number': 2, 'Name': '2', 'Type': 'Half', 'AwayScore': 17, 'HomeScore': 17}]"
63,71028,2026,1,Final,2025-11-15T00:00:00,2025-11-15T18:00:00,WM,STJOHN,125,67,26.0,41.0,2025-11-17T00:21:58,F,0.0,0.0,-12.6,78.9,882.0,-4410.0,60071028,60000125,60000067,,,,,,,,,,,Scrambled,True,2025-11-15T19:59:48,287.0,286.0,,,truT,False,-49.0,-49.0,-49.0,-49.0,2025-11-15T23:00:00,5260.0,"{'StadiumID': 19, 'Active': True, 'Name': 'Carnesecca Arena', 'Address': None, 'City': 'Queens', 'State': 'NY', 'Zip': None, 'Country': None, 'Capacity': 5602, 'GeoLat': 40.724167, 'GeoLong': -73.794444}","[{'PeriodID': 117518, 'GameID': 71028, 'Number': 1, 'Name': '1', 'Type': 'Half', 'AwayScore': 15, 'HomeScore': 17}, {'PeriodID': 117532, 'GameID': 71028, 'Number': 2, 'Name': '2', 'Type': 'Half', 'AwayScore': 11, 'HomeScore': 24}]"
64,71029,2026,1,Final,2025-11-15T00:00:00,2025-11-15T19:00:00,JACKST,LOUTCH,306,137,22.0,30.0,2025-11-17T00:21:58,F,0.0,0.0,-3.7,64.6,130.0,-168.0,60071029,60000306,60000137,,,,,,,,,,,Scrambled,True,2025-11-15T21:01:34,135189.0,135188.0,,,ESPN+,False,-50.0,-48.0,-49.0,-49.0,2025-11-16T00:00:00,2106.0,"{'StadiumID': 180, 'Active': True, 'Name': 'Thomas Assembly Center', 'Address': None, 'City': 'Ruston', 'State': 'LA', 'Zip': None, 'Country': None, 'Capacity': 8000, 'GeoLat': 32.5321, 'GeoLong': -92.6584}","[{'PeriodID': 117531, 'GameID': 71029, 'Number': 1, 'Name': '1', 'Type': 'Half', 'AwayScore': 12, 'HomeScore': 15}, {'PeriodID': 117548, 'GameID': 71029, 'Number': 2, 'Name': '2', 'Type': 'Half', 'AwayScore': 11, 'HomeScore': 15}]"
65,71030,2026,1,Final,2025-11-15T00:00:00,2025-11-15T19:00:00,OKL,NEBR,105,99,44.0,46.0,2025-11-17T00:21:58,F,0.0,0.0,-0.7,71.7,-45.0,-52.0,60071030,60000105,60000099,,,,,,,,,,,Scrambled,True,2025-11-15T21:21:23,290.0,290.0,,,BTN,True,-49.0,-48.0,-50.0,-49.0,2025-11-16T00:00:00,3463.0,"{'StadiumID': 388, 'Active': True, 'Name': 'Sanford Pentagon', 'Address': None, 'City': 'Sioux Falls', 'State': 'SD', 'Zip': None, 'Country': None, 'Capacity': 3250, 'GeoLat': 43.593056, 'GeoLong': -96.758611}","[{'PeriodID': 117535, 'GameID': 71030, 'Number': 1, 'Name': '1', 'Type': 'Half', 'AwayScore': 22, 'HomeScore': 19}, {'PeriodID': 117553, 'GameID': 71030, 'Number': 2, 'Name': '2', 'Type': 'Half', 'AwayScore': 21, 'HomeScore': 27}]"
66,71031,2026,1,Final,2025-11-15T00:00:00,2025-11-15T22:00:00,BRADLY,SF,210,338,28.0,33.0,2025-11-17T00:21:58,F,0.0,0.0,-4.2,64.4,155.0,-211.0,60071031,60000210,60000338,,,,,,,,,,,Scrambled,True,2025-11-16T00:12:53,300.0,299.0,,,ESPN+,False,-48.0,-49.0,-49.0,-49.0,2025-11-16T03:00:00,2182.0,"{'StadiumID': 160, 'Active': True, 'Name': 'War Memorial Gymnasium', 'Address': None, 'City': 'San Francisco', 'State': 'CA', 'Zip': None, 'Country': None, 'Capacity': 3006, 'GeoLat': 37.776944, 'GeoLong': -122.449444}","[{'PeriodID': 117572, 'GameID': 71031, 'Number': 1, 'Name': '1', 'Type': 'Half', 'AwayScore': 16, 'HomeScore': 16}, {'PeriodID': 117582, 'GameID': 71031, 'Number': 2, 'Name': '2', 'Type': 'Half', 'AwayScore': 12, 'HomeScore': 17}]"
67,71032,2026,1,Final,2025-11-15T00:00:00,2025-11-15T14:00:00,NHAMP,GMSN,14,56,19.0,27.0,2025-11-17T00:21:58,F,0.0,0.0,-10.6,63.7,819.0,-3381.0,60071032,60000014,60000056,,,,,,,,,,,Scrambled,True,2025-11-15T15:55:28,135178.0,135178.0,,,ESPN+,False,-49.0,-49.0,-49.0,-49.0,2025-11-15T19:00:00,2505.0,"{'StadiumID': 121, 'Active': True, 'Name': 'EagleBank Arena', 'Address': None, 'City': 'Fairfax', 'State': 'VA', 'Zip': None, 'Country': None, 'Capacity': 7860, 'GeoLat': 38.827, 'GeoLong': -77.31}","[{'PeriodID': 117444, 'GameID': 71032, 'Number': 1, 'Name': '1', 'Type': 'Half', 'AwayScore': 11, 'HomeScore': 13}, {'PeriodID': 117480, 'GameID': 71032, 'Number': 2, 'Name': '2', 'Type': 'Half', 'AwayScore': 4, 'HomeScore': 14}]"
68,71033,2026,1,Final,2025-11-15T00:00:00,2025-11-15T13:00:00,VERM,NEAST,15,131,37.0,33.0,2025-11-17T00:21:58,F,0.0,0.0,-0.7,59.5,44.0,-54.0,60071033,60000015,60000131,,,,,,,,,,,Scrambled,True,2025-11-15T15:03:44,135168.0,135168.0,,,FloC,False,-49.0,-49.0,-50.0,-48.0,2025-11-15T18:00:00,3335.0,"{'StadiumID': 57, 'Active': True, 'Name': 'Matthews Arena', 'Address': None, 'City': 'Boston', 'State': 'MA', 'Zip': None, 'Country': None, 'Capacity': 5066, 'GeoLat': 42.341111, 'GeoLong': -71.084444}","[{'PeriodID': 117436, 'GameID': 71033, 'Number': 1, 'Name': '1', 'Type': 'Half', 'AwayScore': 13, 'HomeScore': 15}, {'PeriodID': 117455, 'GameID': 71033, 'Number': 2, 'Name': '2', 'Type': 'Half', 'AwayScore': 24, 'HomeScore': 18}]"
69,71034,2026,1,Final,2025-11-15T00:00:00,2025-11-15T15:00:00,DEF,OAK,720,149,21.0,50.0,2025-11-17T00:21:58,F,0.0,0.0,,,,,60071034,60000720,60000149,,,,,,,,,,,Scrambled,True,2025-11-15T16:46:17,,,,,ESPN+,False,,,,,2025-11-15T20:00:00,1821.0,"{'StadiumID': 124, 'Active': True, 'Name': ""Athletics Center O'rena"", 'Address': None, 'City': 'Rochester', 'State': 'MI', 'Zip': None, 'Country': None, 'Capacity': 4000, 'GeoLat': 42.673972, 'GeoLong': -83.213158}","[{'PeriodID': 117475, 'GameID': 71034, 'Number': 1, 'Name': '1', 'Type': 'Half', 'AwayScore': 4, 'HomeScore': 30}, {'PeriodID': 117493, 'GameID': 71034, 'Number': 2, 'Name': '2', 'Type': 'Half', 'AwayScore': 11, 'HomeScore': 20}]"
70,71035,2026,1,Final,2025-11-15T00:00:00,2025-11-15T17:00:00,TXS,TXST,304,332,30.0,34.0,2025-11-17T00:21:58,F,0.0,0.0,-2.0,63.7,75.0,-93.0,60071035,60000304,60000332,,,,,,,,,,,Scrambled,True,2025-11-15T19:11:25,135186.0,135185.0,,,ESPN+,False,-48.0,-50.0,-49.0,-49.0,2025-11-15T22:00:00,1236.0,"{'StadiumID': 131, 'Active': True, 'Name': 'Strahan Arena at the University Events Center', 'Address': None, 'City': 'San Marcos', 'State': 'TX', 'Zip': None, 'Country': None, 'Capacity': 10000, 'GeoLat': 29.888611, 'GeoLong': -97.932778}","[{'PeriodID': 117506, 'GameID': 71035, 'Number': 1, 'Name': '1', 'Type': 'Half', 'AwayScore': 13, 'HomeScore': 21}, {'PeriodID': 117522, 'GameID': 71035, 'Number': 2, 'Name': '2', 'Type': 'Half', 'AwayScore': 16, 'HomeScore': 13}]"
71,71036,2026,1,Final,2025-11-15T00:00:00,2025-11-15T17:30:00,NICHLS,MURST,302,240,35.0,44.0,2025-11-15T19:42:10,F,0.0,0.0,-6.4,69.5,310.0,-535.0,60071036,60000302,60000240,,,,,,,,,,,Scrambled,True,2025-11-15T19:36:29,135187.0,135186.0,,,ESPN+,False,-48.0,-50.0,-49.0,-49.0,2025-11-15T22:30:00,,"{'StadiumID': 170, 'Active': True, 'Name': 'CFSB Center', 'Address': None, 'City': 'Murray', 'State': 'KY', 'Zip': None, 'Country': None, 'Capacity': 8600, 'GeoLat': 36.62267, 'GeoLong': -88.32031}","[{'PeriodID': 117517, 'GameID': 71036, 'Number': 1, 'Name': '1', 'Type': 'Half', 'AwayScore': 17, 'HomeScore': 21}, {'PeriodID': 117526, 'GameID': 71036, 'Number': 2, 'Name': '2', 'Type': 'Half', 'AwayScore': 18, 'HomeScore': 22}]"
72,71037,2026,1,Final,2025-11-15T00:00:00,2025-11-15T14:00:00,UTSA,DEN,147,319,37.0,35.0,2025-11-17T00:21:58,F,0.0,0.0,-2.0,65.5,70.0,-86.0,60071037,60000147,60000319,,,,,,,,,,,Scrambled,True,2025-11-15T15:56:30,273.0,272.0,,,Summ,False,-50.0,-49.0,-48.0,-50.0,2025-11-15T19:00:00,1456.0,"{'StadiumID': 470, 'Active': True, 'Name': 'Hamilton Gymnasium', 'Address': None, 'City': 'Denver', 'State': 'CO', 'Zip': None, 'Country': None, 'Capacity': 2300, 'GeoLat': 39.682106, 'GeoLong': -104.961592}","[{'PeriodID': 117460, 'GameID': 71037, 'Number': 1, 'Name': '1', 'Type': 'Half', 'AwayScore': 16, 'HomeScore': 12}, {'PeriodID': 117479, 'GameID': 71037, 'Number': 2, 'Name': '2', 'Type': 'Half', 'AwayScore': 21, 'HomeScore': 22}]"
73,71038,2026,1,Final,2025-11-15T00:00:00,2025-11-15T19:30:00,CCT,SOUTH,400,305,28.0,57.0,2025-11-17T00:21:58,F,0.0,0.0,,,,,60071038,60000400,60000305,,,,,,,,,,,Scrambled,True,2025-11-15T21:18:32,,,,,,False,,,,,2025-11-16T00:30:00,3256.0,"{'StadiumID': 394, 'Active': True, 'Name': 'F. G. Clark Activity Center', 'Address': None, 'City': 'Baton Rouge', 'State': 'LA', 'Zip': None, 'Country': None, 'Capacity': 7500, 'GeoLat': 30.521667, 'GeoLong': -91.185556}","[{'PeriodID': 117539, 'GameID': 71038, 'Number': 1, 'Name': '1', 'Type': 'Half', 'AwayScore': 13, 'HomeScore': 30}, {'PeriodID': 117555, 'GameID': 71038, 'Number': 2, 'Name': '2', 'Type': 'Half', 'AwayScore': 15, 'HomeScore': 27}]"
74,71578,2026,1,Final,2025-11-15T00:00:00,2025-11-15T16:00:00,UTEP,UTAHST,139,220,22.0,33.0,2025-11-17T00:21:58,F,0.0,0.0,-7.3,65.7,428.0,-1022.0,60071578,60000139,60000220,,,,,,,,,,,Scrambled,True,2025-11-15T18:07:00,281.0,281.0,,,MWN,False,-49.0,-49.0,-49.0,-49.0,2025-11-15T21:00:00,7942.0,"{'StadiumID': 138, 'Active': True, 'Name': 'Dee Glen Smith Spectrum', 'Address': None, 'City': 'Logan', 'State': 'UT', 'Zip': None, 'Country': None, 'Capacity': 10270, 'GeoLat': 41.748, 'GeoLong': -111.812}","[{'PeriodID': 117496, 'GameID': 71578, 'Number': 1, 'Name': '1', 'Type': 'Half', 'AwayScore': 4, 'HomeScore': 15}, {'PeriodID': 117514, 'GameID': 71578, 'Number': 2, 'Name': '2', 'Type': 'Half', 'AwayScore': 14, 'HomeScore': 18}]"
75,71929,2026,1,Final,2025-11-15T00:00:00,2025-11-15T12:00:00,DELST,NHVN,201,1453,23.0,29.0,2025-11-17T00:21:58,F,0.0,0.0,-0.7,57.6,45.0,-56.0,60071929,60000201,60001453,,,,,,,,,,,Scrambled,True,2025-11-15T14:43:58,135172.0,135171.0,,,NEC,False,-49.0,-49.0,-49.0,-49.0,2025-11-15T17:00:00,673.0,"{'StadiumID': 630, 'Active': True, 'Name': 'Jeffery P. Hazell Athletics Center', 'Address': None, 'City': 'West Haven', 'State': 'CT', 'Zip': None, 'Country': None, 'Capacity': None, 'GeoLat': None, 'GeoLong': None}","[{'PeriodID': 117428, 'GameID': 71929, 'Number': 1, 'Name': '1', 'Type': 'Half', 'AwayScore': 4, 'HomeScore': 13}, {'PeriodID': 117441, 'GameID': 71929, 'Number': 2, 'Name': '2', 'Type': 'Half', 'AwayScore': 13, 'HomeScore': 15}]"
76,71930,2026,1,Final,2025-11-15T00:00:00,2025-11-15T16:00:00,CPENN,AMERCN,511,265,22.0,51.0,2025-11-17T00:21:58,F,0.0,0.0,,,,,60071930,60000511,60000265,,,,,,,,,,,Scrambled,True,2025-11-15T18:11:57,,,,,ESPN+,False,,,,,2025-11-15T21:00:00,798.0,"{'StadiumID': 321, 'Active': True, 'Name': 'Bender Arena', 'Address': None, 'City': 'Washington', 'State': 'DC', 'Zip': None, 'Country': None, 'Capacity': 3400, 'GeoLat': 38.937778, 'GeoLong': -77.09}","[{'PeriodID': 117502, 'GameID': 71930, 'Number': 1, 'Name': '1', 'Type': 'Half', 'AwayScore': 14, 'HomeScore': 26}, {'PeriodID': 117516, 'GameID': 71930, 'Number': 2, 'Name': '2', 'Type': 'Half', 'AwayScore': 4, 'HomeScore': 25}]"
77,72057,2026,1,Final,2025-11-15T00:00:00,2025-11-15T20:00:00,CHRB,ARKST,1439,327,30.0,42.0,2025-11-17T00:21:58,F,0.0,0.0,,,,,60072057,60001439,60000327,,,,,,,,,,,Scrambled,True,2025-11-15T21:52:35,,,,,ESPN+,False,,,,,2025-11-16T01:00:00,3182.0,"{'StadiumID': 350, 'Active': True, 'Name': 'First National Bank Arena', 'Address': None, 'City': 'Jonesboro', 'State': 'AR', 'Zip': None, 'Country': None, 'Capacity': 10563, 'GeoLat': 35.845422, 'GeoLong': -90.670319}","[{'PeriodID': 117543, 'GameID': 72057, 'Number': 1, 'Name': '1', 'Type': 'Half', 'AwayScore': 12, 'HomeScore': 20}, {'PeriodID': 117557, 'GameID': 72057, 'Number': 2, 'Name': '2', 'Type': 'Half', 'AwayScore': 17, 'HomeScore': 22}]"
78,72058,2026,1,Final,2025-11-15T00:00:00,2025-11-15T13:00:00,UMKC,TX,362,109,24.0,31.0,2025-11-17T00:21:58,F,0.0,0.0,-13.9,70.3,1984.0,-44100.0,60072058,60000362,60000109,,,,,,,,,,,Scrambled,True,2025-11-15T15:01:35,270.0,269.0,,,SEC,False,-49.0,-48.0,-49.0,-49.0,2025-11-15T18:00:00,10593.0,"{'StadiumID': 544, 'Active': True, 'Name': 'Moody Center', 'Address': None, 'City': 'Austin', 'State': 'TX', 'Zip': None, 'Country': None, 'Capacity': 10763, 'GeoLat': None, 'GeoLong': None}","[{'PeriodID': 117429, 'GameID': 72058, 'Number': 1, 'Name': '1', 'Type': 'Half', 'AwayScore': 11, 'HomeScore': 17}, {'PeriodID': 117464, 'GameID': 72058, 'Number': 2, 'Name': '2', 'Type': 'Half', 'AwayScore': 13, 'HomeScore': 15}]"
79,72059,2026,1,Final,2025-11-15T00:00:00,2025-11-15T15:00:00,STMN,SEMST,1112,243,37.0,32.0,2025-11-17T00:21:58,F,0.0,0.0,0.4,67.3,-61.0,50.0,60072059,60001112,60000243,,,,,,,,,,,Scrambled,True,2025-11-15T17:03:05,278.0,277.0,,,ESPN+,False,-49.0,-49.0,-51.0,-46.0,2025-11-15T20:00:00,1750.0,"{'StadiumID': 340, 'Active': True, 'Name': 'Show Me Center', 'Address': None, 'City': 'Cape Girardeau', 'State': 'MO', 'Zip': None, 'Country': None, 'Capacity': 7373, 'GeoLat': 37.32, 'GeoLong': -89.5271}","[{'PeriodID': 117474, 'GameID': 72059, 'Number': 1, 'Name': '1', 'Type': 'Half', 'AwayScore': 18, 'HomeScore': 13}, {'PeriodID': 117500, 'GameID': 72059, 'Number': 2, 'Name': '2', 'Type': 'Half', 'AwayScore': 19, 'HomeScore': 19}]"
80,72334,2026,1,Final,2025-11-15T00:00:00,2025-11-15T14:00:00,AUSP,NCG,242,286,30.0,28.0,2025-11-17T00:21:58,F,0.0,0.0,-0.7,64.2,-46.0,-52.0,60072334,60000242,60000286,,,,,,,,,,,Scrambled,True,2025-11-15T16:11:33,135177.0,135177.0,,,ESPN+,False,-51.0,-46.0,-50.0,-48.0,2025-11-15T19:00:00,906.0,"{'StadiumID': 371, 'Active': True, 'Name': 'First Horizon Coliseum', 'Address': None, 'City': 'Greensboro', 'State': 'NC', 'Zip': None, 'Country': None, 'Capacity': 23500, 'GeoLat': 36.059722, 'GeoLong': -79.825556}","[{'PeriodID': 117448, 'GameID': 72334, 'Number': 1, 'Name': '1', 'Type': 'Half', 'AwayScore': 15, 'HomeScore': 12}, {'PeriodID': 117478, 'GameID': 72334, 'Number': 2, 'Name': '2', 'Type': 'Half', 'AwayScore': 16, 'HomeScore': 16}]"
81,72353,2026,1,Final,2025-11-15T00:00:00,2025-11-15T21:30:00,MANH,MSVLST,171,308,35.0,32.0,2025-11-15T23:26:27,F,0.0,0.0,4.0,68.4,-1984.0,529.0,60072353,60000171,60000308,,,,,,,,,,,Scrambled,True,2025-11-15T23:21:16,135192.0,135192.0,,,,True,-48.0,-50.0,-49.0,-49.0,2025-11-16T02:30:00,,"{'StadiumID': 142, 'Active': True, 'Name': 'Stan Sheriff Center', 'Address': None, 'City': 'Honolulu', 'State': 'HI', 'Zip': None, 'Country': None, 'Capacity': 10300, 'GeoLat': 21.294292, 'GeoLong': -157.818875}","[{'PeriodID': 117568, 'GameID': 72353, 'Number': 1, 'Name': '1', 'Type': 'Half', 'AwayScore': 18, 'HomeScore': 14}, {'PeriodID': 117578, 'GameID': 72353, 'Number': 2, 'Name': '2', 'Type': 'Half', 'AwayScore': 17, 'HomeScore': 18}]"
0,67363,2026,1,Final,2025-11-14T00:00:00,2025-11-14T19:30:00,NO,TULANE,297,10,47.0,35.0,2025-11-15T00:19:43,F,0.0,0.0,-6.1,85.9,294.0,-454.0,60067363,60000297,60000010,,,,,,,,,,,Scrambled,True,2025-11-14T21:46:14,170493.0,170492.0,,,ESPN+,False,-62.0,-61.0,-62.0,-62.0,2025-11-15T00:30:00,2009.0,"{'StadiumID': 176, 'Active': True, 'Name': 'Devlin Fieldhouse', 'Address': None, 'City': 'New Orleans', 'State': 'LA', 'Zip': None, 'Country': None, 'Capacity': 4100, 'GeoLat': 29.938611, 'GeoLong': -90.120556}","[{'PeriodID': 117346, 'GameID': 67363, 'Number': 1, 'Name': '1', 'Type': 'Half', 'AwayScore': 23, 'HomeScore': 17}, {'PeriodID': 117375, 'GameID': 67363, 'Number': 2, 'Name': '2', 'Type': 'Half', 'AwayScore': 24, 'HomeScore': 18}]"
1,67624,2026,1,Final,2025-11-14T00:00:00,2025-11-14T19:00:00,HOFST,BUCK,128,257,46.0,43.0,2025-11-15T00:19:43,F,0.0,0.0,1.1,77.6,-101.0,83.0,60067624,60000128,60000257,,,,,,,,,,,Scrambled,True,2025-11-14T21:07:26,170490.0,170489.0,,,ESPN+,False,-63.0,-61.0,-63.0,-61.0,2025-11-15T00:00:00,1232.0,"{'StadiumID': 163, 'Active': True, 'Name': 'Sojka Pavilion', 'Address': None, 'City': 'Lewisburg', 'State': 'PA', 'Zip': None, 'Country': None, 'Capacity': 4000, 'GeoLat': 40.956964, 'GeoLong': -76.887093}","[{'PeriodID': 117338, 'GameID': 67624, 'Number': 1, 'Name': '1', 'Type': 'Half', 'AwayScore': 19, 'HomeScore': 23}, {'PeriodID': 117368, 'GameID': 67624, 'Number': 2, 'Name': '2', 'Type': 'Half', 'AwayScore': 27, 'HomeScore': 20}]"
2,67862,2026,1,Final,2025-11-14T00:00:00,2025-11-14T21:00:00,MICH,TCU,95,114,37.0,35.0,2025-11-15T00:19:43,F,0.0,0.0,2.3,91.5,-200.0,155.0,60067862,60000095,60000114,,,,,,,,,,,Scrambled,True,2025-11-14T23:26:18,485.0,484.0,,,ESPN2,False,-62.0,-61.0,-61.0,-62.0,2025-11-15T02:00:00,6426.0,"{'StadiumID': 85, 'Active': True, 'Name': 'Ed and Rae Schollmaier Arena', 'Address': None, 'City': 'Fort Worth', 'State': 'TX', 'Zip': None, 'Country': None, 'Capacity': 6800, 'GeoLat': 32.708774, 'GeoLong': -97.36673}","[{'PeriodID': 117378, 'GameID': 67862, 'Number': 1, 'Name': '1', 'Type': 'Half', 'AwayScore': 18, 'HomeScore': 19}, {'PeriodID': 117405, 'GameID': 67862, 'Number': 2, 'Name': '2', 'Type': 'Half', 'AwayScore': 19, 'HomeScore': 16}]"
3,68308,2026,1,Final,2025-11-14T00:00:00,2025-11-14T19:30:00,ILLST,USC,204,246,37.0,48.0,2025-11-15T00:35:05,F,0.0,0.0,-8.6,85.9,529.0,-1223.0,60068308,60000204,60000246,,,,,,,,,,,Scrambled,True,2025-11-14T21:36:37,470.0,470.0,,,PEAC,True,-58.0,-64.0,-61.0,-61.0,2025-11-15T00:30:00,7554.0,"{'StadiumID': 606, 'Active': True, 'Name': 'Intuit Dome', 'Address': None, 'City': 'Inglewood', 'State': 'CA', 'Zip': None, 'Country': None, 'Capacity': None, 'GeoLat': None, 'GeoLong': None}","[{'PeriodID': 117344, 'GameID': 68308, 'Number': 1, 'Name': '1', 'Type': 'Half', 'AwayScore': 14, 'HomeScore': 22}, {'PeriodID': 117374, 'GameID': 68308, 'Number': 2, 'Name': '2', 'Type': 'Half', 'AwayScore': 23, 'HomeScore': 26}]"
4,68486,2026,1,Final,2025-11-14T00:00:00,2025-11-14T22:00:00,ARZ,UCLA,247,253,38.0,36.0,2025-11-15T00:19:43,F,0.0,0.0,0.5,85.6,-71.0,58.0,60068486,60000247,60000253,,,,,,,,,,,Scrambled,True,2025-11-15T00:00:38,489.0,489.0,,,PEAC,True,-61.0,-62.0,-63.0,-61.0,2025-11-15T03:00:00,7554.0,"{'StadiumID': 606, 'Active': True, 'Name': 'Intuit Dome', 'Address': None, 'City': 'Inglewood', 'State': 'CA', 'Zip': None, 'Country': None, 'Capacity': None, 'GeoLat': None, 'GeoLong': None}","[{'PeriodID': 117397, 'GameID': 68486, 'Number': 1, 'Name': '1', 'Type': 'Half', 'AwayScore': 16, 'HomeScore': 14}, {'PeriodID': 117412, 'GameID': 68486, 'Number': 2, 'Name': '2', 'Type': 'Half', 'AwayScore': 23, 'HomeScore': 22}]"
5,68529,2026,1,Final,2025-11-14T00:00:00,2025-11-14T21:00:00,NCC,NCAR,197,21,29.0,54.0,2025-11-15T00:19:43,F,0.0,0.0,-19.2,88.7,,,60068529,60000197,60000021,,,,,,,,,,,Scrambled,True,2025-11-14T23:11:50,170499.0,170498.0,,,ACCN,False,-61.0,-62.0,-61.0,-62.0,2025-11-15T02:00:00,17522.0,"{'StadiumID': 185, 'Active': True, 'Name': 'Dean E. Smith Center', 'Address': None, 'City': 'Chapel Hill', 'State': 'NC', 'Zip': None, 'Country': None, 'Capacity': 21750, 'GeoLat': 35.899722, 'GeoLong': -79.043889}","[{'PeriodID': 117387, 'GameID': 68529, 'Number': 1, 'Name': '1', 'Type': 'Half', 'AwayScore': 13, 'HomeScore': 22}, {'PeriodID': 117404, 'GameID': 68529, 'Number': 2, 'Name': '2', 'Type': 'Half', 'AwayScore': 16, 'HomeScore': 32}]"
6,68530,2026,1,Final,2025-11-14T00:00:00,2025-11-14T19:00:00,INDST,DUKE,207,26,34.0,56.0,2025-11-14T21:09:31,F,0.0,0.0,-21.1,90.9,1835.0,-5560.0,60068530,60000207,60000026,,,,,,,,,,,Scrambled,True,2025-11-14T21:03:53,468.0,468.0,,,ACCN,False,-63.0,-61.0,-61.0,-61.0,2025-11-15T00:00:00,,"{'StadiumID': 211, 'Active': True, 'Name': 'Cameron Indoor Stadium', 'Address': None, 'City': 'Durham', 'State': 'NC', 'Zip': None, 'Country': None, 'Capacity': 9314, 'GeoLat': 35.9976, 'GeoLong': -78.9422}","[{'PeriodID': 117328, 'GameID': 68530, 'Number': 1, 'Name': '1', 'Type': 'Half', 'AwayScore': 18, 'HomeScore': 28}, {'PeriodID': 117362, 'GameID': 68530, 'Number': 2, 'Name': '2', 'Type': 'Half', 'AwayScore': 17, 'HomeScore': 27}]"
7,68531,2026,1,Final,2025-11-14T00:00:00,2025-11-14T19:00:00,ALBNY,RI,13,50,34.0,44.0,2025-11-15T00:19:43,F,0.0,0.0,-8.6,84.2,473.0,-915.0,60068531,60000013,60000050,,,,,,,,,,,Scrambled,True,2025-11-14T21:09:05,170486.0,170486.0,,,ESPN+,False,-62.0,-62.0,-63.0,-61.0,2025-11-15T00:00:00,3331.0,"{'StadiumID': 25, 'Active': True, 'Name': 'Ryan Center', 'Address': None, 'City': 'Kingston', 'State': 'RI', 'Zip': None, 'Country': None, 'Capacity': 8000, 'GeoLat': 41.4875, 'GeoLong': -71.535556}","[{'PeriodID': 117337, 'GameID': 68531, 'Number': 1, 'Name': '1', 'Type': 'Half', 'AwayScore': 17, 'HomeScore': 21}, {'PeriodID': 117364, 'GameID': 68531, 'Number': 2, 'Name': '2', 'Type': 'Half', 'AwayScore': 17, 'HomeScore': 23}]"
8,68939,2026,1,Final,2025-11-14T00:00:00,2025-11-14T20:15:00,HAMP,BROWN,189,163,40.0,35.0,2025-11-15T00:19:43,F,0.0,0.0,-0.8,77.6,57.0,-70.0,60068939,60000189,60000163,,,,,,,,,,,Scrambled,True,2025-11-14T22:32:49,478.0,478.0,,,ESPN+,False,-62.0,-61.0,-61.0,-62.0,2025-11-15T01:15:00,407.0,"{'StadiumID': 285, 'Active': True, 'Name': 'Pizzitola Sports Center', 'Address': None, 'City': 'Providence', 'State': 'RI', 'Zip': None, 'Country': None, 'Capacity': 2800, 'GeoLat': 41.831743, 'GeoLong': -71.398043}","[{'PeriodID': 117371, 'GameID': 68939, 'Number': 1, 'Name': '1', 'Type': 'Half', 'AwayScore': 17, 'HomeScore': 15}, {'PeriodID': 117393, 'GameID': 68939, 'Number': 2, 'Name': '2', 'Type': 'Half', 'AwayScore': 23, 'HomeScore': 20}]"
9,69085,2026,1,Final,2025-11-14T00:00:00,2025-11-14T20:00:00,WBD,TXTECH,151,111,35.0,44.0,2025-11-15T00:19:43,F,0.0,0.0,-15.3,92.0,2224.0,-22240.0,60069085,60000151,60000111,,,,,,,,,,,Scrambled,True,2025-11-14T22:04:50,475.0,474.0,,,ESPN+,False,-61.0,-61.0,-61.0,-62.0,2025-11-15T01:00:00,13126.0,"{'StadiumID': 43, 'Active': True, 'Name': 'United Supermarkets Arena', 'Address': None, 'City': 'Lubbock', 'State': 'TX', 'Zip': None, 'Country': None, 'Capacity': 15098, 'GeoLat': 33.581261, 'GeoLong': -101.886636}","[{'PeriodID': 117357, 'GameID': 69085, 'Number': 1, 'Name': '1', 'Type': 'Half', 'AwayScore': 20, 'HomeScore': 23}, {'PeriodID': 117388, 'GameID': 69085, 'Number': 2, 'Name': '2', 'Type': 'Half', 'AwayScore': 15, 'HomeScore': 22}]"
10,69086,2026,1,Final,2025-11-14T00:00:00,2025-11-14T21:00:00,PROV,COL,63,250,49.0,54.0,2025-11-15T00:19:43,F,0.0,0.0,-0.8,90.9,57.0,-69.0,60069086,60000063,60000250,,,,,,,,,,,Scrambled,True,2025-11-14T23:18:00,480.0,480.0,,,ESPN+,False,-61.0,-62.0,-63.0,-61.0,2025-11-15T02:00:00,6596.0,"{'StadiumID': 205, 'Active': True, 'Name': 'CU Events Center', 'Address': None, 'City': 'Boulder', 'State': 'CO', 'Zip': None, 'Country': None, 'Capacity': 11064, 'GeoLat': 40.0047, 'GeoLong': -105.2606}","[{'PeriodID': 117377, 'GameID': 69086, 'Number': 1, 'Name': '1', 'Type': 'Half', 'AwayScore': 21, 'HomeScore': 22}, {'PeriodID': 117400, 'GameID': 69086, 'Number': 2, 'Name': '2', 'Type': 'Half', 'AwayScore': 28, 'HomeScore': 32}]"
11,69087,2026,1,Final,2025-11-14T00:00:00,2025-11-14T21:00:00,TARL,BAYL,1024,108,45.0,52.0,2025-11-15T00:19:43,F,0.0,0.0,-13.3,82.6,1076.0,-4643.0,60069087,60001024,60000108,,,,,,,,,,,Scrambled,True,2025-11-14T23:21:08,481.0,481.0,,,ESPN+,False,-63.0,-61.0,-62.0,-62.0,2025-11-15T02:00:00,7119.0,"{'StadiumID': 596, 'Active': True, 'Name': 'Foster Pavilion', 'Address': None, 'City': 'Waco', 'State': 'TX', 'Zip': None, 'Country': None, 'Capacity': 7000, 'GeoLat': 31.556698, 'GeoLong': -97.121613}","[{'PeriodID': 117379, 'GameID': 69087, 'Number': 1, 'Name': '1', 'Type': 'Half', 'AwayScore': 23, 'HomeScore': 31}, {'PeriodID': 117403, 'GameID': 69087, 'Number': 2, 'Name': '2', 'Type': 'Half', 'AwayScore': 22, 'HomeScore': 22}]"
12,69088,2026,1,Final,2025-11-14T00:00:00,2025-11-14T23:00:00,GNZG,ARZST,334,255,43.0,36.0,2025-11-15T01:53:26,F,0.0,0.0,4.3,88.1,-667.0,394.0,60069088,60000334,60000255,,,,,,,,,,,Scrambled,True,2025-11-15T01:33:24,492.0,491.0,,,ESPN2,False,-61.0,-62.0,-61.0,-62.0,2025-11-15T04:00:00,10016.0,"{'StadiumID': 137, 'Active': True, 'Name': 'Desert Financial Arena', 'Address': None, 'City': 'Tempe', 'State': 'AZ', 'Zip': None, 'Country': None, 'Capacity': 14198, 'GeoLat': 33.424524, 'GeoLong': -111.930948}","[{'PeriodID': 117413, 'GameID': 69088, 'Number': 1, 'Name': '1', 'Type': 'Half', 'AwayScore': 25, 'HomeScore': 18}, {'PeriodID': 117419, 'GameID': 69088, 'Number': 2, 'Name': '2', 'Type': 'Half', 'AwayScore': 18, 'HomeScore': 18}]"
13,69171,2026,1,Final,2025-11-14T00:00:00,2025-11-14T18:00:00,WASHMD,NAVY,615,258,36.0,54.0,2025-11-14T20:29:12,F,0.0,0.0,,,,,60069171,60000615,60000258,,,,,,,,,,,Scrambled,True,2025-11-14T19:53:18,,,,,ESPN+,False,,,,,2025-11-14T23:00:00,854.0,"{'StadiumID': 113, 'Active': True, 'Name': 'Alumni Hall (Navy)', 'Address': None, 'City': 'Annapolis', 'State': 'MD', 'Zip': None, 'Country': None, 'Capacity': 5710, 'GeoLat': 38.984491, 'GeoLong': -76.487782}","[{'PeriodID': 117323, 'GameID': 69171, 'Number': 1, 'Name': '1', 'Type': 'Half', 'AwayScore': 17, 'HomeScore': 27}, {'PeriodID': 117341, 'GameID': 69171, 'Number': 2, 'Name': '2', 'Type': 'Half', 'AwayScore': 19, 'HomeScore': 27}]"
14,69274,2026,1,Final,2025-11-14T00:00:00,2025-11-14T18:30:00,CHSOU,JAC,88,741,43.0,46.0,2025-11-15T00:19:43,F,0.0,0.0,-1.7,87.0,71.0,-86.0,60069274,60000088,60000741,,,,,,,,,,,Scrambled,True,2025-11-14T20:32:09,170482.0,170483.0,,,,True,-61.0,-62.0,-61.0,-62.0,2025-11-14T23:30:00,190.0,"{'StadiumID': 578, 'Active': True, 'Name': 'Alabama A&M Event Center', 'Address': None, 'City': 'Huntsville', 'State': 'AL', 'Zip': None, 'Country': None, 'Capacity': 6000, 'GeoLat': 34.781139, 'GeoLong': -86.580528}","[{'PeriodID': 117324, 'GameID': 69274, 'Number': 1, 'Name': '1', 'Type': 'Half', 'AwayScore': 23, 'HomeScore': 16}, {'PeriodID': 117349, 'GameID': 69274, 'Number': 2, 'Name': '2', 'Type': 'Half', 'AwayScore': 20, 'HomeScore': 31}]"
15,69275,2026,1,Final,2025-11-14T00:00:00,2025-11-14T20:00:00,MDES,CREIGH,193,61,25.0,47.0,2025-11-15T00:19:43,F,0.0,0.0,-18.6,75.3,,,60069275,60000193,60000061,,,,,,,,,,,Scrambled,True,2025-11-14T21:54:55,170495.0,170495.0,,,PEAC,False,-61.0,-61.0,-62.0,-62.0,2025-11-15T01:00:00,16603.0,"{'StadiumID': 65, 'Active': True, 'Name': 'CHI Health Center Omaha', 'Address': None, 'City': 'Omaha', 'State': 'NE', 'Zip': None, 'Country': None, 'Capacity': 17352, 'GeoLat': 41.263, 'GeoLong': -95.928}","[{'PeriodID': 117359, 'GameID': 69275, 'Number': 1, 'Name': '1', 'Type': 'Half', 'AwayScore': 13, 'HomeScore': 21}, {'PeriodID': 117389, 'GameID': 69275, 'Number': 2, 'Name': '2', 'Type': 'Half', 'AwayScore': 12, 'HomeScore': 26}]"
16,69276,2026,1,Final,2025-11-14T00:00:00,2025-11-14T19:00:00,FURMAN,NIOWA,283,206,30.0,39.0,2025-11-15T00:19:43,F,0.0,0.0,-5.3,78.7,219.0,-297.0,60069276,60000283,60000206,,,,,,,,,,,Scrambled,True,2025-11-14T20:48:40,466.0,465.0,,,ESPN+,False,-61.0,-63.0,-61.0,-62.0,2025-11-15T00:00:00,3585.0,"{'StadiumID': 397, 'Active': True, 'Name': 'McLeod Center', 'Address': None, 'City': 'Cedar Falls', 'State': 'IA', 'Zip': None, 'Country': None, 'Capacity': 6650, 'GeoLat': 42.51395, 'GeoLong': -92.46714}","[{'PeriodID': 117331, 'GameID': 69276, 'Number': 1, 'Name': '1', 'Type': 'Half', 'AwayScore': 13, 'HomeScore': 20}, {'PeriodID': 117350, 'GameID': 69276, 'Number': 2, 'Name': '2', 'Type': 'Half', 'AwayScore': 17, 'HomeScore': 19}]"
17,69599,2026,1,Final,2025-11-14T00:00:00,2025-11-14T19:00:00,EILL,UK,239,268,29.0,55.0,2025-11-15T00:19:43,F,0.0,0.0,-20.3,82.3,,,60069599,60000239,60000268,,,,,,,,,,,Scrambled,True,2025-11-14T20:49:32,469.0,469.0,,,SEC,False,-61.0,-62.0,-62.0,-62.0,2025-11-15T00:00:00,20000.0,"{'StadiumID': 103, 'Active': True, 'Name': 'Rupp Arena', 'Address': None, 'City': 'Lexington', 'State': 'KY', 'Zip': None, 'Country': None, 'Capacity': 20500, 'GeoLat': 38.049444, 'GeoLong': -84.502778}","[{'PeriodID': 117329, 'GameID': 69599, 'Number': 1, 'Name': '1', 'Type': 'Half', 'AwayScore': 11, 'HomeScore': 26}, {'PeriodID': 117351, 'GameID': 69599, 'Number': 2, 'Name': '2', 'Type': 'Half', 'AwayScore': 19, 'HomeScore': 29}]"
18,69600,2026,1,Final,2025-11-14T00:00:00,2025-11-14T19:00:00,STNH,FAIR,1213,170,39.0,41.0,2025-11-15T00:19:43,F,0.0,0.0,-4.2,79.5,137.0,-176.0,60069600,60001213,60000170,,,,,,,,,,,Scrambled,True,2025-11-14T21:08:33,170492.0,170491.0,,,ESPN+,False,-63.0,-61.0,-63.0,-61.0,2025-11-15T00:00:00,2151.0,"{'StadiumID': 565, 'Active': True, 'Name': 'Leo D. Mahoney Arena', 'Address': None, 'City': 'Fairfield', 'State': 'CT', 'Zip': None, 'Country': None, 'Capacity': 3500, 'GeoLat': None, 'GeoLong': None}","[{'PeriodID': 117333, 'GameID': 69600, 'Number': 1, 'Name': '1', 'Type': 'Half', 'AwayScore': 15, 'HomeScore': 17}, {'PeriodID': 117360, 'GameID': 69600, 'Number': 2, 'Name': '2', 'Type': 'Half', 'AwayScore': 21, 'HomeScore': 19}, {'PeriodID': 117376, 'GameID': 69600, 'Number': 3, 'Name': 'OT', 'Type': 'Overtime', 'AwayScore': 2, 'HomeScore': 2}]"
19,69601,2026,1,Final,2025-11-14T00:00:00,2025-11-14T19:00:00,FORDM,IONA,53,167,39.0,42.0,2025-11-15T00:19:43,F,0.0,0.0,-3.1,87.0,106.0,-134.0,60069601,60000053,60000167,,,,,,,,,,,Scrambled,True,2025-11-14T21:02:17,467.0,466.0,,,ESPN+,False,-62.0,-62.0,-62.0,-62.0,2025-11-15T00:00:00,2578.0,"{'StadiumID': 132, 'Active': True, 'Name': 'Hynes Athletics Center', 'Address': None, 'City': 'New Rochelle', 'State': 'NY', 'Zip': None, 'Country': None, 'Capacity': 2578, 'GeoLat': 40.92664, 'GeoLong': -73.784325}","[{'PeriodID': 117335, 'GameID': 69601, 'Number': 1, 'Name': '1', 'Type': 'Half', 'AwayScore': 18, 'HomeScore': 20}, {'PeriodID': 117356, 'GameID': 69601, 'Number': 2, 'Name': '2', 'Type': 'Half', 'AwayScore': 21, 'HomeScore': 22}]"
20,69781,2026,1,Final,2025-11-14T00:00:00,2025-11-14T20:00:00,XAV,IOWA,59,91,34.0,45.0,2025-11-15T00:19:43,F,0.0,0.0,-8.6,79.2,513.0,-1029.0,60069781,60000059,60000091,,,,,,,,,,,Scrambled,True,2025-11-14T22:03:00,476.0,475.0,,,FS1,False,-61.0,-62.0,-63.0,-61.0,2025-11-15T01:00:00,11678.0,"{'StadiumID': 99, 'Active': True, 'Name': 'Carver-Hawkeye Arena', 'Address': None, 'City': 'Iowa City', 'State': 'IA', 'Zip': None, 'Country': None, 'Capacity': 15056, 'GeoLat': 41.663611, 'GeoLong': -91.554444}","[{'PeriodID': 117355, 'GameID': 69781, 'Number': 1, 'Name': '1', 'Type': 'Half', 'AwayScore': 16, 'HomeScore': 25}, {'PeriodID': 117391, 'GameID': 69781, 'Number': 2, 'Name': '2', 'Type': 'Half', 'AwayScore': 18, 'HomeScore': 20}]"
21,69782,2026,1,Final,2025-11-14T00:00:00,2025-11-14T11:00:00,COPPST,CMICH,200,185,33.0,46.0,2025-11-14T13:13:52,F,0.0,0.0,-6.1,79.5,267.0,-406.0,60069782,60000200,60000185,,,,,,,,,,,Scrambled,True,2025-11-14T13:01:47,170482.0,170481.0,,,YT,True,-61.0,-63.0,-63.0,-61.0,2025-11-14T16:00:00,142.0,"{'StadiumID': 399, 'Active': True, 'Name': 'McArthur Center', 'Address': None, 'City': 'Saint Petersburg', 'State': 'FL', 'Zip': None, 'Country': None, 'Capacity': None, 'GeoLat': 27.71494, 'GeoLong': -82.68593}","[{'PeriodID': 117318, 'GameID': 69782, 'Number': 1, 'Name': '1', 'Type': 'Half', 'AwayScore': 16, 'HomeScore': 23}, {'PeriodID': 117319, 'GameID': 69782, 'Number': 2, 'Name': '2', 'Type': 'Half', 'AwayScore': 17, 'HomeScore': 23}]"
22,69783,2026,1,Final,2025-11-14T00:00:00,2025-11-14T18:30:00,IUPUI,EMICH,317,187,50.0,46.0,2025-11-15T00:19:43,F,0.0,0.0,-2.8,103.7,106.0,-131.0,60069783,60000317,60000187,,,,,,,,,,,Scrambled,True,2025-11-14T20:33:01,464.0,463.0,,,ESPN+,False,-61.0,-62.0,-62.0,-61.0,2025-11-14T23:30:00,1655.0,"{'StadiumID': 111, 'Active': True, 'Name': 'George Gervin GameAbove Center', 'Address': None, 'City': 'Ypsilanti', 'State': 'MI', 'Zip': None, 'Country': None, 'Capacity': 8784, 'GeoLat': 42.254444, 'GeoLong': -83.647222}","[{'PeriodID': 117326, 'GameID': 69783, 'Number': 1, 'Name': '1', 'Type': 'Half', 'AwayScore': 27, 'HomeScore': 21}, {'PeriodID': 117347, 'GameID': 69783, 'Number': 2, 'Name': '2', 'Type': 'Half', 'AwayScore': 23, 'HomeScore': 25}]"
23,69784,2026,1,Final,2025-11-14T00:00:00,2025-11-14T21:00:00,ABCHR,SFAUS,296,291,37.0,42.0,2025-11-14T23:19:14,F,0.0,0.0,-3.6,79.2,133.0,-168.0,60069784,60000296,60000291,,,,,,,,,,,Scrambled,True,2025-11-14T23:12:38,170497.0,170497.0,,,ESPN+,False,-61.0,-62.0,-61.0,-62.0,2025-11-15T02:00:00,,"{'StadiumID': 241, 'Active': True, 'Name': 'Johnson Coliseum', 'Address': None, 'City': 'Nacogdoches', 'State': 'TX', 'Zip': None, 'Country': None, 'Capacity': 7203, 'GeoLat': 31.622222, 'GeoLong': -94.640833}","[{'PeriodID': 117386, 'GameID': 69784, 'Number': 1, 'Name': '1', 'Type': 'Half', 'AwayScore': 18, 'HomeScore': 19}, {'PeriodID': 117402, 'GameID': 69784, 'Number': 2, 'Name': '2', 'Type': 'Half', 'AwayScore': 18, 'HomeScore': 23}]"
24,69785,2026,1,Final,2025-11-14T00:00:00,2025-11-14T22:30:00,WILL,CABAP,322,394,33.0,38.0,2025-11-15T00:51:16,F,0.0,0.0,-8.6,78.1,459.0,-897.0,60069785,60000322,60000394,,,,,,,,,,,Scrambled,True,2025-11-15T00:31:40,490.0,490.0,,,ESPN+,False,-62.0,-62.0,-61.0,-62.0,2025-11-15T03:30:00,5088.0,"{'StadiumID': 345, 'Active': True, 'Name': 'Dale E. and Sarah Ann Fowler Events Center', 'Address': None, 'City': 'Riverside', 'State': 'CA', 'Zip': None, 'Country': None, 'Capacity': 5050, 'GeoLat': 33.5548, 'GeoLong': -117.253}","[{'PeriodID': 117408, 'GameID': 69785, 'Number': 1, 'Name': '1', 'Type': 'Half', 'AwayScore': 16, 'HomeScore': 18}, {'PeriodID': 117416, 'GameID': 69785, 'Number': 2, 'Name': '2', 'Type': 'Half', 'AwayScore': 17, 'HomeScore': 21}]"
25,70208,2026,1,Final,2025-11-14T00:00:00,2025-11-14T19:30:00,CSU,MISS,346,274,33.0,46.0,2025-11-15T00:19:43,F,0.0,0.0,-13.1,78.4,1144.0,-5560.0,60070208,60000346,60000274,,,,,,,,,,,Scrambled,True,2025-11-14T21:35:34,473.0,472.0,,,SEC,False,-62.0,-61.0,-61.0,-63.0,2025-11-15T00:30:00,4362.0,"{'StadiumID': 589, 'Active': True, 'Name': 'C. M. Tad Smith Coliseum', 'Address': None, 'City': 'Oxford', 'State': 'MS', 'Zip': None, 'Country': None, 'Capacity': 9500, 'GeoLat': None, 'GeoLong': None}","[{'PeriodID': 117342, 'GameID': 70208, 'Number': 1, 'Name': '1', 'Type': 'Half', 'AwayScore': 16, 'HomeScore': 21}, {'PeriodID': 117373, 'GameID': 70208, 'Number': 2, 'Name': '2', 'Type': 'Half', 'AwayScore': 18, 'HomeScore': 24}]"
26,70360,2026,1,Final,2025-11-14T00:00:00,2025-11-14T23:00:00,WASH,WASHST,249,256,45.0,38.0,2025-11-15T01:21:40,F,0.0,0.0,2.6,87.6,-218.0,166.0,60070360,60000249,60000256,,,,,,,,,,,Scrambled,True,2025-11-15T01:07:17,493.0,492.0,,,ESPN+,False,-61.0,-62.0,-63.0,-61.0,2025-11-15T04:00:00,5320.0,"{'StadiumID': 182, 'Active': True, 'Name': 'Friel Court', 'Address': None, 'City': 'Pullman', 'State': 'WA', 'Zip': None, 'Country': None, 'Capacity': 11671, 'GeoLat': 46.735, 'GeoLong': -117.1575}","[{'PeriodID': 117410, 'GameID': 70360, 'Number': 1, 'Name': '1', 'Type': 'Half', 'AwayScore': 24, 'HomeScore': 17}, {'PeriodID': 117417, 'GameID': 70360, 'Number': 2, 'Name': '2', 'Type': 'Half', 'AwayScore': 21, 'HomeScore': 22}]"
27,70361,2026,1,Final,2025-11-14T00:00:00,2025-11-14T22:00:00,TROY,LOYMRY,333,343,35.0,41.0,2025-11-15T00:19:43,F,0.0,0.0,-2.5,77.6,95.0,-118.0,60070361,60000333,60000343,,,,,,,,,,,Scrambled,True,2025-11-14T23:57:43,488.0,488.0,,,ESPN+,False,-61.0,-62.0,-63.0,-61.0,2025-11-15T03:00:00,833.0,"{'StadiumID': 257, 'Active': True, 'Name': 'Gersten Pavilion', 'Address': None, 'City': 'Los Angeles', 'State': 'CA', 'Zip': None, 'Country': None, 'Capacity': 4156, 'GeoLat': 33.9675, 'GeoLong': -118.415556}","[{'PeriodID': 117398, 'GameID': 70361, 'Number': 1, 'Name': '1', 'Type': 'Half', 'AwayScore': 14, 'HomeScore': 15}, {'PeriodID': 117411, 'GameID': 70361, 'Number': 2, 'Name': '2', 'Type': 'Half', 'AwayScore': 21, 'HomeScore': 26}]"
28,70580,2026,1,Final,2025-11-14T00:00:00,2025-11-15T00:00:00,MANH,HAWAII,171,115,31.0,48.0,2025-11-15T02:39:48,F,0.0,0.0,-8.6,87.0,442.0,-831.0,60070580,60000171,60000115,,,,,,,,,,,Scrambled,True,2025-11-15T02:17:26,494.0,493.0,,,ESPN+,False,-61.0,-63.0,-61.0,-63.0,2025-11-15T05:00:00,4296.0,"{'StadiumID': 142, 'Active': True, 'Name': 'Stan Sheriff Center', 'Address': None, 'City': 'Honolulu', 'State': 'HI', 'Zip': None, 'Country': None, 'Capacity': 10300, 'GeoLat': 21.294292, 'GeoLong': -157.818875}","[{'PeriodID': 117418, 'GameID': 70580, 'Number': 1, 'Name': '1', 'Type': 'Half', 'AwayScore': 13, 'HomeScore': 21}, {'PeriodID': 117420, 'GameID': 70580, 'Number': 2, 'Name': '2', 'Type': 'Half', 'AwayScore': 18, 'HomeScore': 27}]"
29,70581,2026,1,Final,2025-11-14T00:00:00,2025-11-14T20:00:00,TXAM,UCF,270,8,41.0,48.0,2025-11-15T00:19:43,F,0.0,0.0,3.1,96.5,-311.0,224.0,60070581,60000270,60000008,,,,,,,,,,,Scrambled,True,2025-11-14T22:20:51,473.0,474.0,,,SEC,False,-62.0,-61.0,-62.0,-62.0,2025-11-15T01:00:00,9099.0,"{'StadiumID': 95, 'Active': True, 'Name': 'Reed Arena', 'Address': None, 'City': 'College Station', 'State': 'TX', 'Zip': None, 'Country': None, 'Capacity': 12989, 'GeoLat': 30.60578, 'GeoLong': -96.34619}","[{'PeriodID': 117354, 'GameID': 70581, 'Number': 1, 'Name': '1', 'Type': 'Half', 'AwayScore': 17, 'HomeScore': 17}, {'PeriodID': 117390, 'GameID': 70581, 'Number': 2, 'Name': '2', 'Type': 'Half', 'AwayScore': 24, 'HomeScore': 31}]"
30,70636,2026,1,Final,2025-11-14T00:00:00,2025-11-14T20:30:00,NW,DEPAUL,100,66,45.0,44.0,2025-11-15T00:19:43,F,0.0,0.0,1.7,80.9,-132.0,105.0,60070636,60000100,60000066,,,,,,,,,,,Scrambled,True,2025-11-14T22:44:58,479.0,479.0,,,truT,False,-59.0,-66.0,-62.0,-62.0,2025-11-15T01:30:00,5298.0,"{'StadiumID': 93, 'Active': True, 'Name': 'Wintrust Arena', 'Address': None, 'City': 'Chicago', 'State': 'IL', 'Zip': None, 'Country': None, 'Capacity': 10387, 'GeoLat': 41.853611, 'GeoLong': -87.621389}","[{'PeriodID': 117370, 'GameID': 70636, 'Number': 1, 'Name': '1', 'Type': 'Half', 'AwayScore': 23, 'HomeScore': 24}, {'PeriodID': 117394, 'GameID': 70636, 'Number': 2, 'Name': '2', 'Type': 'Half', 'AwayScore': 22, 'HomeScore': 19}]"
31,70637,2026,1,Final,2025-11-14T00:00:00,2025-11-14T19:00:00,CITA,UWG,288,1391,51.0,56.0,2025-11-15T00:19:43,F,0.0,0.0,-3.6,83.7,125.0,-157.0,60070637,60000288,60001391,,,,,,,,,,,Scrambled,True,2025-11-14T21:04:38,170487.0,170487.0,,,ESPN+,False,-59.0,-64.0,-62.0,-61.0,2025-11-15T00:00:00,694.0,"{'StadiumID': 607, 'Active': True, 'Name': 'The Coliseum', 'Address': None, 'City': 'Carrollton', 'State': 'GA', 'Zip': None, 'Country': None, 'Capacity': None, 'GeoLat': None, 'GeoLong': None}","[{'PeriodID': 117330, 'GameID': 70637, 'Number': 1, 'Name': '1', 'Type': 'Half', 'AwayScore': 22, 'HomeScore': 26}, {'PeriodID': 117361, 'GameID': 70637, 'Number': 2, 'Name': '2', 'Type': 'Half', 'AwayScore': 29, 'HomeScore': 29}]"
32,70868,2026,1,Final,2025-11-14T00:00:00,2025-11-14T21:00:00,SACST,UCDV,77,118,41.0,43.0,2025-11-15T00:19:43,F,0.0,0.0,-2.5,84.2,98.0,-120.0,60070868,60000077,60000118,,,,,,,,,,,Scrambled,True,2025-11-14T23:08:39,486.0,485.0,,,ESPN+,False,-60.0,-64.0,-61.0,-61.0,2025-11-15T02:00:00,3786.0,"{'StadiumID': 80, 'Active': True, 'Name': 'University Credit Union Center', 'Address': None, 'City': 'Davis', 'State': 'CA', 'Zip': None, 'Country': None, 'Capacity': 6003, 'GeoLat': 38.541667, 'GeoLong': -121.759444}","[{'PeriodID': 117382, 'GameID': 70868, 'Number': 1, 'Name': '1', 'Type': 'Half', 'AwayScore': 20, 'HomeScore': 19}, {'PeriodID': 117401, 'GameID': 70868, 'Number': 2, 'Name': '2', 'Type': 'Half', 'AwayScore': 21, 'HomeScore': 24}]"
33,71014,2026,1,Final,2025-11-14T00:00:00,2025-11-14T19:00:00,NORFST,TOWS,191,127,23.0,28.0,2025-11-15T00:19:43,F,0.0,0.0,-7.5,77.0,380.0,-667.0,60071014,60000191,60000127,,,,,,,,,,,Scrambled,True,2025-11-14T20:59:29,170491.0,170490.0,,,FloC,False,-62.0,-61.0,-61.0,-61.0,2025-11-15T00:00:00,2323.0,"{'StadiumID': 286, 'Active': True, 'Name': 'TU Arena', 'Address': None, 'City': 'Towson', 'State': 'MD', 'Zip': None, 'Country': None, 'Capacity': 5200, 'GeoLat': 39.387361, 'GeoLong': -76.617083}","[{'PeriodID': 117332, 'GameID': 71014, 'Number': 1, 'Name': '1', 'Type': 'Half', 'AwayScore': 14, 'HomeScore': 12}, {'PeriodID': 117352, 'GameID': 71014, 'Number': 2, 'Name': '2', 'Type': 'Half', 'AwayScore': 5, 'HomeScore': 16}]"
34,71015,2026,1,Final,2025-11-14T00:00:00,2025-11-14T19:00:00,SCARST,CHAR,190,129,34.0,49.0,2025-11-15T00:19:43,F,0.0,0.0,-10.3,87.0,623.0,-1487.0,60071015,60000190,60000129,,,,,,,,,,,Scrambled,True,2025-11-14T21:07:48,170489.0,170488.0,,,FloC,False,-63.0,-60.0,-60.0,-63.0,2025-11-15T00:00:00,5241.0,"{'StadiumID': 29, 'Active': True, 'Name': 'TD Arena', 'Address': None, 'City': 'Charleston', 'State': 'SC', 'Zip': None, 'Country': None, 'Capacity': 5100, 'GeoLat': 32.785556, 'GeoLong': -79.934444}","[{'PeriodID': 117336, 'GameID': 71015, 'Number': 1, 'Name': '1', 'Type': 'Half', 'AwayScore': 21, 'HomeScore': 28}, {'PeriodID': 117367, 'GameID': 71015, 'Number': 2, 'Name': '2', 'Type': 'Half', 'AwayScore': 13, 'HomeScore': 21}]"
35,71016,2026,1,Final,2025-11-14T00:00:00,2025-11-14T18:30:00,LEHI,RUTGER,260,103,40.0,47.0,2025-11-15T00:19:43,F,0.0,0.0,-9.7,76.2,662.0,-1603.0,60071016,60000260,60000103,,,,,,,,,,,Scrambled,True,2025-11-14T20:35:09,170484.0,170484.0,,,B1G+,False,-61.0,-61.0,-62.0,-62.0,2025-11-14T23:30:00,8000.0,"{'StadiumID': 114, 'Active': True, 'Name': ""Jersey Mike's Arena"", 'Address': None, 'City': 'Piscataway', 'State': 'NJ', 'Zip': None, 'Country': None, 'Capacity': 8000, 'GeoLat': 40.525278, 'GeoLong': -74.441111}","[{'PeriodID': 117325, 'GameID': 71016, 'Number': 1, 'Name': '1', 'Type': 'Half', 'AwayScore': 19, 'HomeScore': 23}, {'PeriodID': 117348, 'GameID': 71016, 'Number': 2, 'Name': '2', 'Type': 'Half', 'AwayScore': 21, 'HomeScore': 24}]"
36,71017,2026,1,Final,2025-11-14T00:00:00,2025-11-14T21:00:00,COLG,ILL,261,102,36.0,47.0,2025-11-15T00:19:43,F,0.0,0.0,-17.5,91.2,2224.0,-27800.0,60071017,60000261,60000102,,,,,,,,,,,Scrambled,True,2025-11-14T22:47:07,170500.0,170499.0,,,B1G+,False,-63.0,-61.0,-61.0,-62.0,2025-11-15T02:00:00,15544.0,"{'StadiumID': 98, 'Active': True, 'Name': 'State Farm Center', 'Address': None, 'City': 'Champaign', 'State': 'IL', 'Zip': None, 'Country': None, 'Capacity': 15544, 'GeoLat': 40.096259, 'GeoLong': -88.235956}","[{'PeriodID': 117380, 'GameID': 71017, 'Number': 1, 'Name': '1', 'Type': 'Half', 'AwayScore': 17, 'HomeScore': 23}, {'PeriodID': 117396, 'GameID': 71017, 'Number': 2, 'Name': '2', 'Type': 'Half', 'AwayScore': 19, 'HomeScore': 24}]"
37,71018,2026,1,Final,2025-11-14T00:00:00,2025-11-14T19:30:00,HPNT,UAB,85,134,41.0,51.0,2025-11-15T00:19:43,F,0.0,0.0,0.5,93.7,-71.0,58.0,60071018,60000085,60000134,,,,,,,,,,,Scrambled,True,2025-11-14T21:30:51,170494.0,170494.0,,,ESPN+,False,-61.0,-62.0,-61.0,-62.0,2025-11-15T00:30:00,3231.0,"{'StadiumID': 64, 'Active': True, 'Name': 'Bartow Arena', 'Address': None, 'City': 'Birmingham', 'State': 'AL', 'Zip': None, 'Country': None, 'Capacity': 8500, 'GeoLat': 33.502164, 'GeoLong': -86.809244}","[{'PeriodID': 117343, 'GameID': 71018, 'Number': 1, 'Name': '1', 'Type': 'Half', 'AwayScore': 21, 'HomeScore': 19}, {'PeriodID': 117372, 'GameID': 71018, 'Number': 2, 'Name': '2', 'Type': 'Half', 'AwayScore': 20, 'HomeScore': 31}]"
38,71019,2026,1,Final,2025-11-14T00:00:00,2025-11-14T20:00:00,TXAMC,RICE,392,146,36.0,39.0,2025-11-15T00:19:43,F,0.0,0.0,-5.6,81.7,239.0,-347.0,60071019,60000392,60000146,,,,,,,,,,,Scrambled,True,2025-11-14T22:06:36,170496.0,170496.0,,,ESPN+,False,-62.0,-62.0,-61.0,-61.0,2025-11-15T01:00:00,1117.0,"{'StadiumID': 190, 'Active': True, 'Name': 'Tudor Fieldhouse', 'Address': None, 'City': 'Houston', 'State': 'TX', 'Zip': None, 'Country': None, 'Capacity': 5750, 'GeoLat': 29.715102, 'GeoLong': -95.403895}","[{'PeriodID': 117358, 'GameID': 71019, 'Number': 1, 'Name': '1', 'Type': 'Half', 'AwayScore': 14, 'HomeScore': 14}, {'PeriodID': 117384, 'GameID': 71019, 'Number': 2, 'Name': '2', 'Type': 'Half', 'AwayScore': 22, 'HomeScore': 25}]"
39,71020,2026,1,Final,2025-11-14T00:00:00,2025-11-14T20:00:00,SAMF,ARK,289,276,42.0,44.0,2025-11-15T00:19:43,F,0.0,0.0,-13.9,88.4,1201.0,-5560.0,60071020,60000289,60000276,,,,,,,,,,,Scrambled,True,2025-11-14T21:51:26,477.0,476.0,,,SEC,False,-61.0,-63.0,-62.0,-61.0,2025-11-15T01:00:00,19200.0,"{'StadiumID': 194, 'Active': True, 'Name': 'Bud Walton Arena', 'Address': None, 'City': 'Fayetteville', 'State': 'AR', 'Zip': None, 'Country': None, 'Capacity': 19200, 'GeoLat': 36.061518, 'GeoLong': -94.178188}","[{'PeriodID': 117353, 'GameID': 71020, 'Number': 1, 'Name': '1', 'Type': 'Half', 'AwayScore': 19, 'HomeScore': 25}, {'PeriodID': 117383, 'GameID': 71020, 'Number': 2, 'Name': '2', 'Type': 'Half', 'AwayScore': 22, 'HomeScore': 19}]"
40,71021,2026,1,Final,2025-11-14T00:00:00,2025-11-14T21:00:00,GTECH,GA,32,272,48.0,51.0,2025-11-15T00:19:43,F,0.0,0.0,-8.6,86.5,465.0,-922.0,60071021,60000032,60000272,,,,,,,,,,,Scrambled,True,2025-11-14T23:34:08,483.0,482.0,,,SECN,False,-63.0,-61.0,-62.0,-62.0,2025-11-15T02:00:00,10523.0,"{'StadiumID': 134, 'Active': True, 'Name': 'Stegeman Coliseum', 'Address': None, 'City': 'Athens', 'State': 'GA', 'Zip': None, 'Country': None, 'Capacity': 10523, 'GeoLat': 33.9428, 'GeoLong': -83.378}","[{'PeriodID': 117385, 'GameID': 71021, 'Number': 1, 'Name': '1', 'Type': 'Half', 'AwayScore': 25, 'HomeScore': 26}, {'PeriodID': 117406, 'GameID': 71021, 'Number': 2, 'Name': '2', 'Type': 'Half', 'AwayScore': 23, 'HomeScore': 26}]"
41,71022,2026,1,Final,2025-11-14T00:00:00,2025-11-14T19:00:00,VULYN,ALAST,1147,311,38.0,69.0,2025-11-15T00:19:43,F,0.0,0.0,,,,,60071022,60001147,60000311,,,,,,,,,,,Scrambled,True,2025-11-14T20:55:24,,,,,SWAC,False,,,,,2025-11-15T00:00:00,350.0,"{'StadiumID': 427, 'Active': True, 'Name': 'Dunn-Oliver Acadome', 'Address': None, 'City': 'Montgomery', 'State': 'AL', 'Zip': None, 'Country': None, 'Capacity': 7400, 'GeoLat': 32.36185, 'GeoLong': -86.293158}","[{'PeriodID': 117334, 'GameID': 71022, 'Number': 1, 'Name': '1', 'Type': 'Half', 'AwayScore': 16, 'HomeScore': 35}, {'PeriodID': 117365, 'GameID': 71022, 'Number': 2, 'Name': '2', 'Type': 'Half', 'AwayScore': 22, 'HomeScore': 34}]"
42,71625,2026,1,Final,2025-11-14T00:00:00,2025-11-14T22:00:00,NTX,STMRY,141,335,27.0,44.0,2025-11-15T00:19:43,F,0.0,0.0,-8.3,71.4,485.0,-925.0,60071625,60000141,60000335,,,,,,,,,,,Scrambled,True,2025-11-14T23:54:32,487.0,486.0,,,ESPN+,False,-61.0,-63.0,-62.0,-61.0,2025-11-15T03:00:00,3392.0,"{'StadiumID': 96, 'Active': True, 'Name': 'University Credit Union Pavilion', 'Address': ""1928 Saint Mary's Road"", 'City': 'Moraga', 'State': 'CA', 'Zip': '94575', 'Country': 'USA', 'Capacity': 3500, 'GeoLat': 37.841247, 'GeoLong': -122.106409}","[{'PeriodID': 117395, 'GameID': 71625, 'Number': 1, 'Name': '1', 'Type': 'Half', 'AwayScore': 5, 'HomeScore': 26}, {'PeriodID': 117409, 'GameID': 71625, 'Number': 2, 'Name': '2', 'Type': 'Half', 'AwayScore': 18, 'HomeScore': 18}]"
43,71626,2026,1,Final,2025-11-14T00:00:00,2025-11-14T19:00:00,COAST,JAXST,81,238,37.0,41.0,2025-11-15T00:19:43,F,0.0,0.0,-4.2,77.6,154.0,-195.0,60071626,60000081,60000238,,,,,,,,,,,Scrambled,True,2025-11-14T21:06:47,465.0,464.0,,,ESPN+,False,-61.0,-63.0,-62.0,-62.0,2025-11-15T00:00:00,2023.0,"{'StadiumID': 391, 'Active': True, 'Name': 'Pete Mathews Coliseum', 'Address': None, 'City': 'Jacksonville', 'State': 'AL', 'Zip': None, 'Country': None, 'Capacity': 3500, 'GeoLat': 33.824, 'GeoLong': -85.773}","[{'PeriodID': 117339, 'GameID': 71626, 'Number': 1, 'Name': '1', 'Type': 'Half', 'AwayScore': 17, 'HomeScore': 20}, {'PeriodID': 117363, 'GameID': 71626, 'Number': 2, 'Name': '2', 'Type': 'Half', 'AwayScore': 20, 'HomeScore': 21}]"
44,71627,2026,1,Final,2025-11-14T00:00:00,2025-11-14T21:00:00,CALPOL,MONT,122,68,46.0,50.0,2025-11-15T00:19:43,F,0.0,0.0,-4.2,94.0,143.0,-183.0,60071627,60000122,60000068,,,,,,,,,,,Scrambled,True,2025-11-14T23:15:50,484.0,483.0,,,ESPN+,False,-62.0,-61.0,-62.0,-62.0,2025-11-15T02:00:00,2827.0,"{'StadiumID': 136, 'Active': True, 'Name': 'Dahlberg Arena', 'Address': None, 'City': 'Missoula', 'State': 'MT', 'Zip': None, 'Country': None, 'Capacity': 7322, 'GeoLat': 46.864, 'GeoLong': -113.983}","[{'PeriodID': 117381, 'GameID': 71627, 'Number': 1, 'Name': '1', 'Type': 'Half', 'AwayScore': 14, 'HomeScore': 21}, {'PeriodID': 117399, 'GameID': 71627, 'Number': 2, 'Name': '2', 'Type': 'Half', 'AwayScore': 31, 'HomeScore': 29}]"
45,71999,2026,1,Final,2025-11-14T00:00:00,2025-11-14T19:30:00,SIUE,DRAKE,244,211,34.0,33.0,2025-11-15T00:19:43,F,0.0,0.0,-4.2,78.7,143.0,-183.0,60071999,60000244,60000211,,,,,,,,,,,Scrambled,True,2025-11-14T21:26:03,471.0,471.0,,,ESPN+,False,-64.0,-59.0,-62.0,-62.0,2025-11-15T00:30:00,3234.0,"{'StadiumID': 293, 'Active': True, 'Name': 'The Knapp Center', 'Address': None, 'City': 'Des Moines', 'State': 'IA', 'Zip': None, 'Country': None, 'Capacity': 7152, 'GeoLat': 41.604444, 'GeoLong': -93.651944}","[{'PeriodID': 117345, 'GameID': 71999, 'Number': 1, 'Name': '1', 'Type': 'Half', 'AwayScore': 20, 'HomeScore': 17}, {'PeriodID': 117369, 'GameID': 71999, 'Number': 2, 'Name': '2', 'Type': 'Half', 'AwayScore': 14, 'HomeScore': 16}]"
46,72055,2026,1,Final,2025-11-14T00:00:00,2025-11-14T13:00:00,ECC,NWST,722,301,42.0,53.0,2025-11-14T15:17:57,F,0.0,0.0,,,,,60072055,60000722,60000301,,,,,,,,,,,Scrambled,True,2025-11-14T14:54:31,,,,,ESPN+,False,,,,,2025-11-14T18:00:00,904.0,"{'StadiumID': 270, 'Active': True, 'Name': 'Prather Coliseum', 'Address': None, 'City': 'Natchitoches', 'State': 'LA', 'Zip': None, 'Country': None, 'Capacity': 3400, 'GeoLat': 31.744028, 'GeoLong': -93.095167}","[{'PeriodID': 117320, 'GameID': 72055, 'Number': 1, 'Name': '1', 'Type': 'Half', 'AwayScore': 18, 'HomeScore': 28}, {'PeriodID': 117321, 'GameID': 72055, 'Number': 2, 'Name': '2', 'Type': 'Half', 'AwayScore': 24, 'HomeScore': 25}]"
47,72056,2026,1,Final,2025-11-14T00:00:00,2025-11-14T19:00:00,LOULAF,MCNST,324,299,34.0,49.0,2025-11-15T00:19:43,F,0.0,0.0,-8.9,74.8,514.0,-1039.0,60072056,60000324,60000299,,,,,,,,,,,Scrambled,True,2025-11-14T21:10:34,170485.0,170485.0,,,ESPN+,False,-63.0,-61.0,-61.0,-63.0,2025-11-15T00:00:00,4333.0,"{'StadiumID': 374, 'Active': True, 'Name': 'The Legacy Center', 'Address': None, 'City': 'Lake Charles', 'State': 'LA', 'Zip': None, 'Country': None, 'Capacity': 4300, 'GeoLat': 30.1755, 'GeoLong': -93.2095}","[{'PeriodID': 117340, 'GameID': 72056, 'Number': 1, 'Name': '1', 'Type': 'Half', 'AwayScore': 5, 'HomeScore': 21}, {'PeriodID': 117366, 'GameID': 72056, 'Number': 2, 'Name': '2', 'Type': 'Half', 'AwayScore': 26, 'HomeScore': 28}]"
48,72352,2026,1,Final,2025-11-14T00:00:00,2025-11-14T21:30:00,MSVLST,DXST,308,750,42.0,45.0,2025-11-14T23:46:24,F,0.0,0.0,-14.7,80.9,1390.0,-30302.0,60072352,60000308,60000750,,,,,,,,,,,Scrambled,True,2025-11-14T23:41:02,170501.0,170500.0,,,,True,-62.0,-62.0,-62.0,-62.0,2025-11-15T02:30:00,,"{'StadiumID': 142, 'Active': True, 'Name': 'Stan Sheriff Center', 'Address': None, 'City': 'Honolulu', 'State': 'HI', 'Zip': None, 'Country': None, 'Capacity': 10300, 'GeoLat': 21.294292, 'GeoLong': -157.818875}","[{'PeriodID': 117392, 'GameID': 72352, 'Number': 1, 'Name': '1', 'Type': 'Half', 'AwayScore': 18, 'HomeScore': 20}, {'PeriodID': 117407, 'GameID': 72352, 'Number': 2, 'Name': '2', 'Type': 'Half', 'AwayScore': 18, 'HomeScore': 16}, {'PeriodID': 117414, 'GameID': 72352, 'Number': 3, 'Name': 'OT', 'Type': 'Overtime', 'AwayScore': 2, 'HomeScore': 2}, {'PeriodID': 117415, 'GameID': 72352, 'Number': 4, 'Name': 'OT2', 'Type': 'Overtime', 'AwayScore': 1, 'HomeScore': 2}]"
49,72732,2026,1,Final,2025-11-14T00:00:00,2025-11-14T18:00:00,JCSG,GAS,822,329,44.0,54.0,2025-11-14T20:29:12,F,0.0,0.0,,,,,60072732,60000822,60000329,,,,,,,,,,,Scrambled,True,2025-11-14T19:51:07,,,,,ESPN+,False,,,,,2025-11-14T23:00:00,202.0,"{'StadiumID': 626, 'Active': True, 'Name': 'Jack and Ruth Ann Hill Convocation Center', 'Address': None, 'City': 'Statesboro', 'State': 'GA', 'Zip': None, 'Country': None, 'Capacity': None, 'GeoLat': None, 'GeoLong': None}","[{'PeriodID': 117322, 'GameID': 72732, 'Number': 1, 'Name': '1', 'Type': 'Half', 'AwayScore': 23, 'HomeScore': 23}, {'PeriodID': 117327, 'GameID': 72732, 'Number': 2, 'Name': '2', 'Type': 'Half', 'AwayScore': 21, 'HomeScore': 31}]"
0,67861,2026,1,Final,2025-11-13T00:00:00,2025-11-13T19:00:00,PUR,ALA,94,275,142.0,130.0,2025-11-14T00:18:25,F,0.0,0.0,-4.9,280.7,216.0,-265.0,60067861,60000094,60000275,,,,,,,,,,,Scrambled,True,2025-11-13T21:16:03,1220.0,1219.0,,,ESPN2,False,-177.0,-184.0,-184.0,-177.0,2025-11-14T00:00:00,13474.0,"{'StadiumID': 58, 'Active': True, 'Name': 'Coleman Coliseum', 'Address': None, 'City': 'Tuscaloosa', 'State': 'AL', 'Zip': None, 'Country': None, 'Capacity': 14474, 'GeoLat': 33.202939, 'GeoLong': -87.539706}","[{'PeriodID': 117278, 'GameID': 67861, 'Number': 1, 'Name': '1', 'Type': 'Half', 'AwayScore': 70, 'HomeScore': 67}, {'PeriodID': 117299, 'GameID': 67861, 'Number': 2, 'Name': '2', 'Type': 'Half', 'AwayScore': 72, 'HomeScore': 63}]"
1,68527,2026,1,Final,2025-11-13T00:00:00,2025-11-13T21:00:00,CAH,KANST,251,112,156.0,161.0,2025-11-14T00:18:25,F,0.0,0.0,-10.6,267.6,390.0,-508.0,60068527,60000251,60000112,,,,,,,,,,,Scrambled,True,2025-11-13T23:14:57,1237.0,1235.0,,,CBSS,False,-176.0,-185.0,-177.0,-184.0,2025-11-14T02:00:00,7521.0,"{'StadiumID': 105, 'Active': True, 'Name': 'Bramlage Coliseum', 'Address': None, 'City': 'Manhattan', 'State': 'KS', 'Zip': None, 'Country': None, 'Capacity': 11000, 'GeoLat': 39.200361, 'GeoLong': -96.593833}","[{'PeriodID': 117315, 'GameID': 68527, 'Number': 1, 'Name': '1', 'Type': 'Half', 'AwayScore': 55, 'HomeScore': 89}, {'PeriodID': 117317, 'GameID': 68527, 'Number': 2, 'Name': '2', 'Type': 'Half', 'AwayScore': 101, 'HomeScore': 72}]"
2,68528,2026,1,Final,2025-11-13T00:00:00,2025-11-13T19:30:00,LOYCH,WICHST,209,202,120.0,155.0,2025-11-14T00:18:25,F,0.0,0.0,-8.9,249.7,309.0,-379.0,60068528,60000209,60000202,,,,,,,,,,,Scrambled,True,2025-11-13T21:27:15,1227.0,1225.0,,,ESPN+,False,-182.0,-179.0,-179.0,-179.0,2025-11-14T00:30:00,5661.0,"{'StadiumID': 49, 'Active': True, 'Name': 'Charles Koch Arena', 'Address': None, 'City': 'Wichita', 'State': 'KS', 'Zip': None, 'Country': None, 'Capacity': 10506, 'GeoLat': 37.721667, 'GeoLong': -97.2975}","[{'PeriodID': 117288, 'GameID': 68528, 'Number': 1, 'Name': '1', 'Type': 'Half', 'AwayScore': 59, 'HomeScore': 81}, {'PeriodID': 117308, 'GameID': 68528, 'Number': 2, 'Name': '2', 'Type': 'Half', 'AwayScore': 62, 'HomeScore': 73}]"
3,68756,2026,1,Final,2025-11-13T00:00:00,2025-11-13T18:00:00,PITT,WVIR,28,107,80.0,116.0,2025-11-14T00:18:25,F,0.0,0.0,-9.8,218.8,347.0,-433.0,60068756,60000028,60000107,,,,,,,,,,,Scrambled,True,2025-11-13T20:02:02,1214.0,1212.0,,,FS1,False,-179.0,-184.0,-176.0,-182.0,2025-11-13T23:00:00,12453.0,"{'StadiumID': 106, 'Active': True, 'Name': 'WVU Coliseum', 'Address': None, 'City': 'Morgantown', 'State': 'WV', 'Zip': None, 'Country': None, 'Capacity': 14000, 'GeoLat': 39.649167, 'GeoLong': -79.981111}","[{'PeriodID': 117268, 'GameID': 68756, 'Number': 1, 'Name': '1', 'Type': 'Half', 'AwayScore': 41, 'HomeScore': 55}, {'PeriodID': 117282, 'GameID': 68756, 'Number': 2, 'Name': '2', 'Type': 'Half', 'AwayScore': 39, 'HomeScore': 60}]"
4,68938,2026,1,Final,2025-11-13T00:00:00,2025-11-13T19:00:00,MASLOW,COLMB,16,159,117.0,140.0,2025-11-14T00:18:25,F,0.0,0.0,-22.0,254.6,1048.0,-1726.0,60068938,60000016,60000159,,,,,,,,,,,Scrambled,True,2025-11-13T20:58:15,498854.0,498853.0,,,ESPN+,False,-187.0,-176.0,-181.0,-179.0,2025-11-14T00:00:00,704.0,"{'StadiumID': 346, 'Active': True, 'Name': 'Levien Gymnasium', 'Address': None, 'City': 'New York', 'State': 'NY', 'Zip': None, 'Country': None, 'Capacity': 2700, 'GeoLat': 40.80979, 'GeoLong': -73.961715}","[{'PeriodID': 117274, 'GameID': 68938, 'Number': 1, 'Name': '1', 'Type': 'Half', 'AwayScore': 59, 'HomeScore': 50}, {'PeriodID': 117300, 'GameID': 68938, 'Number': 2, 'Name': '2', 'Type': 'Half', 'AwayScore': 59, 'HomeScore': 89}]"
5,69272,2026,1,Final,2025-11-13T00:00:00,2025-11-13T20:00:00,CHSOU,ALAAM,88,309,104.0,111.0,2025-11-14T00:18:25,F,0.0,0.0,-2.4,248.1,-166.0,-198.0,60069272,60000088,60000309,,,,,,,,,,,Scrambled,True,2025-11-13T22:01:22,498864.0,498863.0,,,SWAC,False,-185.0,-176.0,-182.0,-179.0,2025-11-14T01:00:00,1833.0,"{'StadiumID': 578, 'Active': True, 'Name': 'Alabama A&M Event Center', 'Address': None, 'City': 'Huntsville', 'State': 'AL', 'Zip': None, 'Country': None, 'Capacity': 6000, 'GeoLat': 34.781139, 'GeoLong': -86.580528}","[{'PeriodID': 117292, 'GameID': 69272, 'Number': 1, 'Name': '1', 'Type': 'Half', 'AwayScore': 55, 'HomeScore': 68}, {'PeriodID': 117311, 'GameID': 69272, 'Number': 2, 'Name': '2', 'Type': 'Half', 'AwayScore': 49, 'HomeScore': 42}]"
6,69273,2026,1,Final,2025-11-13T00:00:00,2025-11-13T19:00:00,ECSU,ECAR,1294,9,114.0,116.0,2025-11-14T00:18:25,F,0.0,0.0,,,,,60069273,60001294,60000009,,,,,,,,,,,Scrambled,True,2025-11-13T21:06:16,,,,,ESPN+,False,,,,,2025-11-14T00:00:00,4238.0,"{'StadiumID': 46, 'Active': True, 'Name': 'Minges Coliseum', 'Address': None, 'City': 'Greenville', 'State': 'NC', 'Zip': None, 'Country': None, 'Capacity': 7100, 'GeoLat': 35.597391, 'GeoLong': -77.367167}","[{'PeriodID': 117276, 'GameID': 69273, 'Number': 1, 'Name': '1', 'Type': 'Half', 'AwayScore': 57, 'HomeScore': 59}, {'PeriodID': 117304, 'GameID': 69273, 'Number': 2, 'Name': '2', 'Type': 'Half', 'AwayScore': 57, 'HomeScore': 57}]"
7,69779,2026,1,Final,2025-11-13T00:00:00,2025-11-13T20:00:00,ILBE,NILL,517,186,101.0,190.0,2025-11-14T00:18:25,F,0.0,0.0,,,,,60069779,60000517,60000186,,,,,,,,,,,Scrambled,True,2025-11-13T22:01:34,,,,,ESPN+,False,,,,,2025-11-14T01:00:00,876.0,"{'StadiumID': 123, 'Active': True, 'Name': 'NIU Convocation Center', 'Address': None, 'City': 'Dekalb', 'State': 'IL', 'Zip': None, 'Country': None, 'Capacity': 9100, 'GeoLat': 41.935106, 'GeoLong': -88.785569}","[{'PeriodID': 117295, 'GameID': 69779, 'Number': 1, 'Name': '1', 'Type': 'Half', 'AwayScore': 33, 'HomeScore': 98}, {'PeriodID': 117312, 'GameID': 69779, 'Number': 2, 'Name': '2', 'Type': 'Half', 'AwayScore': 68, 'HomeScore': 93}]"
8,69780,2026,1,Final,2025-11-13T00:00:00,2025-11-13T19:00:00,PITTG,ROBMS,1252,230,93.0,132.0,2025-11-14T00:18:25,F,0.0,0.0,,,,,60069780,60001252,60000230,,,,,,,,,,,Scrambled,True,2025-11-13T20:47:09,,,,,ESPN+,False,,,,,2025-11-14T00:00:00,1057.0,"{'StadiumID': 447, 'Active': True, 'Name': 'UPMC Events Center', 'Address': None, 'City': 'Moon Township', 'State': 'PA', 'Zip': None, 'Country': None, 'Capacity': 4000, 'GeoLat': 40.520212, 'GeoLong': -80.21476}","[{'PeriodID': 117273, 'GameID': 69780, 'Number': 1, 'Name': '1', 'Type': 'Half', 'AwayScore': 47, 'HomeScore': 57}, {'PeriodID': 117291, 'GameID': 69780, 'Number': 2, 'Name': '2', 'Type': 'Half', 'AwayScore': 46, 'HomeScore': 75}]"
9,70579,2026,1,Final,2025-11-13T00:00:00,2025-11-13T19:00:00,MONM,SETON,166,60,94.0,114.0,2025-11-14T00:18:25,F,0.0,0.0,-25.2,222.9,1396.0,-2670.0,60070579,60000166,60000060,,,,,,,,,,,Scrambled,True,2025-11-13T21:11:07,1224.0,1222.0,,,ESPN+,False,-181.0,-179.0,-177.0,-185.0,2025-11-14T00:00:00,6179.0,"{'StadiumID': 326, 'Active': True, 'Name': 'Prudential Center', 'Address': None, 'City': 'Newark', 'State': 'NJ', 'Zip': None, 'Country': None, 'Capacity': 10481, 'GeoLat': 40.733611, 'GeoLong': -74.171111}","[{'PeriodID': 117272, 'GameID': 70579, 'Number': 1, 'Name': '1', 'Type': 'Half', 'AwayScore': 55, 'HomeScore': 44}, {'PeriodID': 117303, 'GameID': 70579, 'Number': 2, 'Name': '2', 'Type': 'Half', 'AwayScore': 39, 'HomeScore': 70}]"
10,71007,2026,1,Final,2025-11-13T00:00:00,2025-11-13T18:30:00,SJST,MST,222,97,98.0,129.0,2025-11-14T00:18:25,F,0.0,0.0,-39.9,233.5,3931.0,-15998.0,60071007,60000222,60000097,,,,,,,,,,,Scrambled,True,2025-11-13T20:29:23,1217.0,1215.0,,,BTN,False,-184.0,-177.0,-182.0,-179.0,2025-11-13T23:30:00,14797.0,"{'StadiumID': 175, 'Active': True, 'Name': 'Breslin Center', 'Address': None, 'City': 'East Lansing', 'State': 'MI', 'Zip': None, 'Country': None, 'Capacity': 14797, 'GeoLat': 42.728227, 'GeoLong': -84.492396}","[{'PeriodID': 117270, 'GameID': 71007, 'Number': 1, 'Name': '1', 'Type': 'Half', 'AwayScore': 37, 'HomeScore': 75}, {'PeriodID': 117290, 'GameID': 71007, 'Number': 2, 'Name': '2', 'Type': 'Half', 'AwayScore': 60, 'HomeScore': 54}]"
11,71008,2026,1,Final,2025-11-13T00:00:00,2025-11-13T19:00:00,LEMYN,UMASS,427,55,130.0,153.0,2025-11-14T00:18:25,F,0.0,0.0,-26.8,249.7,1477.0,-2603.0,60071008,60000427,60000055,,,,,,,,,,,Scrambled,True,2025-11-13T21:04:32,498851.0,498850.0,,,ESPN+,False,-187.0,-171.0,-187.0,-171.0,2025-11-14T00:00:00,2003.0,"{'StadiumID': 296, 'Active': True, 'Name': 'William D. Mullins Memorial Center', 'Address': None, 'City': 'Amherst', 'State': 'MA', 'Zip': None, 'Country': None, 'Capacity': 9493, 'GeoLat': 42.389381, 'GeoLong': -72.533439}","[{'PeriodID': 117277, 'GameID': 71008, 'Number': 1, 'Name': '1', 'Type': 'Half', 'AwayScore': 62, 'HomeScore': 78}, {'PeriodID': 117298, 'GameID': 71008, 'Number': 2, 'Name': '2', 'Type': 'Half', 'AwayScore': 68, 'HomeScore': 75}]"
12,71009,2026,1,Final,2025-11-13T00:00:00,2025-11-13T19:00:00,BERM,TENTCH,1347,234,104.0,140.0,2025-11-14T00:18:25,F,0.0,0.0,,,,,60071009,60001347,60000234,,,,,,,,,,,Scrambled,True,2025-11-13T20:54:48,,,,,ESPN+,False,,,,,2025-11-14T00:00:00,667.0,"{'StadiumID': 167, 'Active': True, 'Name': 'Hooper Eblen Center', 'Address': None, 'City': 'Cookeville', 'State': 'TN', 'Zip': None, 'Country': None, 'Capacity': 9280, 'GeoLat': 36.178508, 'GeoLong': -85.51}","[{'PeriodID': 117279, 'GameID': 71009, 'Number': 1, 'Name': '1', 'Type': 'Half', 'AwayScore': 39, 'HomeScore': 76}, {'PeriodID': 117302, 'GameID': 71009, 'Number': 2, 'Name': '2', 'Type': 'Half', 'AwayScore': 65, 'HomeScore': 63}]"
13,71010,2026,1,Final,2025-11-13T00:00:00,2025-11-13T19:00:00,VOORHE,WCAR,437,287,72.0,155.0,2025-11-14T00:18:25,F,0.0,0.0,,,,,60071010,60000437,60000287,,,,,,,,,,,Scrambled,True,2025-11-13T22:12:33,,,,,ESPN+,False,,,,,2025-11-14T00:00:00,854.0,"{'StadiumID': 146, 'Active': True, 'Name': 'Ramsey Center', 'Address': None, 'City': 'Cullowhee', 'State': 'NC', 'Zip': None, 'Country': None, 'Capacity': 7826, 'GeoLat': 35.303752, 'GeoLong': -83.18234}","[{'PeriodID': 117286, 'GameID': 71010, 'Number': 1, 'Name': '1', 'Type': 'Half', 'AwayScore': 24, 'HomeScore': 70}, {'PeriodID': 117316, 'GameID': 71010, 'Number': 2, 'Name': '2', 'Type': 'Half', 'AwayScore': 47, 'HomeScore': 85}]"
14,71011,2026,1,Final,2025-11-13T00:00:00,2025-11-13T19:00:00,COLU,NCAT,639,196,135.0,145.0,2025-11-14T00:18:25,F,0.0,0.0,,,,,60071011,60000639,60000196,,,,,,,,,,,Scrambled,True,2025-11-13T21:30:39,,,,,FloC,False,,,,,2025-11-14T00:00:00,1907.0,"{'StadiumID': 40, 'Active': True, 'Name': 'Corbett Sports Center', 'Address': None, 'City': 'Greensboro', 'State': 'NC', 'Zip': None, 'Country': None, 'Capacity': 5700, 'GeoLat': 36.076783, 'GeoLong': -79.768849}","[{'PeriodID': 117284, 'GameID': 71011, 'Number': 1, 'Name': '1', 'Type': 'Half', 'AwayScore': 70, 'HomeScore': 83}, {'PeriodID': 117307, 'GameID': 71011, 'Number': 2, 'Name': '2', 'Type': 'Half', 'AwayScore': 65, 'HomeScore': 62}]"
15,71012,2026,1,Final,2025-11-13T00:00:00,2025-11-13T19:00:00,JOHNJ,PRNCE,1185,160,96.0,163.0,2025-11-14T00:18:25,F,0.0,0.0,,,,,60071012,60001185,60000160,,,,,,,,,,,Scrambled,True,2025-11-13T20:42:04,,,,,ESPN+,False,,,,,2025-11-14T00:00:00,896.0,"{'StadiumID': 251, 'Active': True, 'Name': 'Jadwin Gymnasium', 'Address': None, 'City': 'Princeton', 'State': 'NJ', 'Zip': None, 'Country': None, 'Capacity': 6854, 'GeoLat': 40.343449, 'GeoLong': -74.648595}","[{'PeriodID': 117280, 'GameID': 71012, 'Number': 1, 'Name': '1', 'Type': 'Half', 'AwayScore': 41, 'HomeScore': 76}, {'PeriodID': 117293, 'GameID': 71012, 'Number': 2, 'Name': '2', 'Type': 'Half', 'AwayScore': 55, 'HomeScore': 86}]"
16,71013,2026,1,Final,2025-11-13T00:00:00,2025-11-13T19:30:00,SOUMIS,GRMBST,143,312,114.0,122.0,2025-11-14T00:18:25,F,0.0,0.0,-3.3,241.6,184.0,-223.0,60071013,60000143,60000312,,,,,,,,,,,Scrambled,True,2025-11-13T21:39:00,498858.0,498856.0,,,,False,-182.0,-181.0,-177.0,-184.0,2025-11-14T00:30:00,1578.0,"{'StadiumID': 396, 'Active': True, 'Name': 'Fredrick C. Hobdy Assembly Center', 'Address': None, 'City': 'Grambling', 'State': 'LA', 'Zip': None, 'Country': None, 'Capacity': 7600, 'GeoLat': 32.520284, 'GeoLong': -92.723578}","[{'PeriodID': 117289, 'GameID': 71013, 'Number': 1, 'Name': '1', 'Type': 'Half', 'AwayScore': 49, 'HomeScore': 68}, {'PeriodID': 117309, 'GameID': 71013, 'Number': 2, 'Name': '2', 'Type': 'Half', 'AwayScore': 65, 'HomeScore': 54}]"
17,71622,2026,1,Canceled,2025-11-13T00:00:00,2025-11-13T19:00:00,BARB,CAMP,1465,90,,,2025-11-13T00:51:11,,,,,,,,60071622,60001465,60000090,,,,,,,,,,,Scrambled,False,,,,,,FloC,False,,,,,2025-11-14T00:00:00,,"{'StadiumID': 42, 'Active': True, 'Name': 'Pope Convocation Center', 'Address': None, 'City': 'Buies Creek', 'State': 'NC', 'Zip': None, 'Country': None, 'Capacity': 3095, 'GeoLat': 35.407905, 'GeoLong': 78.736696}",[]
18,71623,2026,1,Final,2025-11-13T00:00:00,2025-11-13T20:00:00,LAMON,HOUBAP,326,293,99.0,117.0,2025-11-14T00:18:26,F,0.0,0.0,-14.6,234.3,550.0,-753.0,60071623,60000326,60000293,,,,,,,,,,,Scrambled,True,2025-11-13T21:40:55,498861.0,498859.0,,,ESPN+,False,-179.0,-182.0,-184.0,-179.0,2025-11-14T01:00:00,200.0,"{'StadiumID': 168, 'Active': True, 'Name': 'Sharp Gymnasium', 'Address': None, 'City': 'Houston', 'State': 'TX', 'Zip': None, 'Country': None, 'Capacity': 1000, 'GeoLat': 29.695, 'GeoLong': -95.516944}","[{'PeriodID': 117297, 'GameID': 71623, 'Number': 1, 'Name': '1', 'Type': 'Half', 'AwayScore': 70, 'HomeScore': 54}, {'PeriodID': 117310, 'GameID': 71623, 'Number': 2, 'Name': '2', 'Type': 'Half', 'AwayScore': 29, 'HomeScore': 63}]"
19,71624,2026,1,Final,2025-11-13T00:00:00,2025-11-13T20:00:00,GB,STMN,152,1112,99.0,130.0,2025-11-14T00:18:26,F,0.0,0.0,-22.0,244.9,1160.0,-1943.0,60071624,60000152,60001112,,,,,,,,,,,Scrambled,True,2025-11-13T21:57:37,1230.0,1228.0,,,Summ,False,-179.0,-182.0,-182.0,-179.0,2025-11-14T01:00:00,2658.0,"{'StadiumID': 634, 'Active': True, 'Name': 'Lee & Penny Anderson Arena', 'Address': None, 'City': 'Saint Paul', 'State': 'MN', 'Zip': None, 'Country': None, 'Capacity': None, 'GeoLat': None, 'GeoLong': None}","[{'PeriodID': 117301, 'GameID': 71624, 'Number': 1, 'Name': '1', 'Type': 'Half', 'AwayScore': 42, 'HomeScore': 81}, {'PeriodID': 117314, 'GameID': 71624, 'Number': 2, 'Name': '2', 'Type': 'Half', 'AwayScore': 57, 'HomeScore': 49}]"
20,72051,2026,1,Final,2025-11-13T00:00:00,2025-11-13T18:00:00,CORNEL,LAFAY,162,266,158.0,127.0,2025-11-14T00:18:26,F,0.0,0.0,11.9,260.3,-347.0,278.0,60072051,60000162,60000266,,,,,,,,,,,Scrambled,True,2025-11-13T20:03:15,498845.0,498843.0,,,ESPN+,False,-185.0,-176.0,-184.0,-179.0,2025-11-13T23:00:00,1279.0,"{'StadiumID': 302, 'Active': True, 'Name': 'Kirby Sports Center', 'Address': None, 'City': 'Easton', 'State': 'PA', 'Zip': None, 'Country': None, 'Capacity': 2644, 'GeoLat': 40.7019, 'GeoLong': -75.2107}","[{'PeriodID': 117269, 'GameID': 72051, 'Number': 1, 'Name': '1', 'Type': 'Half', 'AwayScore': 75, 'HomeScore': 65}, {'PeriodID': 117285, 'GameID': 72051, 'Number': 2, 'Name': '2', 'Type': 'Half', 'AwayScore': 83, 'HomeScore': 62}]"
21,72052,2026,1,Final,2025-11-13T00:00:00,2025-11-13T19:00:00,FVST,GAST,433,328,91.0,146.0,2025-11-14T00:18:26,F,0.0,0.0,,,,,60072052,60000433,60000328,,,,,,,,,,,Scrambled,True,2025-11-13T21:05:39,,,,,ESPN+,False,,,,,2025-11-14T00:00:00,1832.0,"{'StadiumID': 559, 'Active': True, 'Name': 'GSU Convocation Center', 'Address': None, 'City': 'Atlanta', 'State': 'GA', 'Zip': None, 'Country': None, 'Capacity': 7500, 'GeoLat': None, 'GeoLong': None}","[{'PeriodID': 117275, 'GameID': 72052, 'Number': 1, 'Name': '1', 'Type': 'Half', 'AwayScore': 42, 'HomeScore': 81}, {'PeriodID': 117305, 'GameID': 72052, 'Number': 2, 'Name': '2', 'Type': 'Half', 'AwayScore': 49, 'HomeScore': 65}]"
22,72053,2026,1,Canceled,2025-11-13T00:00:00,2025-11-13T19:00:00,JCSG,GAS,822,329,,,2025-11-04T13:24:45,,,,,,,,60072053,60000822,60000329,,,,,,,,,,,Scrambled,False,,,,,,ESPN+,False,,,,,2025-11-14T00:00:00,,"{'StadiumID': 626, 'Active': True, 'Name': 'Jack and Ruth Ann Hill Convocation Center', 'Address': None, 'City': 'Statesboro', 'State': 'GA', 'Zip': None, 'Country': None, 'Capacity': None, 'GeoLat': None, 'GeoLong': None}",[]
23,72054,2026,1,Final,2025-11-13T00:00:00,2025-11-13T20:00:00,FLINT,LSU,140,269,132.0,159.0,2025-11-14T00:18:26,F,0.0,0.0,-35.0,257.9,2318.0,-6313.0,60072054,60000140,60000269,,,,,,,,,,,Scrambled,True,2025-11-13T22:06:16,1233.0,1232.0,,,SEC,False,-179.0,-179.0,-179.0,-181.0,2025-11-14T01:00:00,6306.0,"{'StadiumID': 110, 'Active': True, 'Name': 'Pete Maravich Assembly Center', 'Address': None, 'City': 'Baton Rouge', 'State': 'LA', 'Zip': None, 'Country': None, 'Capacity': 13215, 'GeoLat': 30.4142, 'GeoLong': -91.1845}","[{'PeriodID': 117294, 'GameID': 72054, 'Number': 1, 'Name': '1', 'Type': 'Half', 'AwayScore': 62, 'HomeScore': 70}, {'PeriodID': 117313, 'GameID': 72054, 'Number': 2, 'Name': '2', 'Type': 'Half', 'AwayScore': 70, 'HomeScore': 89}]"
24,72315,2026,1,Final,2025-11-13T00:00:00,2025-11-13T19:00:00,ALCST,HOWRD,307,195,104.0,117.0,2025-11-14T00:18:26,F,0.0,0.0,-10.6,250.6,400.0,-511.0,60072315,60000307,60000195,,,,,,,,,,,Scrambled,True,2025-11-13T21:06:59,498848.0,498846.0,,,ESPN+,False,-179.0,-179.0,-182.0,-179.0,2025-11-14T00:00:00,1891.0,"{'StadiumID': 363, 'Active': True, 'Name': 'Burr Gymnasium', 'Address': None, 'City': 'Washington', 'State': 'DC', 'Zip': None, 'Country': None, 'Capacity': 2700, 'GeoLat': 38.9264, 'GeoLong': -77.0221}","[{'PeriodID': 117281, 'GameID': 72315, 'Number': 1, 'Name': '1', 'Type': 'Half', 'AwayScore': 37, 'HomeScore': 46}, {'PeriodID': 117296, 'GameID': 72315, 'Number': 2, 'Name': '2', 'Type': 'Half', 'AwayScore': 67, 'HomeScore': 72}]"
25,72487,2026,1,Final,2025-11-13T00:00:00,2025-11-13T18:30:00,BRYAN,NCASHE,520,80,88.0,150.0,2025-11-14T00:18:26,F,0.0,0.0,,,,,60072487,60000520,60000080,,,,,,,,,,,Scrambled,True,2025-11-13T20:17:12,,,,,ESPN+,False,,,,,2025-11-13T23:30:00,489.0,"{'StadiumID': 283, 'Active': True, 'Name': 'Kimmel Arena', 'Address': None, 'City': 'Asheville', 'State': 'NC', 'Zip': None, 'Country': None, 'Capacity': 3200, 'GeoLat': 35.618, 'GeoLong': -82.568}","[{'PeriodID': 117271, 'GameID': 72487, 'Number': 1, 'Name': '1', 'Type': 'Half', 'AwayScore': 23, 'HomeScore': 93}, {'PeriodID': 117287, 'GameID': 72487, 'Number': 2, 'Name': '2', 'Type': 'Half', 'AwayScore': 65, 'HomeScore': 57}]"
26,72599,2026,1,Final,2025-11-13T00:00:00,2025-11-13T11:00:00,CMICH,SALA,185,330,104.0,107.0,2025-11-13T16:04:46,F,0.0,0.0,-8.9,231.8,342.0,-423.0,60072599,60000185,60000330,,,,,,,,,,,Scrambled,True,2025-11-13T12:51:30,1210.0,1209.0,,,YT,True,-174.0,-187.0,-184.0,-177.0,2025-11-13T16:00:00,148.0,"{'StadiumID': 399, 'Active': True, 'Name': 'McArthur Center', 'Address': None, 'City': 'Saint Petersburg', 'State': 'FL', 'Zip': None, 'Country': None, 'Capacity': None, 'GeoLat': 27.71494, 'GeoLong': -82.68593}","[{'PeriodID': 117266, 'GameID': 72599, 'Number': 1, 'Name': '1', 'Type': 'Half', 'AwayScore': 49, 'HomeScore': 57}, {'PeriodID': 117267, 'GameID': 72599, 'Number': 2, 'Name': '2', 'Type': 'Half', 'AwayScore': 55, 'HomeScore': 50}]"
27,72860,2026,1,Canceled,2025-11-13T00:00:00,2025-11-13T19:00:00,MIDAMC,CAMP,447,90,,,2025-11-15T05:36:49,,,,,,,,60072860,60000447,60000090,,,,,,,,,,,Scrambled,False,,,,,,,False,,,,,2025-11-14T00:00:00,,"{'StadiumID': 42, 'Active': True, 'Name': 'Pope Convocation Center', 'Address': None, 'City': 'Buies Creek', 'State': 'NC', 'Zip': None, 'Country': None, 'Capacity': 3095, 'GeoLat': 35.407905, 'GeoLong': 78.736696}",[]
28,72861,2026,1,Final,2025-11-13T00:00:00,2025-11-13T19:00:00,MID-,CAMP,616,90,89.0,176.0,2025-11-14T00:18:26,F,0.0,0.0,,,,,60072861,60000616,60000090,,,,,,,,,,,Scrambled,True,2025-11-13T22:19:45,,,,,FloC,False,,,,,2025-11-14T00:00:00,1193.0,"{'StadiumID': 42, 'Active': True, 'Name': 'Pope Convocation Center', 'Address': None, 'City': 'Buies Creek', 'State': 'NC', 'Zip': None, 'Country': None, 'Capacity': 3095, 'GeoLat': 35.407905, 'GeoLong': 78.736696}","[{'PeriodID': 117283, 'GameID': 72861, 'Number': 1, 'Name': '1', 'Type': 'Half', 'AwayScore': 52, 'HomeScore': 80}, {'PeriodID': 117306, 'GameID': 72861, 'Number': 2, 'Name': '2', 'Type': 'Half', 'AwayScore': 37, 'HomeScore': 96}]"
0,67832,2026,1,Final,2025-11-12T00:00:00,2025-11-12T20:00:00,USI,SDAK,1212,321,91.0,110.0,2025-11-13T00:34:30,F,0.0,0.0,-9.2,202.0,324.0,-416.0,60067832,60001212,60000321,,,,,,,,,,,Scrambled,True,2025-11-12T22:18:20,867.0,866.0,,,Summ,False,-133.0,-139.0,-136.0,-136.0,2025-11-13T01:00:00,1263.0,"{'StadiumID': 192, 'Active': True, 'Name': 'Sanford Coyote Sports Center', 'Address': None, 'City': 'Vermillion', 'State': 'SD', 'Zip': None, 'Country': None, 'Capacity': 6004, 'GeoLat': 42.790111, 'GeoLong': -96.927806}","[{'PeriodID': 117207, 'GameID': 67832, 'Number': 1, 'Name': '1', 'Type': 'Half', 'AwayScore': 39, 'HomeScore': 54}, {'PeriodID': 117237, 'GameID': 67832, 'Number': 2, 'Name': '2', 'Type': 'Half', 'AwayScore': 52, 'HomeScore': 55}]"
1,67860,2026,1,Final,2025-11-12T00:00:00,2025-11-12T20:00:00,FAIRDK,TX,224,109,71.0,115.0,2025-11-13T00:34:30,F,0.0,0.0,-38.8,195.3,5544.0,-61600.0,60067860,60000224,60000109,,,,,,,,,,,Scrambled,True,2025-11-12T22:04:17,377721.0,377720.0,,,SEC,False,-137.0,-136.0,-137.0,-137.0,2025-11-13T01:00:00,9820.0,"{'StadiumID': 544, 'Active': True, 'Name': 'Moody Center', 'Address': None, 'City': 'Austin', 'State': 'TX', 'Zip': None, 'Country': None, 'Capacity': 10763, 'GeoLat': None, 'GeoLong': None}","[{'PeriodID': 117190, 'GameID': 67860, 'Number': 1, 'Name': '1', 'Type': 'Half', 'AwayScore': 30, 'HomeScore': 53}, {'PeriodID': 117233, 'GameID': 67860, 'Number': 2, 'Name': '2', 'Type': 'Half', 'AwayScore': 42, 'HomeScore': 62}]"
2,68305,2026,1,Final,2025-11-12T00:00:00,2025-11-12T19:00:00,MRCY,CANS,1062,172,68.0,71.0,2025-11-13T00:34:30,F,0.0,0.0,2.3,166.9,-154.0,124.0,60068305,60001062,60000172,,,,,,,,,,,Scrambled,True,2025-11-12T20:56:46,377697.0,377695.0,,,ESPN+,False,-139.0,-133.0,-134.0,-138.0,2025-11-13T00:00:00,815.0,"{'StadiumID': 354, 'Active': True, 'Name': 'Koessler Athletic Center', 'Address': None, 'City': 'Buffalo', 'State': 'NY', 'Zip': None, 'Country': None, 'Capacity': 2196, 'GeoLat': 42.920919, 'GeoLong': -78.85754}","[{'PeriodID': 117163, 'GameID': 68305, 'Number': 1, 'Name': '1', 'Type': 'Half', 'AwayScore': 31, 'HomeScore': 39}, {'PeriodID': 117192, 'GameID': 68305, 'Number': 2, 'Name': '2', 'Type': 'Half', 'AwayScore': 37, 'HomeScore': 32}]"
3,68306,2026,1,Final,2025-11-12T00:00:00,2025-11-12T19:00:00,VAS,MARIST,1116,176,75.0,115.0,2025-11-13T00:34:30,F,0.0,0.0,,,,,60068306,60001116,60000176,,,,,,,,,,,Scrambled,True,2025-11-12T20:41:18,,,,,ESPN+,False,,,,,2025-11-13T00:00:00,1653.0,"{'StadiumID': 162, 'Active': True, 'Name': 'McCann Center', 'Address': None, 'City': 'Poughkeepsie', 'State': 'NY', 'Zip': None, 'Country': None, 'Capacity': 3200, 'GeoLat': 41.718431, 'GeoLong': -73.934}","[{'PeriodID': 117165, 'GameID': 68306, 'Number': 1, 'Name': '1', 'Type': 'Half', 'AwayScore': 38, 'HomeScore': 58}, {'PeriodID': 117186, 'GameID': 68306, 'Number': 2, 'Name': '2', 'Type': 'Half', 'AwayScore': 37, 'HomeScore': 57}]"
4,68307,2026,1,Final,2025-11-12T00:00:00,2025-11-12T20:00:00,PVAM,OKST,313,113,83.0,116.0,2025-11-13T00:34:30,F,0.0,0.0,-37.6,207.6,4189.0,-61600.0,60068307,60000313,60000113,,,,,,,,,,,Scrambled,True,2025-11-12T22:05:31,377719.0,377718.0,,,ESPN+,False,-137.0,-136.0,-136.0,-138.0,2025-11-13T01:00:00,5421.0,"{'StadiumID': 216, 'Active': True, 'Name': 'Gallagher-Iba Arena', 'Address': None, 'City': 'Stillwater', 'State': 'OK', 'Zip': None, 'Country': None, 'Capacity': 13611, 'GeoLat': 36.125833, 'GeoLong': -97.065}","[{'PeriodID': 117189, 'GameID': 68307, 'Number': 1, 'Name': '1', 'Type': 'Half', 'AwayScore': 39, 'HomeScore': 57}, {'PeriodID': 117227, 'GameID': 68307, 'Number': 2, 'Name': '2', 'Type': 'Half', 'AwayScore': 43, 'HomeScore': 59}]"
5,68524,2026,1,Final,2025-11-12T00:00:00,2025-11-12T20:00:00,NCG,NCST,286,33,79.0,136.0,2025-11-13T00:34:30,F,0.0,0.0,-38.2,189.7,4928.0,-24640.0,60068524,60000286,60000033,,,,,,,,,,,Scrambled,True,2025-11-12T22:22:13,862.0,861.0,,,ACCN,False,-139.0,-134.0,-138.0,-136.0,2025-11-13T01:00:00,14516.0,"{'StadiumID': 145, 'Active': True, 'Name': 'Lenovo Center', 'Address': None, 'City': 'Raleigh', 'State': 'NC', 'Zip': None, 'Country': None, 'Capacity': 19700, 'GeoLat': 35.803333, 'GeoLong': -78.721944}","[{'PeriodID': 117206, 'GameID': 68524, 'Number': 1, 'Name': '1', 'Type': 'Half', 'AwayScore': 46, 'HomeScore': 58}, {'PeriodID': 117239, 'GameID': 68524, 'Number': 2, 'Name': '2', 'Type': 'Half', 'AwayScore': 33, 'HomeScore': 78}]"
6,68525,2026,1,Final,2025-11-12T00:00:00,2025-11-12T19:00:00,SIENA,STBON,168,47,81.0,92.0,2025-11-13T00:34:30,F,0.0,0.0,-11.7,171.9,430.0,-574.0,60068525,60000168,60000047,,,,,,,,,,,Scrambled,True,2025-11-12T21:06:08,843.0,841.0,,,ESPN+,False,-139.0,-133.0,-136.0,-138.0,2025-11-13T00:00:00,3451.0,"{'StadiumID': 88, 'Active': True, 'Name': 'Reilly Center', 'Address': None, 'City': 'Saint Bonaventure', 'State': 'NY', 'Zip': None, 'Country': None, 'Capacity': 5480, 'GeoLat': 42.079428, 'GeoLong': -78.484998}","[{'PeriodID': 117173, 'GameID': 68525, 'Number': 1, 'Name': '1', 'Type': 'Half', 'AwayScore': 41, 'HomeScore': 44}, {'PeriodID': 117201, 'GameID': 68525, 'Number': 2, 'Name': '2', 'Type': 'Half', 'AwayScore': 41, 'HomeScore': 48}]"
7,68526,2026,1,Final,2025-11-12T00:00:00,2025-11-12T19:00:00,AMERCN,GEOWS,265,48,83.0,132.0,2025-11-13T00:34:30,F,0.0,0.0,-21.6,186.6,1315.0,-2957.0,60068526,60000265,60000048,,,,,,,,,,,Scrambled,True,2025-11-12T20:57:07,377699.0,377698.0,,,ESPN+,False,-137.0,-136.0,-133.0,-142.0,2025-11-13T00:00:00,1984.0,"{'StadiumID': 24, 'Active': True, 'Name': 'Charles E. Smith Center', 'Address': None, 'City': 'Washington', 'State': 'DC', 'Zip': None, 'Country': None, 'Capacity': 5000, 'GeoLat': 38.897755, 'GeoLong': -77.049329}","[{'PeriodID': 117161, 'GameID': 68526, 'Number': 1, 'Name': '1', 'Type': 'Half', 'AwayScore': 39, 'HomeScore': 63}, {'PeriodID': 117198, 'GameID': 68526, 'Number': 2, 'Name': '2', 'Type': 'Half', 'AwayScore': 43, 'HomeScore': 69}]"
8,68754,2026,1,Final,2025-11-12T00:00:00,2025-11-12T19:00:00,STJOE,VTECH,46,31,73.0,116.0,2025-11-13T00:34:30,F,0.0,0.0,-14.8,195.3,687.0,-1055.0,60068754,60000046,60000031,,,,,,,,,,,Scrambled,True,2025-11-12T20:52:11,855.0,854.0,,,ACC,False,-137.0,-137.0,-137.0,-138.0,2025-11-13T00:00:00,5246.0,"{'StadiumID': 107, 'Active': True, 'Name': 'Cassell Coliseum', 'Address': None, 'City': 'Blacksburg', 'State': 'VA', 'Zip': None, 'Country': None, 'Capacity': 8925, 'GeoLat': 37.222222, 'GeoLong': -80.418889}","[{'PeriodID': 117159, 'GameID': 68754, 'Number': 1, 'Name': '1', 'Type': 'Half', 'AwayScore': 33, 'HomeScore': 58}, {'PeriodID': 117184, 'GameID': 68754, 'Number': 2, 'Name': '2', 'Type': 'Half', 'AwayScore': 39, 'HomeScore': 58}]"
9,68755,2026,1,Final,2025-11-12T00:00:00,2025-11-12T22:00:00,MONST,STAN,74,254,84.0,95.0,2025-11-13T00:34:30,F,0.0,0.0,-17.9,181.7,987.0,-1746.0,60068755,60000074,60000254,,,,,,,,,,,Scrambled,True,2025-11-12T23:58:50,899.0,898.0,,,ACC,False,-136.0,-137.0,-139.0,-136.0,2025-11-13T03:00:00,2334.0,"{'StadiumID': 79, 'Active': True, 'Name': 'Maples Pavilion', 'Address': None, 'City': 'Stanford', 'State': 'CA', 'Zip': None, 'Country': None, 'Capacity': 7233, 'GeoLat': 37.4296, 'GeoLong': -122.1605}","[{'PeriodID': 117246, 'GameID': 68755, 'Number': 1, 'Name': '1', 'Type': 'Half', 'AwayScore': 38, 'HomeScore': 44}, {'PeriodID': 117259, 'GameID': 68755, 'Number': 2, 'Name': '2', 'Type': 'Half', 'AwayScore': 46, 'HomeScore': 51}]"
10,68937,2026,1,Final,2025-11-12T00:00:00,2025-11-12T19:00:00,BROWN,BOSTU,163,259,95.0,111.0,2025-11-13T00:34:30,F,0.0,0.0,-3.7,159.5,165.0,-200.0,60068937,60000163,60000259,,,,,,,,,,,Scrambled,True,2025-11-12T21:02:18,377694.0,377693.0,,,ESPN+,False,-137.0,-137.0,-139.0,-136.0,2025-11-13T00:00:00,1455.0,"{'StadiumID': 122, 'Active': True, 'Name': 'Case Gym', 'Address': None, 'City': 'Boston', 'State': 'MA', 'Zip': None, 'Country': None, 'Capacity': 1800, 'GeoLat': 42.353932, 'GeoLong': -71.120355}","[{'PeriodID': 117168, 'GameID': 68937, 'Number': 1, 'Name': '1', 'Type': 'Half', 'AwayScore': 38, 'HomeScore': 59}, {'PeriodID': 117212, 'GameID': 68937, 'Number': 2, 'Name': '2', 'Type': 'Half', 'AwayScore': 57, 'HomeScore': 52}]"
11,69269,2026,1,Final,2025-11-12T00:00:00,2025-11-12T20:30:00,DART,BRYANT,165,231,92.0,101.0,2025-11-13T00:34:31,F,0.0,0.0,-1.8,185.4,123.0,-152.0,60069269,60000165,60000231,,,,,,,,,,,Scrambled,True,2025-11-12T22:25:48,377714.0,377713.0,,,ESPN+,False,-138.0,-136.0,-136.0,-138.0,2025-11-13T01:30:00,783.0,"{'StadiumID': 213, 'Active': True, 'Name': 'Chace Athletic Center', 'Address': None, 'City': 'Smithfield', 'State': 'RI', 'Zip': None, 'Country': None, 'Capacity': 2000, 'GeoLat': 41.921008, 'GeoLong': -71.539639}","[{'PeriodID': 117218, 'GameID': 69269, 'Number': 1, 'Name': '1', 'Type': 'Half', 'AwayScore': 36, 'HomeScore': 33}, {'PeriodID': 117238, 'GameID': 69269, 'Number': 2, 'Name': '2', 'Type': 'Half', 'AwayScore': 57, 'HomeScore': 68}]"
12,69270,2026,1,Final,2025-11-12T00:00:00,2025-11-12T18:30:00,BING,GEORGE,20,62,86.0,102.0,2025-11-13T00:34:31,F,0.0,0.0,-33.9,174.3,4928.0,-24640.0,60069270,60000020,60000062,,,,,,,,,,,Scrambled,True,2025-11-12T20:28:53,377692.0,377691.0,,,ESPN+,False,-137.0,-137.0,-138.0,-138.0,2025-11-12T23:30:00,3391.0,"{'StadiumID': 67, 'Active': True, 'Name': 'Capital One Arena', 'Address': None, 'City': 'Washington', 'State': 'DC', 'Zip': None, 'Country': None, 'Capacity': 20333, 'GeoLat': 38.898056, 'GeoLong': -77.020833}","[{'PeriodID': 117157, 'GameID': 69270, 'Number': 1, 'Name': '1', 'Type': 'Half', 'AwayScore': 44, 'HomeScore': 51}, {'PeriodID': 117181, 'GameID': 69270, 'Number': 2, 'Name': '2', 'Type': 'Half', 'AwayScore': 42, 'HomeScore': 52}]"
13,69271,2026,1,Canceled,2025-11-12T00:00:00,,PENNST,AKRON,101,177,,,2025-10-05T01:21:30,,,,,,,,60069271,60000101,60000177,,,,,,,,,,,Scrambled,False,,,,,,,False,,,,,,,"{'StadiumID': 295, 'Active': True, 'Name': 'James A. Rhodes Arena', 'Address': None, 'City': 'Akron', 'State': 'OH', 'Zip': None, 'Country': None, 'Capacity': 5500, 'GeoLat': 41.075833, 'GeoLong': -81.508611}",[]
14,69596,2026,1,Final,2025-11-12T00:00:00,2025-11-12T19:00:00,STPETE,VCU,169,45,75.0,96.0,2025-11-13T00:34:31,F,0.0,0.0,-25.9,181.7,1889.0,-6133.0,60069596,60000169,60000045,,,,,,,,,,,Scrambled,True,2025-11-12T21:16:36,853.0,851.0,,,ESPN+,False,-137.0,-137.0,-134.0,-139.0,2025-11-13T00:00:00,7637.0,"{'StadiumID': 26, 'Active': True, 'Name': 'Stuart C. Siegel Center', 'Address': None, 'City': 'Richmond', 'State': 'VA', 'Zip': None, 'Country': None, 'Capacity': 7637, 'GeoLat': 37.552918, 'GeoLong': -77.4529}","[{'PeriodID': 117179, 'GameID': 69596, 'Number': 1, 'Name': '1', 'Type': 'Half', 'AwayScore': 39, 'HomeScore': 51}, {'PeriodID': 117216, 'GameID': 69596, 'Number': 2, 'Name': '2', 'Type': 'Half', 'AwayScore': 36, 'HomeScore': 46}]"
15,69597,2026,1,Final,2025-11-12T00:00:00,2025-11-12T19:00:00,WBD,IND,151,93,86.0,124.0,2025-11-13T00:34:31,F,0.0,0.0,-30.8,203.9,2386.0,-11119.0,60069597,60000151,60000093,,,,,,,,,,,Scrambled,True,2025-11-12T21:07:43,850.0,849.0,,,FS1,False,-138.0,-138.0,-138.0,-136.0,2025-11-13T00:00:00,17222.0,"{'StadiumID': 130, 'Active': True, 'Name': 'Simon Skjodt Assembly Hall', 'Address': '1001 E 17th Street', 'City': 'Bloomington', 'State': 'IN', 'Zip': '47408', 'Country': 'USA', 'Capacity': 17222, 'GeoLat': 39.180833, 'GeoLong': -86.522222}","[{'PeriodID': 117162, 'GameID': 69597, 'Number': 1, 'Name': '1', 'Type': 'Half', 'AwayScore': 48, 'HomeScore': 63}, {'PeriodID': 117209, 'GameID': 69597, 'Number': 2, 'Name': '2', 'Type': 'Half', 'AwayScore': 38, 'HomeScore': 62}]"
16,69598,2026,1,Final,2025-11-12T00:00:00,2025-11-12T20:00:00,NICHLS,VALP,302,148,78.0,84.0,2025-11-13T00:34:31,F,0.0,0.0,-3.1,178.0,139.0,-169.0,60069598,60000302,60000148,,,,,,,,,,,Scrambled,True,2025-11-12T22:05:11,377724.0,377723.0,,,ESPN+,False,-143.0,-132.0,-136.0,-138.0,2025-11-13T01:00:00,867.0,"{'StadiumID': 256, 'Active': True, 'Name': 'Athletics-Recreation Center', 'Address': None, 'City': 'Valparaiso', 'State': 'IN', 'Zip': None, 'Country': None, 'Capacity': 5000, 'GeoLat': 41.464198, 'GeoLong': -87.048338}","[{'PeriodID': 117196, 'GameID': 69598, 'Number': 1, 'Name': '1', 'Type': 'Half', 'AwayScore': 23, 'HomeScore': 31}, {'PeriodID': 117229, 'GameID': 69598, 'Number': 2, 'Name': '2', 'Type': 'Half', 'AwayScore': 54, 'HomeScore': 53}]"
17,69768,2026,1,Final,2025-11-12T00:00:00,2025-11-12T21:00:00,IDAHO,SD,73,342,91.0,96.0,2025-11-13T00:34:31,F,0.0,0.0,1.5,191.0,-148.0,-127.0,60069768,60000073,60000342,,,,,,,,,,,Scrambled,True,2025-11-12T23:06:00,904.0,903.0,,,ESPN+,False,-138.0,-136.0,-140.0,-134.0,2025-11-13T02:00:00,456.0,"{'StadiumID': 78, 'Active': True, 'Name': 'Jenny Craig Pavilion', 'Address': None, 'City': 'San Diego', 'State': 'CA', 'Zip': None, 'Country': None, 'Capacity': 5100, 'GeoLat': 32.7745, 'GeoLong': -117.1837}","[{'PeriodID': 117222, 'GameID': 69768, 'Number': 1, 'Name': '1', 'Type': 'Half', 'AwayScore': 33, 'HomeScore': 47}, {'PeriodID': 117252, 'GameID': 69768, 'Number': 2, 'Name': '2', 'Type': 'Half', 'AwayScore': 58, 'HomeScore': 49}]"
18,69769,2026,1,Final,2025-11-12T00:00:00,2025-11-12T22:00:00,EWASH,SEA,70,347,83.0,116.0,2025-11-13T00:34:31,F,0.0,0.0,-10.5,183.0,363.0,-469.0,60069769,60000070,60000347,,,,,,,,,,,Scrambled,True,2025-11-12T23:54:02,907.0,906.0,,,ESPN+,False,-142.0,-132.0,-137.0,-134.0,2025-11-13T03:00:00,870.0,"{'StadiumID': 266, 'Active': True, 'Name': 'Redhawk Center', 'Address': None, 'City': 'Seattle', 'State': 'WA', 'Zip': None, 'Country': None, 'Capacity': 999, 'GeoLat': 47.607222, 'GeoLong': -122.313333}","[{'PeriodID': 117248, 'GameID': 69769, 'Number': 1, 'Name': '1', 'Type': 'Half', 'AwayScore': 46, 'HomeScore': 59}, {'PeriodID': 117258, 'GameID': 69769, 'Number': 2, 'Name': '2', 'Type': 'Half', 'AwayScore': 37, 'HomeScore': 57}]"
19,69770,2026,1,Final,2025-11-12T00:00:00,2025-11-12T19:00:00,NFL,TENN,36,277,81.0,122.0,2025-11-13T00:34:31,F,0.0,0.0,-51.1,191.0,4066.0,-12320.0,60069770,60000036,60000277,,,,,,,,,,,Scrambled,True,2025-11-12T20:54:55,377704.0,377703.0,,,SEC,False,-137.0,-136.0,-138.0,-138.0,2025-11-13T00:00:00,17614.0,"{'StadiumID': 195, 'Active': True, 'Name': 'Thompson-Boling Arena at Food City Center', 'Address': None, 'City': 'Knoxville', 'State': 'TN', 'Zip': None, 'Country': None, 'Capacity': 21678, 'GeoLat': 35.951167, 'GeoLong': -83.925028}","[{'PeriodID': 117160, 'GameID': 69770, 'Number': 1, 'Name': '1', 'Type': 'Half', 'AwayScore': 37, 'HomeScore': 58}, {'PeriodID': 117188, 'GameID': 69770, 'Number': 2, 'Name': '2', 'Type': 'Half', 'AwayScore': 44, 'HomeScore': 64}]"
20,69771,2026,1,Final,2025-11-12T00:00:00,2025-11-12T19:00:00,IPFW,WMICH,315,188,87.0,102.0,2025-11-13T00:34:31,F,0.0,0.0,5.3,200.2,-209.0,171.0,60069771,60000315,60000188,,,,,,,,,,,Scrambled,True,2025-11-12T21:04:54,840.0,839.0,,,ESPN+,False,-138.0,-136.0,-137.0,-137.0,2025-11-13T00:00:00,1123.0,"{'StadiumID': 328, 'Active': True, 'Name': 'University Arena (MI)', 'Address': None, 'City': 'Kalamazoo', 'State': 'MI', 'Zip': None, 'Country': None, 'Capacity': 5421, 'GeoLat': 42.283372, 'GeoLong': -85.60845}","[{'PeriodID': 117171, 'GameID': 69771, 'Number': 1, 'Name': '1', 'Type': 'Half', 'AwayScore': 46, 'HomeScore': 39}, {'PeriodID': 117202, 'GameID': 69771, 'Number': 2, 'Name': '2', 'Type': 'Half', 'AwayScore': 42, 'HomeScore': 63}]"
21,69772,2026,1,Final,2025-11-12T00:00:00,2025-11-12T19:00:00,NKENT,ETNST,154,282,78.0,92.0,2025-11-13T00:34:31,F,0.0,0.0,-8.0,175.6,280.0,-350.0,60069772,60000154,60000282,,,,,,,,,,,Scrambled,True,2025-11-12T21:01:34,848.0,846.0,,,ESPN+,False,-134.0,-138.0,-138.0,-136.0,2025-11-13T00:00:00,2307.0,"{'StadiumID': 274, 'Active': True, 'Name': 'Freedom Hall Civic Center', 'Address': None, 'City': 'Johnson City', 'State': 'TN', 'Zip': None, 'Country': None, 'Capacity': 6149, 'GeoLat': 36.324444, 'GeoLong': -82.375}","[{'PeriodID': 117164, 'GameID': 69772, 'Number': 1, 'Name': '1', 'Type': 'Half', 'AwayScore': 39, 'HomeScore': 41}, {'PeriodID': 117185, 'GameID': 69772, 'Number': 2, 'Name': '2', 'Type': 'Half', 'AwayScore': 38, 'HomeScore': 52}]"
22,69773,2026,1,Final,2025-11-12T00:00:00,2025-11-12T19:00:00,HANO,BELLA,1126,1025,68.0,116.0,2025-11-13T00:34:31,F,0.0,0.0,,,,,60069773,60001126,60001025,,,,,,,,,,,Scrambled,True,2025-11-12T20:50:54,,,,,ESPN+,False,,,,,2025-11-13T00:00:00,724.0,"{'StadiumID': 480, 'Active': True, 'Name': 'Knights Hall', 'Address': None, 'City': 'Louisville', 'State': 'KY', 'Zip': None, 'Country': None, 'Capacity': 2196, 'GeoLat': 38.2198, 'GeoLong': -85.703}","[{'PeriodID': 117172, 'GameID': 69773, 'Number': 1, 'Name': '1', 'Type': 'Half', 'AwayScore': 31, 'HomeScore': 51}, {'PeriodID': 117191, 'GameID': 69773, 'Number': 2, 'Name': '2', 'Type': 'Half', 'AwayScore': 37, 'HomeScore': 65}]"
23,69774,2026,1,Final,2025-11-12T00:00:00,2025-11-12T20:00:00,ARLR,MARQ,323,65,60.0,110.0,2025-11-13T00:34:31,F,0.0,0.0,-26.5,191.6,2209.0,-6776.0,60069774,60000323,60000065,,,,,,,,,,,Scrambled,True,2025-11-12T21:58:31,860.0,859.0,,,ESPN+,False,-137.0,-136.0,-133.0,-139.0,2025-11-13T01:00:00,13358.0,"{'StadiumID': 74, 'Active': True, 'Name': 'Fiserv Forum', 'Address': None, 'City': 'Milwaukee', 'State': 'WI', 'Zip': None, 'Country': None, 'Capacity': 17341, 'GeoLat': 43.045028, 'GeoLong': -87.918167}","[{'PeriodID': 117200, 'GameID': 69774, 'Number': 1, 'Name': '1', 'Type': 'Half', 'AwayScore': 36, 'HomeScore': 57}, {'PeriodID': 117226, 'GameID': 69774, 'Number': 2, 'Name': '2', 'Type': 'Half', 'AwayScore': 25, 'HomeScore': 53}]"
24,69775,2026,1,Final,2025-11-12T00:00:00,2025-11-12T20:00:00,MTNST,EVANS,135,203,95.0,89.0,2025-11-13T00:34:31,F,0.0,0.0,-3.1,173.1,145.0,-176.0,60069775,60000135,60000203,,,,,,,,,,,Scrambled,True,2025-11-12T22:11:41,872.0,871.0,,,ESPN+,False,-137.0,-136.0,-137.0,-137.0,2025-11-13T01:00:00,4123.0,"{'StadiumID': 297, 'Active': True, 'Name': 'Ford Center', 'Address': None, 'City': 'Evansville', 'State': 'IN', 'Zip': None, 'Country': None, 'Capacity': 8930, 'GeoLat': 37.972189, 'GeoLong': -87.567844}","[{'PeriodID': 117195, 'GameID': 69775, 'Number': 1, 'Name': '1', 'Type': 'Half', 'AwayScore': 44, 'HomeScore': 34}, {'PeriodID': 117223, 'GameID': 69775, 'Number': 2, 'Name': '2', 'Type': 'Half', 'AwayScore': 51, 'HomeScore': 54}]"
25,69776,2026,1,Final,2025-11-12T00:00:00,2025-11-12T19:00:00,COPPST,SFL,200,11,62.0,123.0,2025-11-13T00:34:31,F,0.0,0.0,-42.5,206.4,5544.0,-61600.0,60069776,60000200,60000011,,,,,,,,,,,Scrambled,True,2025-11-12T20:59:45,377707.0,377705.0,,,ESPN+,False,-139.0,-133.0,-138.0,-136.0,2025-11-13T00:00:00,3208.0,"{'StadiumID': 21, 'Active': True, 'Name': 'Yuengling Center', 'Address': None, 'City': 'Tampa', 'State': 'FL', 'Zip': None, 'Country': None, 'Capacity': 10411, 'GeoLat': 28.059236, 'GeoLong': -82.406472}","[{'PeriodID': 117174, 'GameID': 69776, 'Number': 1, 'Name': '1', 'Type': 'Half', 'AwayScore': 28, 'HomeScore': 60}, {'PeriodID': 117213, 'GameID': 69776, 'Number': 2, 'Name': '2', 'Type': 'Half', 'AwayScore': 33, 'HomeScore': 63}]"
26,69777,2026,1,Canceled,2025-11-12T00:00:00,2025-11-12T18:00:00,VIR,VAMIL,22,290,,,2025-10-18T05:58:34,,,,,,,,60069777,60000022,60000290,,,,,,,,,,,Scrambled,False,,,,,,,False,,,,,2025-11-12T23:00:00,,"{'StadiumID': 214, 'Active': True, 'Name': 'Cameron Hall', 'Address': None, 'City': 'Lexington', 'State': 'VA', 'Zip': None, 'Country': None, 'Capacity': 5000, 'GeoLat': 37.788333, 'GeoLong': -79.436389}",[]
27,69778,2026,1,Final,2025-11-12T00:00:00,2025-11-12T22:00:00,LBST,PACFC,117,339,81.0,85.0,2025-11-13T00:34:31,F,0.0,0.0,-14.8,174.3,691.0,-1052.0,60069778,60000117,60000339,,,,,,,,,,,Scrambled,True,2025-11-13T00:10:45,894.0,893.0,,,ESPN+,False,-134.0,-140.0,-137.0,-138.0,2025-11-13T03:00:00,1232.0,"{'StadiumID': 261, 'Active': True, 'Name': 'Alex G. Spanos Center', 'Address': None, 'City': 'Stockton', 'State': 'CA', 'Zip': None, 'Country': None, 'Capacity': 6150, 'GeoLat': 37.976669, 'GeoLong': -121.315095}","[{'PeriodID': 117247, 'GameID': 69778, 'Number': 1, 'Name': '1', 'Type': 'Half', 'AwayScore': 37, 'HomeScore': 31}, {'PeriodID': 117260, 'GameID': 69778, 'Number': 2, 'Name': '2', 'Type': 'Half', 'AwayScore': 44, 'HomeScore': 54}]"
28,70257,2026,1,Final,2025-11-12T00:00:00,2025-11-12T21:00:00,CALPOL,COLST,122,217,97.0,115.0,2025-11-13T00:34:31,F,0.0,0.0,-23.4,203.3,1498.0,-3434.0,60070257,60000122,60000217,,,,,,,,,,,Scrambled,True,2025-11-12T23:06:57,880.0,878.0,,,MWN,False,-139.0,-134.0,-136.0,-139.0,2025-11-13T02:00:00,5908.0,"{'StadiumID': 155, 'Active': True, 'Name': 'Moby Arena', 'Address': None, 'City': 'Fort Collins', 'State': 'CO', 'Zip': None, 'Country': None, 'Capacity': 8083, 'GeoLat': 40.575669, 'GeoLong': -105.093403}","[{'PeriodID': 117230, 'GameID': 70257, 'Number': 1, 'Name': '1', 'Type': 'Half', 'AwayScore': 46, 'HomeScore': 58}, {'PeriodID': 117251, 'GameID': 70257, 'Number': 2, 'Name': '2', 'Type': 'Half', 'AwayScore': 52, 'HomeScore': 57}]"
29,70358,2026,1,Final,2025-11-12T00:00:00,2025-11-12T21:30:00,NTX,OREGST,141,252,79.0,81.0,2025-11-13T00:34:31,F,0.0,0.0,-4.3,164.5,181.0,-223.0,60070358,60000141,60000252,,,,,,,,,,,Scrambled,True,2025-11-12T23:39:07,887.0,886.0,,,ESPN+,False,-138.0,-136.0,-136.0,-138.0,2025-11-13T02:30:00,2561.0,"{'StadiumID': 70, 'Active': True, 'Name': 'Gill Coliseum', 'Address': None, 'City': 'Corvallis', 'State': 'OR', 'Zip': None, 'Country': None, 'Capacity': 9301, 'GeoLat': 44.5613, 'GeoLong': -123.2805}","[{'PeriodID': 117242, 'GameID': 70358, 'Number': 1, 'Name': '1', 'Type': 'Half', 'AwayScore': 36, 'HomeScore': 26}, {'PeriodID': 117256, 'GameID': 70358, 'Number': 2, 'Name': '2', 'Type': 'Half', 'AwayScore': 43, 'HomeScore': 55}]"
30,70359,2026,1,Canceled,2025-11-12T00:00:00,,HAWAII,DXST,115,750,,,2025-10-05T01:21:30,,,,,,,,60070359,60000115,60000750,,,,,,,,,,,Scrambled,False,,,,,,,False,,,,,,,"{'StadiumID': 482, 'Active': True, 'Name': 'Burns Arena', 'Address': None, 'City': 'St. George', 'State': 'UT', 'Zip': None, 'Country': None, 'Capacity': 4779, 'GeoLat': 37.101389, 'GeoLong': -113.566944}",[]
31,70577,2026,1,Final,2025-11-12T00:00:00,2025-11-13T00:00:00,MSVLST,HAWAII,308,115,69.0,108.0,2025-11-13T02:22:14,F,0.0,0.0,-51.1,186.6,,,60070577,60000308,60000115,,,,,,,,,,,Scrambled,True,2025-11-13T01:54:16,377726.0,377725.0,,,SPEC,False,-137.0,-137.0,-136.0,-138.0,2025-11-13T05:00:00,4091.0,"{'StadiumID': 142, 'Active': True, 'Name': 'Stan Sheriff Center', 'Address': None, 'City': 'Honolulu', 'State': 'HI', 'Zip': None, 'Country': None, 'Capacity': 10300, 'GeoLat': 21.294292, 'GeoLong': -157.818875}","[{'PeriodID': 117263, 'GameID': 70577, 'Number': 1, 'Name': '1', 'Type': 'Half', 'AwayScore': 28, 'HomeScore': 60}, {'PeriodID': 117265, 'GameID': 70577, 'Number': 2, 'Name': '2', 'Type': 'Half', 'AwayScore': 41, 'HomeScore': 48}]"
32,70578,2026,1,Final,2025-11-12T00:00:00,2025-11-12T20:00:00,OAK,HOU,149,6,55.0,96.0,2025-11-13T00:34:31,F,0.0,0.0,-37.6,170.6,3450.0,-16016.0,60070578,60000149,60000006,,,,,,,,,,,Scrambled,True,2025-11-12T21:57:10,865.0,864.0,,,ESPN+,False,-136.0,-138.0,-134.0,-139.0,2025-11-13T01:00:00,7035.0,"{'StadiumID': 343, 'Active': True, 'Name': 'Fertitta Center', 'Address': None, 'City': 'Houston', 'State': 'TX', 'Zip': None, 'Country': None, 'Capacity': 7035, 'GeoLat': 29.724722, 'GeoLong': -95.346944}","[{'PeriodID': 117199, 'GameID': 70578, 'Number': 1, 'Name': '1', 'Type': 'Half', 'AwayScore': 21, 'HomeScore': 48}, {'PeriodID': 117235, 'GameID': 70578, 'Number': 2, 'Name': '2', 'Type': 'Half', 'AwayScore': 34, 'HomeScore': 48}]"
33,70994,2026,1,Final,2025-11-12T00:00:00,2025-11-12T21:30:00,SDKST,ORE,314,245,85.0,102.0,2025-11-13T00:34:31,F,0.0,0.0,-20.3,179.3,1253.0,-2559.0,60070994,60000314,60000245,,,,,,,,,,,Scrambled,True,2025-11-12T23:28:44,890.0,888.0,,,PEAC,False,-138.0,-134.0,-137.0,-136.0,2025-11-13T02:30:00,5019.0,"{'StadiumID': 9, 'Active': True, 'Name': 'Matthew Knight Arena', 'Address': None, 'City': 'Eugene', 'State': 'OR', 'Zip': None, 'Country': None, 'Capacity': 12364, 'GeoLat': 44.045, 'GeoLong': -123.066}","[{'PeriodID': 117240, 'GameID': 70994, 'Number': 1, 'Name': '1', 'Type': 'Half', 'AwayScore': 42, 'HomeScore': 49}, {'PeriodID': 117257, 'GameID': 70994, 'Number': 2, 'Name': '2', 'Type': 'Half', 'AwayScore': 43, 'HomeScore': 53}]"
34,70995,2026,1,Final,2025-11-12T00:00:00,2025-11-12T19:00:00,ELON,MARSH,130,136,110.0,118.0,2025-11-13T00:34:31,F,0.0,0.0,-11.7,191.6,451.0,-607.0,60070995,60000130,60000136,,,,,,,,,,,Scrambled,True,2025-11-12T21:06:19,845.0,844.0,,,ESPN+,False,-139.0,-134.0,-136.0,-136.0,2025-11-13T00:00:00,3797.0,"{'StadiumID': 179, 'Active': True, 'Name': 'Cam Henderson Center', 'Address': None, 'City': 'Huntington', 'State': 'WV', 'Zip': None, 'Country': None, 'Capacity': 9043, 'GeoLat': 38.424908, 'GeoLong': -82.426575}","[{'PeriodID': 117170, 'GameID': 70995, 'Number': 1, 'Name': '1', 'Type': 'Half', 'AwayScore': 53, 'HomeScore': 55}, {'PeriodID': 117210, 'GameID': 70995, 'Number': 2, 'Name': '2', 'Type': 'Half', 'AwayScore': 57, 'HomeScore': 63}]"
35,70996,2026,1,Final,2025-11-12T00:00:00,2025-11-12T20:00:00,MINNST,MISSR,104,280,74.0,102.0,2025-11-13T00:34:31,F,0.0,0.0,-9.2,195.3,313.0,-402.0,60070996,60000104,60000280,,,,,,,,,,,Scrambled,True,2025-11-12T21:59:51,875.0,873.0,,,SEC,False,-139.0,-136.0,-136.0,-136.0,2025-11-13T01:00:00,8969.0,"{'StadiumID': 62, 'Active': True, 'Name': 'Mizzou Arena', 'Address': None, 'City': 'Columbia', 'State': 'MO', 'Zip': None, 'Country': None, 'Capacity': 15061, 'GeoLat': 38.93237, 'GeoLong': -92.33303}","[{'PeriodID': 117187, 'GameID': 70996, 'Number': 1, 'Name': '1', 'Type': 'Half', 'AwayScore': 37, 'HomeScore': 39}, {'PeriodID': 117225, 'GameID': 70996, 'Number': 2, 'Name': '2', 'Type': 'Half', 'AwayScore': 37, 'HomeScore': 63}]"
36,70997,2026,1,Final,2025-11-12T00:00:00,2025-11-12T20:00:00,SAMF,TXS,289,304,115.0,111.0,2025-11-13T00:34:31,F,0.0,0.0,3.0,189.1,-169.0,138.0,60070997,60000289,60000304,,,,,,,,,,,Scrambled,True,2025-11-12T22:47:23,377716.0,377715.0,,,ESPN+,False,-136.0,-139.0,-136.0,-136.0,2025-11-13T01:00:00,275.0,"{'StadiumID': 153, 'Active': True, 'Name': 'H&PE Arena', 'Address': None, 'City': 'Houston', 'State': 'TX', 'Zip': None, 'Country': None, 'Capacity': 8100, 'GeoLat': 29.722778, 'GeoLong': -95.365278}","[{'PeriodID': 117217, 'GameID': 70997, 'Number': 1, 'Name': '1', 'Type': 'Half', 'AwayScore': 54, 'HomeScore': 48}, {'PeriodID': 117243, 'GameID': 70997, 'Number': 2, 'Name': '2', 'Type': 'Half', 'AwayScore': 47, 'HomeScore': 53}, {'PeriodID': 117254, 'GameID': 70997, 'Number': 3, 'Name': 'OT', 'Type': 'Overtime', 'AwayScore': 14, 'HomeScore': 12}]"
37,70998,2026,1,Final,2025-11-12T00:00:00,2025-11-12T19:00:00,PRESB,SC,89,267,75.0,100.0,2025-11-13T00:34:31,F,0.0,0.0,-19.1,169.4,1225.0,-2545.0,60070998,60000089,60000267,,,,,,,,,,,Scrambled,True,2025-11-12T20:55:27,377702.0,377700.0,,,SEC,False,-134.0,-140.0,-134.0,-139.0,2025-11-13T00:00:00,11874.0,"{'StadiumID': 33, 'Active': True, 'Name': 'Colonial Life Arena', 'Address': None, 'City': 'Columbia', 'State': 'SC', 'Zip': None, 'Country': None, 'Capacity': 18000, 'GeoLat': 33.995, 'GeoLong': -81.037222}","[{'PeriodID': 117158, 'GameID': 70998, 'Number': 1, 'Name': '1', 'Type': 'Half', 'AwayScore': 27, 'HomeScore': 51}, {'PeriodID': 117204, 'GameID': 70998, 'Number': 2, 'Name': '2', 'Type': 'Half', 'AwayScore': 48, 'HomeScore': 49}]"
38,70999,2026,1,Final,2025-11-12T00:00:00,2025-11-12T21:00:00,WEBST,UTAHST,69,220,90.0,102.0,2025-11-13T00:34:31,F,0.0,0.0,-27.7,192.8,2076.0,-10173.0,60070999,60000069,60000220,,,,,,,,,,,Scrambled,True,2025-11-12T23:08:04,885.0,883.0,,,MWN,False,-139.0,-136.0,-137.0,-137.0,2025-11-13T02:00:00,9124.0,"{'StadiumID': 138, 'Active': True, 'Name': 'Dee Glen Smith Spectrum', 'Address': None, 'City': 'Logan', 'State': 'UT', 'Zip': None, 'Country': None, 'Capacity': 10270, 'GeoLat': 41.748, 'GeoLong': -111.812}","[{'PeriodID': 117232, 'GameID': 70999, 'Number': 1, 'Name': '1', 'Type': 'Half', 'AwayScore': 51, 'HomeScore': 51}, {'PeriodID': 117253, 'GameID': 70999, 'Number': 2, 'Name': '2', 'Type': 'Half', 'AwayScore': 39, 'HomeScore': 52}]"
39,71000,2026,1,Final,2025-11-12T00:00:00,2025-11-12T22:00:00,PORTST,SF,76,338,86.0,99.0,2025-11-13T00:34:31,F,0.0,0.0,-16.0,190.3,739.0,-1153.0,60071000,60000076,60000338,,,,,,,,,,,Scrambled,True,2025-11-13T00:18:04,902.0,901.0,,,ESPN+,False,-139.0,-136.0,-137.0,-137.0,2025-11-13T03:00:00,1123.0,"{'StadiumID': 160, 'Active': True, 'Name': 'War Memorial Gymnasium', 'Address': None, 'City': 'San Francisco', 'State': 'CA', 'Zip': None, 'Country': None, 'Capacity': 3006, 'GeoLat': 37.776944, 'GeoLong': -122.449444}","[{'PeriodID': 117245, 'GameID': 71000, 'Number': 1, 'Name': '1', 'Type': 'Half', 'AwayScore': 25, 'HomeScore': 44}, {'PeriodID': 117262, 'GameID': 71000, 'Number': 2, 'Name': '2', 'Type': 'Half', 'AwayScore': 62, 'HomeScore': 54}]"
40,71001,2026,1,Final,2025-11-12T00:00:00,2025-11-12T19:00:00,PSSHEN,AKRON,1408,177,63.0,134.0,2025-11-13T00:34:31,F,0.0,0.0,,,,,60071001,60001408,60000177,,,,,,,,,,,Scrambled,True,2025-11-12T20:43:55,,,,,,False,,,,,2025-11-13T00:00:00,1108.0,"{'StadiumID': 295, 'Active': True, 'Name': 'James A. Rhodes Arena', 'Address': None, 'City': 'Akron', 'State': 'OH', 'Zip': None, 'Country': None, 'Capacity': 5500, 'GeoLat': 41.075833, 'GeoLong': -81.508611}","[{'PeriodID': 117177, 'GameID': 71001, 'Number': 1, 'Name': '1', 'Type': 'Half', 'AwayScore': 28, 'HomeScore': 62}, {'PeriodID': 117182, 'GameID': 71001, 'Number': 2, 'Name': '2', 'Type': 'Half', 'AwayScore': 34, 'HomeScore': 73}]"
41,71002,2026,1,Final,2025-11-12T00:00:00,2025-11-12T19:00:00,BOB,SCUP,432,43,65.0,140.0,2025-11-13T00:34:31,F,0.0,0.0,,,,,60071002,60000432,60000043,,,,,,,,,,,Scrambled,True,2025-11-12T20:45:48,,,,,ESPN+,False,,,,,2025-11-13T00:00:00,373.0,"{'StadiumID': 303, 'Active': True, 'Name': 'Hodge Center', 'Address': None, 'City': 'Spartanburg', 'State': 'SC', 'Zip': None, 'Country': None, 'Capacity': 837, 'GeoLat': 34.996696, 'GeoLong': -81.968774}","[{'PeriodID': 117166, 'GameID': 71002, 'Number': 1, 'Name': '1', 'Type': 'Half', 'AwayScore': 34, 'HomeScore': 59}, {'PeriodID': 117183, 'GameID': 71002, 'Number': 2, 'Name': '2', 'Type': 'Half', 'AwayScore': 31, 'HomeScore': 81}]"
42,71003,2026,1,Final,2025-11-12T00:00:00,2025-11-12T19:00:00,JMAD,LONGWD,126,87,89.0,101.0,2025-11-12T21:28:36,F,0.0,0.0,-1.2,184.2,-139.0,-134.0,60071003,60000126,60000087,,,,,,,,,,,Scrambled,True,2025-11-12T21:22:51,377709.0,377708.0,,,ESPN+,False,-145.0,-131.0,-139.0,-134.0,2025-11-13T00:00:00,,"{'StadiumID': 576, 'Active': True, 'Name': 'Joan Perry Brock Center', 'Address': None, 'City': 'Farmville', 'State': 'VA', 'Zip': None, 'Country': None, 'Capacity': 3000, 'GeoLat': None, 'GeoLong': None}","[{'PeriodID': 117169, 'GameID': 71003, 'Number': 1, 'Name': '1', 'Type': 'Half', 'AwayScore': 43, 'HomeScore': 54}, {'PeriodID': 117214, 'GameID': 71003, 'Number': 2, 'Name': '2', 'Type': 'Half', 'AwayScore': 46, 'HomeScore': 47}]"
43,71004,2026,1,Final,2025-11-12T00:00:00,2025-11-12T20:00:00,UTSA,TXST,147,332,85.0,99.0,2025-11-13T00:34:31,F,0.0,0.0,-3.7,181.7,153.0,-186.0,60071004,60000147,60000332,,,,,,,,,,,Scrambled,True,2025-11-12T22:07:15,857.0,856.0,,,ESPN+,False,-138.0,-136.0,-138.0,-134.0,2025-11-13T01:00:00,2752.0,"{'StadiumID': 131, 'Active': True, 'Name': 'Strahan Arena at the University Events Center', 'Address': None, 'City': 'San Marcos', 'State': 'TX', 'Zip': None, 'Country': None, 'Capacity': 10000, 'GeoLat': 29.888611, 'GeoLong': -97.932778}","[{'PeriodID': 117193, 'GameID': 71004, 'Number': 1, 'Name': '1', 'Type': 'Half', 'AwayScore': 32, 'HomeScore': 47}, {'PeriodID': 117234, 'GameID': 71004, 'Number': 2, 'Name': '2', 'Type': 'Half', 'AwayScore': 53, 'HomeScore': 52}]"
44,71005,2026,1,Final,2025-11-12T00:00:00,2025-11-12T20:00:00,WSTMUT,UTAHV,633,348,74.0,112.0,2025-11-13T00:34:31,F,0.0,0.0,,,,,60071005,60000633,60000348,,,,,,,,,,,Scrambled,True,2025-11-12T21:59:11,,,,,ESPN+,False,,,,,2025-11-13T01:00:00,2114.0,"{'StadiumID': 276, 'Active': True, 'Name': 'UCCU Center', 'Address': None, 'City': 'Orem', 'State': 'UT', 'Zip': None, 'Country': None, 'Capacity': 7500, 'GeoLat': 40.278724, 'GeoLong': -111.716956}","[{'PeriodID': 117197, 'GameID': 71005, 'Number': 1, 'Name': '1', 'Type': 'Half', 'AwayScore': 36, 'HomeScore': 53}, {'PeriodID': 117236, 'GameID': 71005, 'Number': 2, 'Name': '2', 'Type': 'Half', 'AwayScore': 38, 'HomeScore': 59}]"
45,71006,2026,1,Final,2025-11-12T00:00:00,2025-11-12T21:00:00,UCSD,FREST,1007,213,96.0,90.0,2025-11-13T00:34:31,F,0.0,0.0,-1.8,183.0,126.0,-154.0,60071006,60001007,60000213,,,,,,,,,,,Scrambled,True,2025-11-12T23:06:00,882.0,881.0,,,MWN,False,-133.0,-139.0,-134.0,-139.0,2025-11-13T02:00:00,2950.0,"{'StadiumID': 314, 'Active': True, 'Name': 'Save Mart Center', 'Address': None, 'City': 'Fresno', 'State': 'CA', 'Zip': None, 'Country': None, 'Capacity': 15596, 'GeoLat': 36.809722, 'GeoLong': -119.738611}","[{'PeriodID': 117231, 'GameID': 71006, 'Number': 1, 'Name': '1', 'Type': 'Half', 'AwayScore': 52, 'HomeScore': 37}, {'PeriodID': 117250, 'GameID': 71006, 'Number': 2, 'Name': '2', 'Type': 'Half', 'AwayScore': 44, 'HomeScore': 53}]"
46,71619,2026,1,Final,2025-11-12T00:00:00,2025-11-12T20:00:00,EKENT,VAND,237,273,76.0,113.0,2025-11-13T00:34:31,F,0.0,0.0,-35.1,208.8,4620.0,-43120.0,60071619,60000237,60000273,,,,,,,,,,,Scrambled,True,2025-11-12T21:54:39,377711.0,377710.0,,,SEC,False,-136.0,-139.0,-137.0,-138.0,2025-11-13T01:00:00,5667.0,"{'StadiumID': 75, 'Active': True, 'Name': 'Memorial Gymnasium (TN)', 'Address': None, 'City': 'Nashville', 'State': 'TN', 'Zip': None, 'Country': None, 'Capacity': 14316, 'GeoLat': 36.144611, 'GeoLong': -86.80742}","[{'PeriodID': 117194, 'GameID': 71619, 'Number': 1, 'Name': '1', 'Type': 'Half', 'AwayScore': 33, 'HomeScore': 55}, {'PeriodID': 117228, 'GameID': 71619, 'Number': 2, 'Name': '2', 'Type': 'Half', 'AwayScore': 43, 'HomeScore': 58}]"
47,71620,2026,1,Final,2025-11-12T00:00:00,2025-11-12T19:00:00,POINT,KENEST,1076,42,74.0,137.0,2025-11-13T00:34:31,F,0.0,0.0,,,,,60071620,60001076,60000042,,,,,,,,,,,Scrambled,True,2025-11-12T21:02:25,,,,,ESPN+,False,,,,,2025-11-13T00:00:00,1805.0,"{'StadiumID': 275, 'Active': True, 'Name': 'KSU Convocation Center', 'Address': None, 'City': 'Kennesaw', 'State': 'GA', 'Zip': None, 'Country': None, 'Capacity': 4600, 'GeoLat': 34.036924, 'GeoLong': -84.580329}","[{'PeriodID': 117175, 'GameID': 71620, 'Number': 1, 'Name': '1', 'Type': 'Half', 'AwayScore': 44, 'HomeScore': 64}, {'PeriodID': 117215, 'GameID': 71620, 'Number': 2, 'Name': '2', 'Type': 'Half', 'AwayScore': 30, 'HomeScore': 73}]"
48,71621,2026,1,Final,2025-11-12T00:00:00,2025-11-12T20:00:00,TULSA,ORAL,5,320,108.0,107.0,2025-11-13T00:34:31,F,0.0,0.0,8.3,196.5,-346.0,275.0,60071621,60000005,60000320,,,,,,,,,,,Scrambled,True,2025-11-12T22:16:21,870.0,869.0,,,KGEB,False,-138.0,-132.0,-140.0,-134.0,2025-11-13T01:00:00,5467.0,"{'StadiumID': 204, 'Active': True, 'Name': 'Mabee Center', 'Address': None, 'City': 'Tulsa', 'State': 'OK', 'Zip': None, 'Country': None, 'Capacity': 8781, 'GeoLat': 36.04789, 'GeoLong': -95.95573}","[{'PeriodID': 117203, 'GameID': 71621, 'Number': 1, 'Name': '1', 'Type': 'Half', 'AwayScore': 55, 'HomeScore': 60}, {'PeriodID': 117224, 'GameID': 71621, 'Number': 2, 'Name': '2', 'Type': 'Half', 'AwayScore': 53, 'HomeScore': 47}]"
49,71959,2026,1,Final,2025-11-12T00:00:00,2025-11-12T19:00:00,BLUE,NCC,929,197,75.0,95.0,2025-11-13T00:34:31,F,0.0,0.0,,,,,60071959,60000929,60000197,,,,,,,,,,,Scrambled,True,2025-11-12T21:00:02,,,,,ESPN+,False,,,,,2025-11-13T00:00:00,1543.0,"{'StadiumID': 337, 'Active': True, 'Name': 'McDougald-McLendon Arena', 'Address': None, 'City': 'Durham', 'State': 'NC', 'Zip': None, 'Country': None, 'Capacity': 3500, 'GeoLat': 35.975884, 'GeoLong': -78.897745}","[{'PeriodID': 117167, 'GameID': 71959, 'Number': 1, 'Name': '1', 'Type': 'Half', 'AwayScore': 41, 'HomeScore': 49}, {'PeriodID': 117208, 'GameID': 71959, 'Number': 2, 'Name': '2', 'Type': 'Half', 'AwayScore': 34, 'HomeScore': 46}]"
50,71997,2026,1,Final,2025-11-12T00:00:00,2025-11-12T22:00:00,SILL,NEVADA,205,216,100.0,106.0,2025-11-13T01:36:07,F,0.0,0.0,-14.2,187.3,586.0,-855.0,60071997,60000205,60000216,,,,,,,,,,,Scrambled,True,2025-11-13T00:28:20,897.0,896.0,,,MWN,False,-138.0,-134.0,-136.0,-138.0,2025-11-13T03:00:00,7001.0,"{'StadiumID': 5, 'Active': True, 'Name': 'Lawlor Events Center', 'Address': None, 'City': 'Reno', 'State': 'NV', 'Zip': None, 'Country': None, 'Capacity': 11536, 'GeoLat': 39.545069, 'GeoLong': -119.818269}","[{'PeriodID': 117249, 'GameID': 71997, 'Number': 1, 'Name': '1', 'Type': 'Half', 'AwayScore': 42, 'HomeScore': 39}, {'PeriodID': 117261, 'GameID': 71997, 'Number': 2, 'Name': '2', 'Type': 'Half', 'AwayScore': 47, 'HomeScore': 49}, {'PeriodID': 117264, 'GameID': 71997, 'Number': 3, 'Name': 'OT', 'Type': 'Overtime', 'AwayScore': 11, 'HomeScore': 17}]"
51,71998,2026,1,Final,2025-11-12T00:00:00,2025-11-12T20:30:00,TMRT,BRADLY,241,210,96.0,83.0,2025-11-13T00:34:31,F,0.0,0.0,-19.1,177.4,1247.0,-2633.0,60071998,60000241,60000210,,,,,,,,,,,Scrambled,True,2025-11-12T22:50:02,877.0,876.0,,,ESPN+,False,-138.0,-136.0,-139.0,-136.0,2025-11-13T01:30:00,5096.0,"{'StadiumID': 149, 'Active': True, 'Name': 'Carver Arena', 'Address': None, 'City': 'Peoria', 'State': 'IL', 'Zip': None, 'Country': None, 'Capacity': 11060, 'GeoLat': 41.663611, 'GeoLong': -91.554444}","[{'PeriodID': 117220, 'GameID': 71998, 'Number': 1, 'Name': '1', 'Type': 'Half', 'AwayScore': 42, 'HomeScore': 44}, {'PeriodID': 117244, 'GameID': 71998, 'Number': 2, 'Name': '2', 'Type': 'Half', 'AwayScore': 54, 'HomeScore': 38}]"
52,72049,2026,1,Final,2025-11-12T00:00:00,2025-11-12T19:30:00,WEBSTER,SEMST,1141,243,51.0,107.0,2025-11-13T00:34:31,F,0.0,0.0,,,,,60072049,60001141,60000243,,,,,,,,,,,Scrambled,True,2025-11-12T21:21:03,,,,,ESPN+,False,,,,,2025-11-13T00:30:00,1375.0,"{'StadiumID': 340, 'Active': True, 'Name': 'Show Me Center', 'Address': None, 'City': 'Cape Girardeau', 'State': 'MO', 'Zip': None, 'Country': None, 'Capacity': 7373, 'GeoLat': 37.32, 'GeoLong': -89.5271}","[{'PeriodID': 117180, 'GameID': 72049, 'Number': 1, 'Name': '1', 'Type': 'Half', 'AwayScore': 27, 'HomeScore': 57}, {'PeriodID': 117219, 'GameID': 72049, 'Number': 2, 'Name': '2', 'Type': 'Half', 'AwayScore': 23, 'HomeScore': 51}]"
53,72050,2026,1,Final,2025-11-12T00:00:00,2025-11-12T20:00:00,SCHO,NDKST,1464,318,47.0,137.0,2025-11-13T00:34:31,F,0.0,0.0,,,,,60072050,60001464,60000318,,,,,,,,,,,Scrambled,True,2025-11-12T21:42:38,,,,,Summ,False,,,,,2025-11-13T01:00:00,723.0,"{'StadiumID': 178, 'Active': True, 'Name': 'Scheels Center', 'Address': None, 'City': 'Fargo', 'State': 'ND', 'Zip': None, 'Country': None, 'Capacity': 5644, 'GeoLat': 46.900442, 'GeoLong': -96.799025}","[{'PeriodID': 117205, 'GameID': 72050, 'Number': 1, 'Name': '1', 'Type': 'Half', 'AwayScore': 25, 'HomeScore': 62}, {'PeriodID': 117221, 'GameID': 72050, 'Number': 2, 'Name': '2', 'Type': 'Half', 'AwayScore': 22, 'HomeScore': 75}]"
54,72351,2026,1,Final,2025-11-12T00:00:00,2025-11-12T21:30:00,MANH,DXST,171,750,97.0,92.0,2025-11-12T23:21:15,F,0.0,0.0,-3.1,195.3,149.0,-182.0,60072351,60000171,60000750,,,,,,,,,,,Scrambled,True,2025-11-12T23:15:49,891.0,892.0,,,,True,-134.0,-137.0,-136.0,-136.0,2025-11-13T02:30:00,,"{'StadiumID': 142, 'Active': True, 'Name': 'Stan Sheriff Center', 'Address': None, 'City': 'Honolulu', 'State': 'HI', 'Zip': None, 'Country': None, 'Capacity': 10300, 'GeoLat': 21.294292, 'GeoLong': -157.818875}","[{'PeriodID': 117241, 'GameID': 72351, 'Number': 1, 'Name': '1', 'Type': 'Half', 'AwayScore': 42, 'HomeScore': 44}, {'PeriodID': 117255, 'GameID': 72351, 'Number': 2, 'Name': '2', 'Type': 'Half', 'AwayScore': 55, 'HomeScore': 48}]"
55,72628,2026,1,Final,2025-11-12T00:00:00,2025-11-12T18:00:00,VULYN,VAMIL,1147,290,67.0,131.0,2025-11-13T00:34:31,F,0.0,0.0,,,,,60072628,60001147,60000290,,,,,,,,,,,Scrambled,True,2025-11-12T20:01:08,,,,,ESPN+,False,,,,,2025-11-12T23:00:00,1035.0,"{'StadiumID': 214, 'Active': True, 'Name': 'Cameron Hall', 'Address': None, 'City': 'Lexington', 'State': 'VA', 'Zip': None, 'Country': None, 'Capacity': 5000, 'GeoLat': 37.788333, 'GeoLong': -79.436389}","[{'PeriodID': 117156, 'GameID': 72628, 'Number': 1, 'Name': '1', 'Type': 'Half', 'AwayScore': 43, 'HomeScore': 49}, {'PeriodID': 117176, 'GameID': 72628, 'Number': 2, 'Name': '2', 'Type': 'Half', 'AwayScore': 23, 'HomeScore': 81}]"
56,72737,2026,1,Final,2025-11-12T00:00:00,2025-11-12T19:00:00,EMMA,NHAMP,1446,14,85.0,120.0,2025-11-13T00:34:31,F,0.0,0.0,,,,,60072737,60001446,60000014,,,,,,,,,,,Scrambled,True,2025-11-12T21:00:43,,,,,ESPN+,False,,,,,2025-11-13T00:00:00,317.0,"{'StadiumID': 231, 'Active': True, 'Name': 'Lundholm Gymnasium', 'Address': None, 'City': 'Durham', 'State': 'NH', 'Zip': None, 'Country': None, 'Capacity': 2500, 'GeoLat': 43.138611, 'GeoLong': -70.938056}","[{'PeriodID': 117178, 'GameID': 72737, 'Number': 1, 'Name': '1', 'Type': 'Half', 'AwayScore': 36, 'HomeScore': 63}, {'PeriodID': 117211, 'GameID': 72737, 'Number': 2, 'Name': '2', 'Type': 'Half', 'AwayScore': 49, 'HomeScore': 57}]"
0,67623,2026,1,Final,2025-11-11T00:00:00,2025-11-11T19:00:00,BUCK,PRNCE,257,160,84.0,97.0,2025-11-13T00:34:30,F,0.0,0.0,-6.7,195.0,238.0,-291.0,60067623,60000257,60000160,,,,,,,,,,,Scrambled,True,2025-11-11T21:11:48,408002.0,408001.0,,,ESPN+,False,-148.0,-148.0,-148.0,-148.0,2025-11-12T00:00:00,1134.0,"{'StadiumID': 251, 'Active': True, 'Name': 'Jadwin Gymnasium', 'Address': None, 'City': 'Princeton', 'State': 'NJ', 'Zip': None, 'Country': None, 'Capacity': 6854, 'GeoLat': 40.343449, 'GeoLong': -74.648595}","[{'PeriodID': 117023, 'GameID': 67623, 'Number': 1, 'Name': '1', 'Type': 'Half', 'AwayScore': 48, 'HomeScore': 55}, {'PeriodID': 117083, 'GameID': 67623, 'Number': 2, 'Name': '2', 'Type': 'Half', 'AwayScore': 36, 'HomeScore': 43}]"
1,67831,2026,1,Final,2025-11-11T00:00:00,2025-11-11T20:30:00,TXTECH,ILL,111,102,102.0,108.0,2025-11-13T00:34:30,F,0.0,0.0,-4.7,224.9,193.0,-240.0,60067831,60000111,60000102,,,,,,,,,,,Scrambled,True,2025-11-11T22:55:07,862.0,861.0,,,FS1,False,-145.0,-150.0,-150.0,-146.0,2025-11-12T01:30:00,15544.0,"{'StadiumID': 98, 'Active': True, 'Name': 'State Farm Center', 'Address': None, 'City': 'Champaign', 'State': 'IL', 'Zip': None, 'Country': None, 'Capacity': 15544, 'GeoLat': 40.096259, 'GeoLong': -88.235956}","[{'PeriodID': 117103, 'GameID': 67831, 'Number': 1, 'Name': '1', 'Type': 'Half', 'AwayScore': 43, 'HomeScore': 60}, {'PeriodID': 117136, 'GameID': 67831, 'Number': 2, 'Name': '2', 'Type': 'Half', 'AwayScore': 60, 'HomeScore': 48}]"
2,67859,2026,1,Final,2025-11-11T00:00:00,2025-11-11T16:00:00,LIUB,AIRF,229,221,101.0,96.0,2025-11-13T00:34:30,F,0.0,0.0,9.7,183.7,-305.0,245.0,60067859,60000229,60000221,,,,,,,,,,,Scrambled,True,2025-11-11T18:19:51,407954.0,407953.0,,,MWN,False,-145.0,-150.0,-149.0,-146.0,2025-11-11T21:00:00,1089.0,"{'StadiumID': 277, 'Active': True, 'Name': 'Clune Arena', 'Address': None, 'City': 'Colorado Springs', 'State': 'CO', 'Zip': None, 'Country': None, 'Capacity': 5843, 'GeoLat': 39.014, 'GeoLong': -104.8833}","[{'PeriodID': 116994, 'GameID': 67859, 'Number': 1, 'Name': '1', 'Type': 'Half', 'AwayScore': 43, 'HomeScore': 44}, {'PeriodID': 116996, 'GameID': 67859, 'Number': 2, 'Name': '2', 'Type': 'Half', 'AwayScore': 59, 'HomeScore': 52}]"
3,68161,2026,1,Final,2025-11-11T00:00:00,2025-11-11T19:00:00,CENCON,BOSCOL,232,35,80.0,79.0,2025-11-13T00:34:30,F,0.0,0.0,-23.3,181.7,1406.0,-3061.0,60068161,60000232,60000035,,,,,,,,,,,Scrambled,True,2025-11-11T20:58:21,407973.0,407971.0,,,ACC,False,-149.0,-146.0,-146.0,-148.0,2025-11-12T00:00:00,3774.0,"{'StadiumID': 30, 'Active': True, 'Name': 'Silvio Conte Forum', 'Address': None, 'City': 'Chestnut Hill', 'State': 'MA', 'Zip': None, 'Country': None, 'Capacity': 8606, 'GeoLat': 42.335, 'GeoLong': -71.1675}","[{'PeriodID': 117011, 'GameID': 68161, 'Number': 1, 'Name': '1', 'Type': 'Half', 'AwayScore': 35, 'HomeScore': 40}, {'PeriodID': 117070, 'GameID': 68161, 'Number': 2, 'Name': '2', 'Type': 'Half', 'AwayScore': 45, 'HomeScore': 39}]"
4,68162,2026,1,Final,2025-11-11T00:00:00,2025-11-11T19:00:00,PENN,PROV,161,63,108.0,141.0,2025-11-13T00:34:30,F,0.0,0.0,-26.0,229.6,1638.0,-5757.0,60068162,60000161,60000063,,,,,,,,,,,Scrambled,True,2025-11-11T21:05:35,823.0,821.0,,,ESPN+,False,-146.0,-146.0,-148.0,-146.0,2025-11-12T00:00:00,9472.0,"{'StadiumID': 17, 'Active': True, 'Name': 'Amica Mutual Pavilion', 'Address': None, 'City': 'Providence', 'State': 'RI', 'Zip': None, 'Country': None, 'Capacity': 12410, 'GeoLat': 41.823611, 'GeoLong': -71.418333}","[{'PeriodID': 117012, 'GameID': 68162, 'Number': 1, 'Name': '1', 'Type': 'Half', 'AwayScore': 48, 'HomeScore': 64}, {'PeriodID': 117069, 'GameID': 68162, 'Number': 2, 'Name': '2', 'Type': 'Half', 'AwayScore': 60, 'HomeScore': 77}]"
5,68163,2026,1,Final,2025-11-11T00:00:00,2025-11-11T19:00:00,MSTM,STFPA,226,225,98.0,88.0,2025-11-13T00:34:30,F,0.0,0.0,11.5,197.7,-367.0,290.0,60068163,60000226,60000225,,,,,,,,,,,Scrambled,True,2025-11-11T20:54:42,407991.0,407990.0,,,NEC,False,-148.0,-146.0,-146.0,-149.0,2025-11-12T00:00:00,827.0,"{'StadiumID': 125, 'Active': True, 'Name': 'DeGol Arena', 'Address': None, 'City': 'Loretto', 'State': 'PA', 'Zip': None, 'Country': None, 'Capacity': 3500, 'GeoLat': 40.50451, 'GeoLong': -78.643304}","[{'PeriodID': 117013, 'GameID': 68163, 'Number': 1, 'Name': '1', 'Type': 'Half', 'AwayScore': 57, 'HomeScore': 45}, {'PeriodID': 117048, 'GameID': 68163, 'Number': 2, 'Name': '2', 'Type': 'Half', 'AwayScore': 41, 'HomeScore': 43}]"
6,68164,2026,1,Final,2025-11-11T00:00:00,2025-11-11T19:00:00,NEAST,HARVRD,131,164,102.0,80.0,2025-11-13T00:34:30,F,0.0,0.0,-7.3,192.3,253.0,-314.0,60068164,60000131,60000164,,,,,,,,,,,Scrambled,True,2025-11-11T21:00:54,817.0,816.0,,,ESPN+,False,-145.0,-150.0,-145.0,-149.0,2025-11-12T00:00:00,901.0,"{'StadiumID': 118, 'Active': True, 'Name': 'Lavietes Pavilion', 'Address': None, 'City': 'Cambridge', 'State': 'MA', 'Zip': None, 'Country': None, 'Capacity': 1636, 'GeoLat': 42.368218, 'GeoLong': -71.125291}","[{'PeriodID': 117033, 'GameID': 68164, 'Number': 1, 'Name': '1', 'Type': 'Half', 'AwayScore': 45, 'HomeScore': 36}, {'PeriodID': 117081, 'GameID': 68164, 'Number': 2, 'Name': '2', 'Type': 'Half', 'AwayScore': 57, 'HomeScore': 44}]"
7,68301,2026,1,Final,2025-11-11T00:00:00,2025-11-11T20:00:00,QUEEN,DUQ,962,51,108.0,116.0,2025-11-13T00:34:30,F,0.0,0.0,-16.6,215.0,752.0,-1181.0,60068301,60000962,60000051,,,,,,,,,,,Scrambled,True,2025-11-11T22:31:23,408021.0,408019.0,,,ESPN+,False,-153.0,-144.0,-148.0,-146.0,2025-11-12T01:00:00,2088.0,"{'StadiumID': 159, 'Active': True, 'Name': 'UPMC Cooper Fieldhouse', 'Address': '600 Forbes Avenue', 'City': 'Pittsburgh', 'State': 'PA', 'Zip': '15282', 'Country': 'USA', 'Capacity': 3500, 'GeoLat': 40.4374, 'GeoLong': -79.9879}","[{'PeriodID': 117088, 'GameID': 68301, 'Number': 1, 'Name': '1', 'Type': 'Half', 'AwayScore': 43, 'HomeScore': 55}, {'PeriodID': 117130, 'GameID': 68301, 'Number': 2, 'Name': '2', 'Type': 'Half', 'AwayScore': 55, 'HomeScore': 43}, {'PeriodID': 117147, 'GameID': 68301, 'Number': 3, 'Name': 'OT', 'Type': 'Overtime', 'AwayScore': 11, 'HomeScore': 19}]"
8,68302,2026,1,Final,2025-11-11T00:00:00,2025-11-11T19:00:00,DAY,CIN,44,4,83.0,98.0,2025-11-13T00:34:30,F,0.0,0.0,-7.3,197.7,277.0,-349.0,60068302,60000044,60000004,,,,,,,,,,,Scrambled,True,2025-11-11T21:32:13,815.0,813.0,,,ESPN+,False,-149.0,-146.0,-146.0,-149.0,2025-11-12T00:00:00,11815.0,"{'StadiumID': 86, 'Active': True, 'Name': 'Fifth Third Arena', 'Address': None, 'City': 'Cincinnati', 'State': 'OH', 'Zip': None, 'Country': None, 'Capacity': 12012, 'GeoLat': 39.131101, 'GeoLong': -84.514207}","[{'PeriodID': 117018, 'GameID': 68302, 'Number': 1, 'Name': '1', 'Type': 'Half', 'AwayScore': 35, 'HomeScore': 44}, {'PeriodID': 117095, 'GameID': 68302, 'Number': 2, 'Name': '2', 'Type': 'Half', 'AwayScore': 48, 'HomeScore': 55}]"
9,68303,2026,1,Final,2025-11-11T00:00:00,2025-11-11T18:00:00,UMBC,MORGST,19,199,108.0,105.0,2025-11-11T20:17:32,F,0.0,0.0,8.0,215.6,-237.0,194.0,60068303,60000019,60000199,,,,,,,,,,,Scrambled,True,2025-11-11T20:03:28,407957.0,407955.0,,,,False,-142.0,-150.0,-146.0,-150.0,2025-11-11T23:00:00,,"{'StadiumID': 237, 'Active': True, 'Name': 'Hill Field House', 'Address': None, 'City': 'Baltimore', 'State': 'MD', 'Zip': None, 'Country': None, 'Capacity': 4250, 'GeoLat': 39.3425, 'GeoLong': -76.585}","[{'PeriodID': 116998, 'GameID': 68303, 'Number': 1, 'Name': '1', 'Type': 'Half', 'AwayScore': 60, 'HomeScore': 45}, {'PeriodID': 117027, 'GameID': 68303, 'Number': 2, 'Name': '2', 'Type': 'Half', 'AwayScore': 48, 'HomeScore': 60}]"
10,68304,2026,1,Final,2025-11-11T00:00:00,2025-11-11T19:00:00,MHST,CLMSN,236,27,75.0,110.0,2025-11-13T00:34:30,F,0.0,0.0,-39.3,201.6,4605.0,-13310.0,60068304,60000236,60000027,,,,,,,,,,,Scrambled,True,2025-11-11T21:00:43,825.0,824.0,,,ACC,False,-146.0,-148.0,-148.0,-146.0,2025-11-12T00:00:00,6357.0,"{'StadiumID': 13, 'Active': True, 'Name': 'Littlejohn Coliseum', 'Address': None, 'City': 'Clemson', 'State': 'SC', 'Zip': None, 'Country': None, 'Capacity': 9000, 'GeoLat': 34.680278, 'GeoLong': -82.846389}","[{'PeriodID': 117007, 'GameID': 68304, 'Number': 1, 'Name': '1', 'Type': 'Half', 'AwayScore': 27, 'HomeScore': 52}, {'PeriodID': 117082, 'GameID': 68304, 'Number': 2, 'Name': '2', 'Type': 'Half', 'AwayScore': 48, 'HomeScore': 59}]"
11,68519,2026,1,Final,2025-11-11T00:00:00,2025-11-11T19:00:00,RADF,NCAR,86,21,98.0,118.0,2025-11-13T00:34:30,F,0.0,0.0,-26.6,216.3,1654.0,-3993.0,60068519,60000086,60000021,,,,,,,,,,,Scrambled,True,2025-11-11T21:22:38,407999.0,407998.0,,,ACCN,False,-149.0,-146.0,-148.0,-149.0,2025-11-12T00:00:00,16613.0,"{'StadiumID': 185, 'Active': True, 'Name': 'Dean E. Smith Center', 'Address': None, 'City': 'Chapel Hill', 'State': 'NC', 'Zip': None, 'Country': None, 'Capacity': 21750, 'GeoLat': 35.899722, 'GeoLong': -79.043889}","[{'PeriodID': 117008, 'GameID': 68519, 'Number': 1, 'Name': '1', 'Type': 'Half', 'AwayScore': 41, 'HomeScore': 59}, {'PeriodID': 117093, 'GameID': 68519, 'Number': 2, 'Name': '2', 'Type': 'Half', 'AwayScore': 57, 'HomeScore': 60}]"
12,68520,2026,1,Final,2025-11-11T00:00:00,2025-11-11T20:00:00,UK,LOU,268,24,117.0,128.0,2025-11-13T00:34:30,F,0.0,0.0,-8.0,230.9,268.0,-341.0,60068520,60000268,60000024,,,,,,,,,,,Scrambled,True,2025-11-11T22:24:34,857.0,856.0,,,ESPN,False,-150.0,-145.0,-149.0,-148.0,2025-11-12T01:00:00,22586.0,"{'StadiumID': 97, 'Active': True, 'Name': 'KFC Yum! Center', 'Address': None, 'City': 'Louisville', 'State': 'KY', 'Zip': None, 'Country': None, 'Capacity': 22090, 'GeoLat': 38.2575, 'GeoLong': -85.753889}","[{'PeriodID': 117059, 'GameID': 68520, 'Number': 1, 'Name': '1', 'Type': 'Half', 'AwayScore': 61, 'HomeScore': 71}, {'PeriodID': 117124, 'GameID': 68520, 'Number': 2, 'Name': '2', 'Type': 'Half', 'AwayScore': 56, 'HomeScore': 57}]"
13,68521,2026,1,Final,2025-11-11T00:00:00,2025-11-11T19:00:00,DUKE,ARMY,26,263,152.0,79.0,2025-11-13T00:34:30,F,0.0,0.0,44.6,203.6,,,60068521,60000026,60000263,,,,,,,,,,,Scrambled,True,2025-11-11T21:08:27,407986.0,407985.0,,,CBSS,False,-148.0,-149.0,-146.0,-150.0,2025-11-12T00:00:00,5326.0,"{'StadiumID': 305, 'Active': True, 'Name': 'Christl Arena', 'Address': None, 'City': 'West Point', 'State': 'NY', 'Zip': None, 'Country': None, 'Capacity': 5043, 'GeoLat': 41.38641, 'GeoLong': -73.96571}","[{'PeriodID': 117037, 'GameID': 68521, 'Number': 1, 'Name': '1', 'Type': 'Half', 'AwayScore': 65, 'HomeScore': 40}, {'PeriodID': 117092, 'GameID': 68521, 'Number': 2, 'Name': '2', 'Type': 'Half', 'AwayScore': 87, 'HomeScore': 39}]"
14,68522,2026,1,Final,2025-11-11T00:00:00,2025-11-11T19:00:00,WM,RICH,125,52,114.0,120.0,2025-11-13T00:34:30,F,0.0,0.0,-12.6,218.9,453.0,-620.0,60068522,60000125,60000052,,,,,,,,,,,Scrambled,True,2025-11-11T21:30:13,812.0,811.0,,,ESPN+,False,-146.0,-148.0,-144.0,-150.0,2025-11-12T00:00:00,4226.0,"{'StadiumID': 116, 'Active': True, 'Name': 'Robins Center', 'Address': None, 'City': 'Richmond', 'State': 'VA', 'Zip': None, 'Country': None, 'Capacity': 7201, 'GeoLat': 37.580701, 'GeoLong': -77.538987}","[{'PeriodID': 117035, 'GameID': 68522, 'Number': 1, 'Name': '1', 'Type': 'Half', 'AwayScore': 57, 'HomeScore': 59}, {'PeriodID': 117094, 'GameID': 68522, 'Number': 2, 'Name': '2', 'Type': 'Half', 'AwayScore': 57, 'HomeScore': 61}]"
15,68523,2026,1,Final,2025-11-11T00:00:00,2025-11-11T19:00:00,STNH,RI,1213,50,76.0,106.0,2025-11-13T00:34:30,F,0.0,0.0,-22.0,200.3,1375.0,-2839.0,60068523,60001213,60000050,,,,,,,,,,,Scrambled,True,2025-11-11T21:04:31,407965.0,407963.0,,,ESPN+,False,-148.0,-148.0,-148.0,-149.0,2025-11-12T00:00:00,3451.0,"{'StadiumID': 25, 'Active': True, 'Name': 'Ryan Center', 'Address': None, 'City': 'Kingston', 'State': 'RI', 'Zip': None, 'Country': None, 'Capacity': 8000, 'GeoLat': 41.4875, 'GeoLong': -71.535556}","[{'PeriodID': 117022, 'GameID': 68523, 'Number': 1, 'Name': '1', 'Type': 'Half', 'AwayScore': 28, 'HomeScore': 52}, {'PeriodID': 117078, 'GameID': 68523, 'Number': 2, 'Name': '2', 'Type': 'Half', 'AwayScore': 48, 'HomeScore': 55}]"
16,68750,2026,1,Final,2025-11-11T00:00:00,2025-11-11T18:30:00,MICH,WAKE,95,34,113.0,112.0,2025-11-13T00:34:30,F,0.0,0.0,19.3,224.3,-2095.0,1149.0,60068750,60000095,60000034,,,,,,,,,,,Scrambled,True,2025-11-11T21:08:21,803.0,804.0,,,FS1,True,-152.0,-145.0,-146.0,-149.0,2025-11-11T23:30:00,7362.0,"{'StadiumID': 438, 'Active': True, 'Name': 'Little Caesars Arena', 'Address': None, 'City': 'Detroit', 'State': 'MI', 'Zip': None, 'Country': None, 'Capacity': 20332, 'GeoLat': 42.341111, 'GeoLong': -83.055}","[{'PeriodID': 117004, 'GameID': 68750, 'Number': 1, 'Name': '1', 'Type': 'Half', 'AwayScore': 63, 'HomeScore': 45}, {'PeriodID': 117049, 'GameID': 68750, 'Number': 2, 'Name': '2', 'Type': 'Half', 'AwayScore': 44, 'HomeScore': 61}, {'PeriodID': 117104, 'GameID': 68750, 'Number': 3, 'Name': 'OT', 'Type': 'Overtime', 'AwayScore': 9, 'HomeScore': 7}]"
17,68751,2026,1,Final,2025-11-11T00:00:00,2025-11-11T21:00:00,HAMP,VIR,189,22,71.0,121.0,2025-11-13T00:34:30,F,0.0,0.0,-31.3,197.7,2662.0,-12815.0,60068751,60000189,60000022,,,,,,,,,,,Scrambled,True,2025-11-11T23:08:50,870.0,869.0,,,ACCN,False,-145.0,-152.0,-146.0,-146.0,2025-11-12T02:00:00,11393.0,"{'StadiumID': 4, 'Active': True, 'Name': 'John Paul Jones Arena', 'Address': None, 'City': 'Charlottesville', 'State': 'VA', 'Zip': None, 'Country': None, 'Capacity': 14623, 'GeoLat': 38.046, 'GeoLong': -78.507}","[{'PeriodID': 117126, 'GameID': 68751, 'Number': 1, 'Name': '1', 'Type': 'Half', 'AwayScore': 25, 'HomeScore': 63}, {'PeriodID': 117149, 'GameID': 68751, 'Number': 2, 'Name': '2', 'Type': 'Half', 'AwayScore': 45, 'HomeScore': 59}]"
18,68752,2026,1,Final,2025-11-11T00:00:00,2025-11-11T20:00:00,MURST,SMU,240,1,121.0,136.0,2025-11-13T00:34:30,F,0.0,0.0,-13.3,217.6,602.0,-860.0,60068752,60000240,60000001,,,,,,,,,,,Scrambled,True,2025-11-11T22:27:37,855.0,853.0,,,ACC,False,-149.0,-146.0,-149.0,-149.0,2025-11-12T01:00:00,4348.0,"{'StadiumID': 101, 'Active': True, 'Name': 'Moody Coliseum', 'Address': None, 'City': 'Dallas', 'State': 'TX', 'Zip': None, 'Country': None, 'Capacity': 7000, 'GeoLat': 32.840278, 'GeoLong': -96.780556}","[{'PeriodID': 117056, 'GameID': 68752, 'Number': 1, 'Name': '1', 'Type': 'Half', 'AwayScore': 56, 'HomeScore': 65}, {'PeriodID': 117122, 'GameID': 68752, 'Number': 2, 'Name': '2', 'Type': 'Half', 'AwayScore': 65, 'HomeScore': 71}]"
19,68753,2026,1,Final,2025-11-11T00:00:00,2025-11-11T19:30:00,EILL,ND,239,25,77.0,104.0,2025-11-13T00:34:30,F,0.0,0.0,-31.3,191.0,2928.0,-13310.0,60068753,60000239,60000025,,,,,,,,,,,Scrambled,True,2025-11-11T21:31:26,836.0,835.0,,,ACC,False,-142.0,-150.0,-146.0,-148.0,2025-11-12T00:30:00,3618.0,"{'StadiumID': 32, 'Active': True, 'Name': 'Purcell Pavilion', 'Address': None, 'City': 'South Bend', 'State': 'IN', 'Zip': None, 'Country': None, 'Capacity': 9149, 'GeoLat': 41.698443, 'GeoLong': -86.231292}","[{'PeriodID': 117040, 'GameID': 68753, 'Number': 1, 'Name': '1', 'Type': 'Half', 'AwayScore': 37, 'HomeScore': 41}, {'PeriodID': 117100, 'GameID': 68753, 'Number': 2, 'Name': '2', 'Type': 'Half', 'AwayScore': 40, 'HomeScore': 63}]"
20,68936,2026,1,Final,2025-11-11T00:00:00,2025-11-11T19:30:00,YALE,QUIN,158,174,129.0,80.0,2025-11-13T00:34:30,F,0.0,0.0,11.5,208.3,-377.0,301.0,60068936,60000158,60000174,,,,,,,,,,,Scrambled,True,2025-11-11T21:20:39,839.0,837.0,,,ESPN+,False,-146.0,-146.0,-150.0,-144.0,2025-11-12T00:30:00,2239.0,"{'StadiumID': 224, 'Active': True, 'Name': 'M&T Bank Arena', 'Address': '305 Sherman Ave', 'City': 'Hamden', 'State': 'CT', 'Zip': '06518', 'Country': 'USA', 'Capacity': 3570, 'GeoLat': 41.413833, 'GeoLong': -72.911157}","[{'PeriodID': 117047, 'GameID': 68936, 'Number': 1, 'Name': '1', 'Type': 'Half', 'AwayScore': 69, 'HomeScore': 37}, {'PeriodID': 117102, 'GameID': 68936, 'Number': 2, 'Name': '2', 'Type': 'Half', 'AwayScore': 60, 'HomeScore': 43}]"
21,69083,2026,1,Final,2025-11-11T00:00:00,2025-11-11T20:00:00,TAMU,KAN,292,106,61.0,102.0,2025-11-13T00:34:31,F,0.0,0.0,-33.9,193.7,3438.0,-13310.0,60069083,60000292,60000106,,,,,,,,,,,Scrambled,True,2025-11-11T21:59:40,408015.0,408014.0,,,ESPN+,False,-152.0,-142.0,-148.0,-148.0,2025-11-12T01:00:00,15300.0,"{'StadiumID': 184, 'Active': True, 'Name': 'Allen Fieldhouse', 'Address': None, 'City': 'Lawrence', 'State': 'KS', 'Zip': None, 'Country': None, 'Capacity': 16300, 'GeoLat': 38.954306, 'GeoLong': -95.252394}","[{'PeriodID': 117064, 'GameID': 69083, 'Number': 1, 'Name': '1', 'Type': 'Half', 'AwayScore': 24, 'HomeScore': 51}, {'PeriodID': 117118, 'GameID': 69083, 'Number': 2, 'Name': '2', 'Type': 'Half', 'AwayScore': 37, 'HomeScore': 52}]"
22,69084,2026,1,Final,2025-11-11T00:00:00,2025-11-11T21:00:00,DEL,BYU,133,336,91.0,113.0,2025-11-13T00:34:31,F,0.0,0.0,-47.9,218.9,7088.0,-10981.0,60069084,60000133,60000336,,,,,,,,,,,Scrambled,True,2025-11-11T23:07:19,868.0,866.0,,,CBSS,False,-150.0,-146.0,-145.0,-150.0,2025-11-12T02:00:00,18299.0,"{'StadiumID': 140, 'Active': True, 'Name': 'Marriott Center', 'Address': None, 'City': 'Provo', 'State': 'UT', 'Zip': None, 'Country': None, 'Capacity': 18987, 'GeoLat': 40.254, 'GeoLong': -111.649}","[{'PeriodID': 117129, 'GameID': 69084, 'Number': 1, 'Name': '1', 'Type': 'Half', 'AwayScore': 49, 'HomeScore': 45}, {'PeriodID': 117148, 'GameID': 69084, 'Number': 2, 'Name': '2', 'Type': 'Half', 'AwayScore': 41, 'HomeScore': 68}]"
23,69169,2026,1,Final,2025-11-11T00:00:00,2025-11-11T18:30:00,NAVY,PENNST,258,101,95.0,106.0,2025-11-13T00:34:31,F,0.0,0.0,-15.3,207.0,740.0,-1143.0,60069169,60000258,60000101,,,,,,,,,,,Scrambled,True,2025-11-11T20:29:03,407959.0,407958.0,,,BTN,False,-148.0,-148.0,-144.0,-152.0,2025-11-11T23:30:00,5772.0,"{'StadiumID': 127, 'Active': True, 'Name': 'Bryce Jordan Center', 'Address': None, 'City': 'University Park', 'State': 'PA', 'Zip': None, 'Country': None, 'Capacity': 15261, 'GeoLat': 40.808889, 'GeoLong': -77.855833}","[{'PeriodID': 117001, 'GameID': 69169, 'Number': 1, 'Name': '1', 'Type': 'Half', 'AwayScore': 43, 'HomeScore': 51}, {'PeriodID': 117043, 'GameID': 69169, 'Number': 2, 'Name': '2', 'Type': 'Half', 'AwayScore': 52, 'HomeScore': 56}]"
24,69170,2026,1,Final,2025-11-11T00:00:00,2025-11-11T19:00:00,NJIT,LOYMD,39,262,88.0,85.0,2025-11-13T00:34:31,F,0.0,0.0,-14.0,187.0,515.0,-704.0,60069170,60000039,60000262,,,,,,,,,,,Scrambled,True,2025-11-11T21:08:12,408005.0,408003.0,,,ESPN+,False,-148.0,-146.0,-149.0,-146.0,2025-11-12T00:00:00,914.0,"{'StadiumID': 181, 'Active': True, 'Name': 'Reitz Arena', 'Address': None, 'City': 'Baltimore', 'State': 'MD', 'Zip': None, 'Country': None, 'Capacity': 2100, 'GeoLat': 39.346803, 'GeoLong': -76.618615}","[{'PeriodID': 117032, 'GameID': 69170, 'Number': 1, 'Name': '1', 'Type': 'Half', 'AwayScore': 39, 'HomeScore': 36}, {'PeriodID': 117076, 'GameID': 69170, 'Number': 2, 'Name': '2', 'Type': 'Half', 'AwayScore': 49, 'HomeScore': 49}]"
25,69238,2026,1,Final,2025-11-11T00:00:00,2025-11-11T22:00:00,MONT,UNLV,68,218,136.0,124.0,2025-11-13T00:34:31,F,0.0,0.0,-14.0,209.6,552.0,-783.0,60069238,60000068,60000218,,,,,,,,,,,Scrambled,True,2025-11-12T00:13:33,897.0,896.0,,,MWN,False,-148.0,-149.0,-148.0,-146.0,2025-11-12T03:00:00,5553.0,"{'StadiumID': 173, 'Active': True, 'Name': 'Thomas & Mack Center', 'Address': None, 'City': 'Las Vegas', 'State': 'NV', 'Zip': None, 'Country': None, 'Capacity': 18000, 'GeoLat': 36.105, 'GeoLong': -115.144167}","[{'PeriodID': 117142, 'GameID': 69238, 'Number': 1, 'Name': '1', 'Type': 'Half', 'AwayScore': 63, 'HomeScore': 60}, {'PeriodID': 117154, 'GameID': 69238, 'Number': 2, 'Name': '2', 'Type': 'Half', 'AwayScore': 73, 'HomeScore': 64}]"
26,69266,2026,1,Final,2025-11-11T00:00:00,2025-11-11T22:00:00,CREIGH,GNZG,61,334,84.0,120.0,2025-11-13T00:34:31,F,0.0,0.0,-15.3,219.6,679.0,-1029.0,60069266,60000061,60000334,,,,,,,,,,,Scrambled,True,2025-11-12T00:15:21,892.0,890.0,,,ESPN,False,-145.0,-150.0,-149.0,-149.0,2025-11-12T03:00:00,6000.0,"{'StadiumID': 3, 'Active': True, 'Name': 'McCarthey Athletic Center', 'Address': None, 'City': 'Spokane', 'State': 'WA', 'Zip': None, 'Country': None, 'Capacity': 6000, 'GeoLat': 47.665, 'GeoLong': -117.399}","[{'PeriodID': 117143, 'GameID': 69266, 'Number': 1, 'Name': '1', 'Type': 'Half', 'AwayScore': 51, 'HomeScore': 59}, {'PeriodID': 117155, 'GameID': 69266, 'Number': 2, 'Name': '2', 'Type': 'Half', 'AwayScore': 33, 'HomeScore': 61}]"
27,69267,2026,1,Final,2025-11-11T00:00:00,2025-11-11T19:00:00,CHIST,BUTL,351,64,88.0,130.0,2025-11-13T00:34:31,F,0.0,0.0,-35.9,211.0,3821.0,-26620.0,60069267,60000351,60000064,,,,,,,,,,,Scrambled,True,2025-11-11T21:04:18,407989.0,407987.0,,,ESPN+,False,-148.0,-148.0,-144.0,-150.0,2025-11-12T00:00:00,6159.0,"{'StadiumID': 161, 'Active': True, 'Name': 'Hinkle Fieldhouse', 'Address': None, 'City': 'Indianapolis', 'State': 'IN', 'Zip': None, 'Country': None, 'Capacity': 9100, 'GeoLat': 39.843611, 'GeoLong': -86.167222}","[{'PeriodID': 117015, 'GameID': 69267, 'Number': 1, 'Name': '1', 'Type': 'Half', 'AwayScore': 40, 'HomeScore': 76}, {'PeriodID': 117080, 'GameID': 69267, 'Number': 2, 'Name': '2', 'Type': 'Half', 'AwayScore': 48, 'HomeScore': 55}]"
28,69268,2026,1,Final,2025-11-11T00:00:00,2025-11-11T19:00:00,DAVID,CHARLT,49,142,83.0,73.0,2025-11-13T00:34:31,F,0.0,0.0,-2.0,191.0,137.0,-166.0,60069268,60000049,60000142,,,,,,,,,,,Scrambled,True,2025-11-11T21:09:53,828.0,827.0,,,ESPN+,False,-148.0,-148.0,-144.0,-152.0,2025-11-12T00:00:00,3712.0,"{'StadiumID': 36, 'Active': True, 'Name': 'Halton Arena', 'Address': None, 'City': 'Charlotte', 'State': 'NC', 'Zip': None, 'Country': None, 'Capacity': 9105, 'GeoLat': 35.306111, 'GeoLong': -80.734444}","[{'PeriodID': 117017, 'GameID': 69268, 'Number': 1, 'Name': '1', 'Type': 'Half', 'AwayScore': 39, 'HomeScore': 25}, {'PeriodID': 117071, 'GameID': 69268, 'Number': 2, 'Name': '2', 'Type': 'Half', 'AwayScore': 44, 'HomeScore': 48}]"
29,69593,2026,1,Final,2025-11-11T00:00:00,2025-11-11T20:30:00,BALLST,WISC,184,96,73.0,114.0,2025-11-13T00:34:31,F,0.0,0.0,-35.3,207.0,3638.0,-19965.0,60069593,60000184,60000096,,,,,,,,,,,Scrambled,True,2025-11-11T22:24:37,865.0,864.0,,,BTN,False,-145.0,-148.0,-146.0,-146.0,2025-11-12T01:30:00,13909.0,"{'StadiumID': 61, 'Active': True, 'Name': 'Kohl Center', 'Address': None, 'City': 'Madison', 'State': 'WI', 'Zip': None, 'Country': None, 'Capacity': 17287, 'GeoLat': 43.06942, 'GeoLong': -89.396972}","[{'PeriodID': 117101, 'GameID': 69593, 'Number': 1, 'Name': '1', 'Type': 'Half', 'AwayScore': 35, 'HomeScore': 52}, {'PeriodID': 117131, 'GameID': 69593, 'Number': 2, 'Name': '2', 'Type': 'Half', 'AwayScore': 39, 'HomeScore': 63}]"
30,69594,2026,1,Final,2025-11-11T00:00:00,2025-11-11T19:00:00,LASAL,TEMPL,57,2,84.0,120.0,2025-11-13T00:34:31,F,0.0,0.0,-8.7,197.7,318.0,-401.0,60069594,60000057,60000002,,,,,,,,,,,Scrambled,True,2025-11-11T21:01:25,833.0,832.0,,,ESPN+,False,-145.0,-150.0,-149.0,-146.0,2025-11-12T00:00:00,3108.0,"{'StadiumID': 45, 'Active': True, 'Name': 'Liacouras Center', 'Address': None, 'City': 'Philadelphia', 'State': 'PA', 'Zip': None, 'Country': None, 'Capacity': 10206, 'GeoLat': 39.979722, 'GeoLong': -75.158611}","[{'PeriodID': 117016, 'GameID': 69594, 'Number': 1, 'Name': '1', 'Type': 'Half', 'AwayScore': 39, 'HomeScore': 56}, {'PeriodID': 117068, 'GameID': 69594, 'Number': 2, 'Name': '2', 'Type': 'Half', 'AwayScore': 45, 'HomeScore': 64}]"
31,69595,2026,1,Final,2025-11-11T00:00:00,2025-11-11T19:00:00,WAG,FORDM,223,53,81.0,84.0,2025-11-13T00:34:31,F,0.0,0.0,-16.6,184.3,795.0,-1279.0,60069595,60000223,60000053,,,,,,,,,,,Scrambled,True,2025-11-11T21:06:13,407967.0,407966.0,,,ESPN+,False,-148.0,-148.0,-149.0,-149.0,2025-11-12T00:00:00,688.0,"{'StadiumID': 279, 'Active': True, 'Name': 'Rose Hill Gymnasium', 'Address': None, 'City': 'Bronx', 'State': 'NY', 'Zip': None, 'Country': None, 'Capacity': 3200, 'GeoLat': 40.862148, 'GeoLong': -73.883824}","[{'PeriodID': 117029, 'GameID': 69595, 'Number': 1, 'Name': '1', 'Type': 'Half', 'AwayScore': 41, 'HomeScore': 35}, {'PeriodID': 117085, 'GameID': 69595, 'Number': 2, 'Name': '2', 'Type': 'Half', 'AwayScore': 40, 'HomeScore': 49}]"
32,69754,2026,1,Final,2025-11-11T00:00:00,2025-11-11T19:00:00,SACRED,VILL,227,58,80.0,125.0,2025-11-13T00:34:31,F,0.0,0.0,-25.3,213.6,1572.0,-3776.0,60069754,60000227,60000058,,,,,,,,,,,Scrambled,True,2025-11-11T20:46:05,820.0,819.0,,,ESPN+,False,-146.0,-150.0,-146.0,-146.0,2025-11-12T00:00:00,6501.0,"{'StadiumID': 7, 'Active': True, 'Name': 'Finneran Pavilion', 'Address': None, 'City': 'Villanova', 'State': 'PA', 'Zip': None, 'Country': None, 'Capacity': 6501, 'GeoLat': 40.034072, 'GeoLong': -75.336553}","[{'PeriodID': 117026, 'GameID': 69754, 'Number': 1, 'Name': '1', 'Type': 'Half', 'AwayScore': 35, 'HomeScore': 69}, {'PeriodID': 117057, 'GameID': 69754, 'Number': 2, 'Name': '2', 'Type': 'Half', 'AwayScore': 45, 'HomeScore': 56}]"
33,69755,2026,1,Final,2025-11-11T00:00:00,2025-11-11T20:00:00,WOFF,AUBRN,285,279,83.0,124.0,2025-11-13T00:34:31,F,0.0,0.0,-36.6,204.3,3461.0,-13310.0,60069755,60000285,60000279,,,,,,,,,,,Scrambled,True,2025-11-11T21:52:21,860.0,858.0,,,SEC,False,-148.0,-148.0,-145.0,-149.0,2025-11-12T01:00:00,9121.0,"{'StadiumID': 8, 'Active': True, 'Name': 'Neville Arena', 'Address': None, 'City': 'Auburn', 'State': 'AL', 'Zip': None, 'Country': None, 'Capacity': 9121, 'GeoLat': 32.60253, 'GeoLong': -85.49301}","[{'PeriodID': 117054, 'GameID': 69755, 'Number': 1, 'Name': '1', 'Type': 'Half', 'AwayScore': 29, 'HomeScore': 53}, {'PeriodID': 117106, 'GameID': 69755, 'Number': 2, 'Name': '2', 'Type': 'Half', 'AwayScore': 53, 'HomeScore': 71}]"
34,69756,2026,1,Final,2025-11-11T00:00:00,2025-11-11T20:00:00,BUF,DEPAUL,179,66,88.0,71.0,2025-11-13T00:34:31,F,0.0,0.0,-24.6,204.3,1508.0,-3704.0,60069756,60000179,60000066,,,,,,,,,,,Scrambled,True,2025-11-11T22:06:02,852.0,851.0,,,ESPN+,False,-145.0,-146.0,-148.0,-148.0,2025-11-12T01:00:00,2818.0,"{'StadiumID': 93, 'Active': True, 'Name': 'Wintrust Arena', 'Address': None, 'City': 'Chicago', 'State': 'IL', 'Zip': None, 'Country': None, 'Capacity': 10387, 'GeoLat': 41.853611, 'GeoLong': -87.621389}","[{'PeriodID': 117065, 'GameID': 69756, 'Number': 1, 'Name': '1', 'Type': 'Half', 'AwayScore': 48, 'HomeScore': 24}, {'PeriodID': 117115, 'GameID': 69756, 'Number': 2, 'Name': '2', 'Type': 'Half', 'AwayScore': 40, 'HomeScore': 47}]"
35,69757,2026,1,Final,2025-11-11T00:00:00,2025-11-11T19:00:00,TOLEDO,WRGHT,183,150,108.0,95.0,2025-11-13T00:34:31,F,0.0,0.0,-7.3,211.0,256.0,-319.0,60069757,60000183,60000150,,,,,,,,,,,Scrambled,True,2025-11-11T20:53:29,809.0,808.0,,,ESPN+,False,-145.0,-150.0,-148.0,-149.0,2025-11-12T00:00:00,3182.0,"{'StadiumID': 92, 'Active': True, 'Name': 'Nutter Center', 'Address': None, 'City': 'Dayton', 'State': 'OH', 'Zip': None, 'Country': None, 'Capacity': 8000, 'GeoLat': 39.781944, 'GeoLong': -84.0525}","[{'PeriodID': 117019, 'GameID': 69757, 'Number': 1, 'Name': '1', 'Type': 'Half', 'AwayScore': 45, 'HomeScore': 52}, {'PeriodID': 117051, 'GameID': 69757, 'Number': 2, 'Name': '2', 'Type': 'Half', 'AwayScore': 63, 'HomeScore': 43}]"
36,69758,2026,1,Final,2025-11-11T00:00:00,2025-11-11T19:00:00,CLE,DET,1335,153,72.0,122.0,2025-11-13T00:34:31,F,0.0,0.0,,,,,60069758,60001335,60000153,,,,,,,,,,,Scrambled,True,2025-11-11T21:11:06,,,,,ESPN+,False,,,,,2025-11-12T00:00:00,1001.0,"{'StadiumID': 304, 'Active': True, 'Name': 'Calihan Hall', 'Address': None, 'City': 'Detroit', 'State': 'MI', 'Zip': None, 'Country': None, 'Capacity': 8295, 'GeoLat': 42.414167, 'GeoLong': -83.135833}","[{'PeriodID': 117030, 'GameID': 69758, 'Number': 1, 'Name': '1', 'Type': 'Half', 'AwayScore': 29, 'HomeScore': 53}, {'PeriodID': 117087, 'GameID': 69758, 'Number': 2, 'Name': '2', 'Type': 'Half', 'AwayScore': 43, 'HomeScore': 69}]"
37,69759,2026,1,Final,2025-11-11T00:00:00,2025-11-11T19:00:00,JAX,HPNT,37,85,85.0,113.0,2025-11-13T00:34:31,F,0.0,0.0,-24.6,208.3,1443.0,-3194.0,60069759,60000037,60000085,,,,,,,,,,,Scrambled,True,2025-11-11T20:55:37,408007.0,408006.0,,,ESPN+,False,-149.0,-148.0,-148.0,-148.0,2025-11-12T00:00:00,2786.0,"{'StadiumID': 494, 'Active': True, 'Name': 'Nido and Mariana Qubein Arena', 'Address': None, 'City': 'High Point', 'State': 'NC', 'Zip': None, 'Country': None, 'Capacity': 4200, 'GeoLat': 35.978847, 'GeoLong': -79.996429}","[{'PeriodID': 117028, 'GameID': 69759, 'Number': 1, 'Name': '1', 'Type': 'Half', 'AwayScore': 49, 'HomeScore': 59}, {'PeriodID': 117067, 'GameID': 69759, 'Number': 2, 'Name': '2', 'Type': 'Half', 'AwayScore': 36, 'HomeScore': 55}]"
38,69760,2026,1,Final,2025-11-11T00:00:00,2025-11-11T20:00:00,ARKST,MSRST,327,208,114.0,113.0,2025-11-13T00:34:31,F,0.0,0.0,-2.7,202.3,146.0,-177.0,60069760,60000327,60000208,,,,,,,,,,,Scrambled,True,2025-11-11T22:13:45,847.0,845.0,,,ESPN+,False,-145.0,-150.0,-146.0,-150.0,2025-11-12T01:00:00,2201.0,"{'StadiumID': 63, 'Active': True, 'Name': 'Great Southern Bank Arena', 'Address': None, 'City': 'Springfield', 'State': 'MO', 'Zip': None, 'Country': None, 'Capacity': 11000, 'GeoLat': 37.202047, 'GeoLong': -93.283058}","[{'PeriodID': 117062, 'GameID': 69760, 'Number': 1, 'Name': '1', 'Type': 'Half', 'AwayScore': 44, 'HomeScore': 61}, {'PeriodID': 117120, 'GameID': 69760, 'Number': 2, 'Name': '2', 'Type': 'Half', 'AwayScore': 71, 'HomeScore': 52}]"
39,69761,2026,1,Final,2025-11-11T00:00:00,2025-11-11T20:00:00,MDES,NEBR,193,99,67.0,92.0,2025-11-13T00:34:31,F,0.0,0.0,-47.9,195.0,,,60069761,60000193,60000099,,,,,,,,,,,Scrambled,True,2025-11-11T21:42:55,408023.0,408022.0,,,B1G+,False,-144.0,-152.0,-153.0,-140.0,2025-11-12T01:00:00,13653.0,"{'StadiumID': 60, 'Active': True, 'Name': 'Pinnacle Bank Arena', 'Address': None, 'City': 'Lincoln', 'State': 'NE', 'Zip': None, 'Country': None, 'Capacity': 15000, 'GeoLat': 40.817778, 'GeoLong': -96.713333}","[{'PeriodID': 117060, 'GameID': 69761, 'Number': 1, 'Name': '1', 'Type': 'Half', 'AwayScore': 25, 'HomeScore': 43}, {'PeriodID': 117111, 'GameID': 69761, 'Number': 2, 'Name': '2', 'Type': 'Half', 'AwayScore': 41, 'HomeScore': 49}]"
40,69762,2026,1,Final,2025-11-11T00:00:00,2025-11-11T11:00:00,IUCO,IUPUI,1426,317,102.0,161.0,2025-11-11T14:12:58,F,0.0,0.0,,,,,60069762,60001426,60000317,,,,,,,,,,,Scrambled,True,2025-11-11T13:11:12,,,,,WNDY,False,,,,,2025-11-11T16:00:00,5568.0,"{'StadiumID': 533, 'Active': True, 'Name': 'The Jungle', 'Address': '901 West New York Street', 'City': 'Indianapolis', 'State': 'IN', 'Zip': '46202', 'Country': 'USA', 'Capacity': 1215, 'GeoLat': 39.770556, 'GeoLong': -86.175}","[{'PeriodID': 116989, 'GameID': 69762, 'Number': 1, 'Name': '1', 'Type': 'Half', 'AwayScore': 51, 'HomeScore': 64}, {'PeriodID': 116990, 'GameID': 69762, 'Number': 2, 'Name': '2', 'Type': 'Half', 'AwayScore': 52, 'HomeScore': 97}]"
41,69763,2026,1,Final,2025-11-11T00:00:00,2025-11-11T16:00:00,SWAD,ABCHR,1096,296,84.0,138.0,2025-11-13T00:34:31,F,0.0,0.0,,,,,60069763,60001096,60000296,,,,,,,,,,,Scrambled,True,2025-11-11T17:47:52,,,,,ESPN+,False,,,,,2025-11-11T21:00:00,654.0,"{'StadiumID': 133, 'Active': True, 'Name': 'Moody Coliseum (Abilene)', 'Address': None, 'City': 'Abilene', 'State': 'TX', 'Zip': None, 'Country': None, 'Capacity': 3600, 'GeoLat': 32.470333, 'GeoLong': -99.70925}","[{'PeriodID': 116993, 'GameID': 69763, 'Number': 1, 'Name': '1', 'Type': 'Half', 'AwayScore': 33, 'HomeScore': 75}, {'PeriodID': 116995, 'GameID': 69763, 'Number': 2, 'Name': '2', 'Type': 'Half', 'AwayScore': 51, 'HomeScore': 64}]"
42,69764,2026,1,Final,2025-11-11T00:00:00,2025-11-11T20:00:00,CSUNR,NDKST,121,318,91.0,120.0,2025-11-13T00:34:31,F,0.0,0.0,-5.3,207.6,208.0,-254.0,60069764,60000121,60000318,,,,,,,,,,,Scrambled,True,2025-11-11T21:58:39,841.0,840.0,,,Summ,False,-145.0,-152.0,-149.0,-149.0,2025-11-12T01:00:00,1005.0,"{'StadiumID': 178, 'Active': True, 'Name': 'Scheels Center', 'Address': None, 'City': 'Fargo', 'State': 'ND', 'Zip': None, 'Country': None, 'Capacity': 5644, 'GeoLat': 46.900442, 'GeoLong': -96.799025}","[{'PeriodID': 117079, 'GameID': 69764, 'Number': 1, 'Name': '1', 'Type': 'Half', 'AwayScore': 44, 'HomeScore': 40}, {'PeriodID': 117119, 'GameID': 69764, 'Number': 2, 'Name': '2', 'Type': 'Half', 'AwayScore': 47, 'HomeScore': 80}]"
43,69765,2026,1,Final,2025-11-11T00:00:00,2025-11-11T19:00:00,NWST,NAL,301,396,110.0,116.0,2025-11-13T00:34:31,F,0.0,0.0,-8.7,189.7,311.0,-393.0,60069765,60000301,60000396,,,,,,,,,,,Scrambled,True,2025-11-11T21:32:53,408031.0,408030.0,,,ESPN+,False,-148.0,-146.0,-148.0,-146.0,2025-11-12T00:00:00,2378.0,"{'StadiumID': 327, 'Active': True, 'Name': 'Flowers Hall', 'Address': None, 'City': 'Florence', 'State': 'AL', 'Zip': None, 'Country': None, 'Capacity': 2229, 'GeoLat': 34.80569, 'GeoLong': -87.68113}","[{'PeriodID': 117024, 'GameID': 69765, 'Number': 1, 'Name': '1', 'Type': 'Half', 'AwayScore': 44, 'HomeScore': 48}, {'PeriodID': 117091, 'GameID': 69765, 'Number': 2, 'Name': '2', 'Type': 'Half', 'AwayScore': 59, 'HomeScore': 55}, {'PeriodID': 117128, 'GameID': 69765, 'Number': 3, 'Name': 'OT', 'Type': 'Overtime', 'AwayScore': 11, 'HomeScore': 13}]"
44,69766,2026,1,Final,2025-11-11T00:00:00,2025-11-11T19:00:00,GAS,FLGC,329,38,126.0,125.0,2025-11-13T00:34:31,F,0.0,0.0,-4.7,217.6,185.0,-225.0,60069766,60000329,60000038,,,,,,,,,,,Scrambled,True,2025-11-11T21:05:03,407997.0,407995.0,,,ESPN+,False,-149.0,-146.0,-149.0,-145.0,2025-11-12T00:00:00,1848.0,"{'StadiumID': 307, 'Active': True, 'Name': 'Alico Arena', 'Address': None, 'City': 'Fort Myers', 'State': 'FL', 'Zip': None, 'Country': None, 'Capacity': 4633, 'GeoLat': 26.471111, 'GeoLong': -81.764722}","[{'PeriodID': 117031, 'GameID': 69766, 'Number': 1, 'Name': '1', 'Type': 'Half', 'AwayScore': 56, 'HomeScore': 56}, {'PeriodID': 117075, 'GameID': 69766, 'Number': 2, 'Name': '2', 'Type': 'Half', 'AwayScore': 71, 'HomeScore': 69}]"
45,69767,2026,1,Final,2025-11-11T00:00:00,2025-11-11T20:30:00,BETH,SUTAH,412,78,80.0,157.0,2025-11-13T00:34:31,F,0.0,0.0,,,,,60069767,60000412,60000078,,,,,,,,,,,Scrambled,True,2025-11-11T22:34:56,,,,,ESPN+,False,,,,,2025-11-12T01:30:00,801.0,"{'StadiumID': 377, 'Active': True, 'Name': 'America First Events Center', 'Address': None, 'City': 'Cedar City', 'State': 'UT', 'Zip': None, 'Country': None, 'Capacity': 5300, 'GeoLat': 37.675556, 'GeoLong': -113.073056}","[{'PeriodID': 117097, 'GameID': 69767, 'Number': 1, 'Name': '1', 'Type': 'Half', 'AwayScore': 49, 'HomeScore': 88}, {'PeriodID': 117135, 'GameID': 69767, 'Number': 2, 'Name': '2', 'Type': 'Half', 'AwayScore': 31, 'HomeScore': 69}]"
46,70207,2026,1,Final,2025-11-11T00:00:00,2025-11-11T21:30:00,WILL,CSU,322,346,77.0,98.0,2025-11-13T00:34:31,F,0.0,0.0,-10.0,188.3,338.0,-433.0,60070207,60000322,60000346,,,,,,,,,,,Scrambled,True,2025-11-11T23:35:48,886.0,885.0,,,ESPN+,False,-149.0,-145.0,-142.0,-152.0,2025-11-12T02:30:00,394.0,"{'StadiumID': 375, 'Active': True, 'Name': 'Icardo Center', 'Address': None, 'City': 'Bakersfield', 'State': 'CA', 'Zip': None, 'Country': None, 'Capacity': 3497, 'GeoLat': 35.3475, 'GeoLong': -119.102778}","[{'PeriodID': 117132, 'GameID': 70207, 'Number': 1, 'Name': '1', 'Type': 'Half', 'AwayScore': 43, 'HomeScore': 51}, {'PeriodID': 117150, 'GameID': 70207, 'Number': 2, 'Name': '2', 'Type': 'Half', 'AwayScore': 35, 'HomeScore': 48}]"
47,70255,2026,1,Final,2025-11-11T00:00:00,2025-11-11T21:00:00,UTRGV,BOISE,350,215,87.0,113.0,2025-11-13T00:34:31,F,0.0,0.0,-22.6,215.0,1185.0,-2357.0,60070255,60000350,60000215,,,,,,,,,,,Scrambled,True,2025-11-11T23:05:42,884.0,882.0,,,MWN,False,-149.0,-146.0,-149.0,-149.0,2025-11-12T02:00:00,8999.0,"{'StadiumID': 171, 'Active': True, 'Name': 'ExtraMile Arena', 'Address': None, 'City': 'Boise', 'State': 'ID', 'Zip': None, 'Country': None, 'Capacity': 12480, 'GeoLat': 43.6035, 'GeoLong': -116.199}","[{'PeriodID': 117114, 'GameID': 70255, 'Number': 1, 'Name': '1', 'Type': 'Half', 'AwayScore': 48, 'HomeScore': 64}, {'PeriodID': 117144, 'GameID': 70255, 'Number': 2, 'Name': '2', 'Type': 'Half', 'AwayScore': 39, 'HomeScore': 49}]"
48,70256,2026,1,Final,2025-11-11T00:00:00,2025-11-11T20:30:00,AUSP,WYOM,242,219,87.0,105.0,2025-11-13T00:34:31,F,0.0,0.0,-7.3,205.6,266.0,-333.0,60070256,60000242,60000219,,,,,,,,,,,Scrambled,True,2025-11-11T22:42:17,408029.0,408027.0,,,MWN,False,-144.0,-152.0,-149.0,-146.0,2025-11-12T01:30:00,3249.0,"{'StadiumID': 82, 'Active': True, 'Name': 'Arena Auditorium', 'Address': None, 'City': 'Laramie', 'State': 'WY', 'Zip': None, 'Country': None, 'Capacity': 11612, 'GeoLat': 41.313344, 'GeoLong': -105.569419}","[{'PeriodID': 117098, 'GameID': 70256, 'Number': 1, 'Name': '1', 'Type': 'Half', 'AwayScore': 47, 'HomeScore': 49}, {'PeriodID': 117134, 'GameID': 70256, 'Number': 2, 'Name': '2', 'Type': 'Half', 'AwayScore': 40, 'HomeScore': 56}]"
49,70356,2026,1,Final,2025-11-11T00:00:00,2025-11-11T21:00:00,LOAKS,PEPP,1170,337,101.0,150.0,2025-11-13T00:34:31,F,0.0,0.0,,,,,60070356,60001170,60000337,,,,,,,,,,,Scrambled,True,2025-11-11T22:45:41,,,,,ESPN+,False,,,,,2025-11-12T02:00:00,452.0,"{'StadiumID': 287, 'Active': True, 'Name': 'Firestone Fieldhouse', 'Address': None, 'City': 'Malibu', 'State': 'CA', 'Zip': None, 'Country': None, 'Capacity': 3104, 'GeoLat': 34.038571, 'GeoLong': -118.709625}","[{'PeriodID': 117112, 'GameID': 70356, 'Number': 1, 'Name': '1', 'Type': 'Half', 'AwayScore': 49, 'HomeScore': 71}, {'PeriodID': 117139, 'GameID': 70356, 'Number': 2, 'Name': '2', 'Type': 'Half', 'AwayScore': 52, 'HomeScore': 80}]"
50,70357,2026,1,Final,2025-11-11T00:00:00,2025-11-11T21:00:00,LOYMRY,UTEP,343,139,95.0,77.0,2025-11-13T00:34:31,F,0.0,0.0,-2.0,192.3,-141.0,-154.0,60070357,60000343,60000139,,,,,,,,,,,Scrambled,True,2025-11-11T22:51:03,878.0,877.0,,,ESPN+,False,-153.0,-140.0,-148.0,-146.0,2025-11-12T02:00:00,3534.0,"{'StadiumID': 313, 'Active': True, 'Name': 'Don Haskins Center', 'Address': None, 'City': 'El Paso', 'State': 'TX', 'Zip': None, 'Country': None, 'Capacity': 12000, 'GeoLat': 31.777608, 'GeoLong': -106.505718}","[{'PeriodID': 117109, 'GameID': 70357, 'Number': 1, 'Name': '1', 'Type': 'Half', 'AwayScore': 45, 'HomeScore': 51}, {'PeriodID': 117138, 'GameID': 70357, 'Number': 2, 'Name': '2', 'Type': 'Half', 'AwayScore': 49, 'HomeScore': 27}]"
51,70516,2026,1,Final,2025-11-11T00:00:00,2025-11-11T13:00:00,IONA,UMKC,167,362,140.0,121.0,2025-11-11T15:30:44,F,0.0,0.0,9.7,207.0,-306.0,246.0,60070516,60000167,60000362,,,,,,,,,,,Scrambled,True,2025-11-11T15:10:21,801.0,800.0,,,Summ,False,-144.0,-157.0,-152.0,-149.0,2025-11-11T18:00:00,525.0,"{'StadiumID': 426, 'Active': True, 'Name': 'Swinney Recreation Center', 'Address': None, 'City': 'Kansas City', 'State': 'MO', 'Zip': None, 'Country': None, 'Capacity': 1500, 'GeoLat': 39.03555, 'GeoLong': -94.57876}","[{'PeriodID': 116991, 'GameID': 70516, 'Number': 1, 'Name': '1', 'Type': 'Half', 'AwayScore': 69, 'HomeScore': 63}, {'PeriodID': 116992, 'GameID': 70516, 'Number': 2, 'Name': '2', 'Type': 'Half', 'AwayScore': 71, 'HomeScore': 59}]"
52,70574,2026,1,Final,2025-11-11T00:00:00,2025-11-11T20:00:00,CARK,ARK,298,276,75.0,124.0,2025-11-13T00:34:31,F,0.0,0.0,-46.6,211.0,,,60070574,60000298,60000276,,,,,,,,,,,Scrambled,True,2025-11-11T21:58:05,408013.0,408011.0,,,SEC,False,-149.0,-149.0,-148.0,-149.0,2025-11-12T01:00:00,19200.0,"{'StadiumID': 194, 'Active': True, 'Name': 'Bud Walton Arena', 'Address': None, 'City': 'Fayetteville', 'State': 'AR', 'Zip': None, 'Country': None, 'Capacity': 19200, 'GeoLat': 36.061518, 'GeoLong': -94.178188}","[{'PeriodID': 117055, 'GameID': 70574, 'Number': 1, 'Name': '1', 'Type': 'Half', 'AwayScore': 45, 'HomeScore': 57}, {'PeriodID': 117110, 'GameID': 70574, 'Number': 2, 'Name': '2', 'Type': 'Half', 'AwayScore': 29, 'HomeScore': 67}]"
53,70575,2026,1,Final,2025-11-11T00:00:00,2025-11-11T19:00:00,FLAM,UCF,198,8,80.0,129.0,2025-11-13T00:34:31,F,0.0,0.0,-30.6,225.6,2783.0,-11091.0,60070575,60000198,60000008,,,,,,,,,,,Scrambled,True,2025-11-11T21:05:34,407970.0,407969.0,,,ESPN+,False,-146.0,-150.0,-146.0,-149.0,2025-11-12T00:00:00,5577.0,"{'StadiumID': 20, 'Active': True, 'Name': 'Addition Financial Arena', 'Address': None, 'City': 'Orlando', 'State': 'FL', 'Zip': None, 'Country': None, 'Capacity': 10000, 'GeoLat': 28.6068, 'GeoLong': -81.1976}","[{'PeriodID': 117009, 'GameID': 70575, 'Number': 1, 'Name': '1', 'Type': 'Half', 'AwayScore': 27, 'HomeScore': 64}, {'PeriodID': 117077, 'GameID': 70575, 'Number': 2, 'Name': '2', 'Type': 'Half', 'AwayScore': 53, 'HomeScore': 65}]"
54,70576,2026,1,Final,2025-11-11T00:00:00,2025-11-11T18:30:00,LIPSC,NCASHE,40,80,85.0,92.0,2025-11-13T00:34:31,F,0.0,0.0,-8.7,209.6,306.0,-389.0,60070576,60000040,60000080,,,,,,,,,,,Scrambled,True,2025-11-11T20:39:53,407962.0,407961.0,,,ESPN+,False,-145.0,-149.0,-150.0,-146.0,2025-11-11T23:30:00,617.0,"{'StadiumID': 283, 'Active': True, 'Name': 'Kimmel Arena', 'Address': None, 'City': 'Asheville', 'State': 'NC', 'Zip': None, 'Country': None, 'Capacity': 3200, 'GeoLat': 35.618, 'GeoLong': -82.568}","[{'PeriodID': 117005, 'GameID': 70576, 'Number': 1, 'Name': '1', 'Type': 'Half', 'AwayScore': 33, 'HomeScore': 39}, {'PeriodID': 117042, 'GameID': 70576, 'Number': 2, 'Name': '2', 'Type': 'Half', 'AwayScore': 52, 'HomeScore': 53}]"
55,70635,2026,1,Final,2025-11-11T00:00:00,2025-11-11T21:00:00,NARZ,ARZ,79,247,65.0,112.0,2025-11-13T00:34:31,F,0.0,0.0,-47.3,216.3,6089.0,-10981.0,60070635,60000079,60000247,,,,,,,,,,,Scrambled,True,2025-11-11T22:58:45,873.0,872.0,,,ESPN+,False,-144.0,-153.0,-148.0,-150.0,2025-11-12T02:00:00,13740.0,"{'StadiumID': 94, 'Active': True, 'Name': 'McKale Center', 'Address': None, 'City': 'Tucson', 'State': 'AZ', 'Zip': None, 'Country': None, 'Capacity': 14644, 'GeoLat': 32.23, 'GeoLong': -110.946}","[{'PeriodID': 117108, 'GameID': 70635, 'Number': 1, 'Name': '1', 'Type': 'Half', 'AwayScore': 23, 'HomeScore': 61}, {'PeriodID': 117145, 'GameID': 70635, 'Number': 2, 'Name': '2', 'Type': 'Half', 'AwayScore': 43, 'HomeScore': 51}]"
56,70855,2026,1,Final,2025-11-11T00:00:00,2025-11-11T21:00:00,UCRVS,NMX,120,214,91.0,109.0,2025-11-13T00:34:31,F,0.0,0.0,-26.0,188.3,1797.0,-5477.0,60070855,60000120,60000214,,,,,,,,,,,Scrambled,True,2025-11-11T22:52:02,881.0,880.0,,,MWN,False,-144.0,-149.0,-148.0,-146.0,2025-11-12T02:00:00,11689.0,"{'StadiumID': 208, 'Active': True, 'Name': 'The Pit', 'Address': None, 'City': 'Albuquerque', 'State': 'NM', 'Zip': None, 'Country': None, 'Capacity': 15411, 'GeoLat': 35.067, 'GeoLong': -106.632}","[{'PeriodID': 117116, 'GameID': 70855, 'Number': 1, 'Name': '1', 'Type': 'Half', 'AwayScore': 43, 'HomeScore': 48}, {'PeriodID': 117141, 'GameID': 70855, 'Number': 2, 'Name': '2', 'Type': 'Half', 'AwayScore': 48, 'HomeScore': 61}]"
57,70978,2026,1,Final,2025-11-11T00:00:00,2025-11-11T19:00:00,DREXEL,COLG,132,261,110.0,120.0,2025-11-13T00:34:31,F,0.0,0.0,-6.0,191.0,200.0,-244.0,60070978,60000132,60000261,,,,,,,,,,,Scrambled,True,2025-11-11T20:56:54,407975.0,407974.0,,,ESPN+,False,-152.0,-145.0,-146.0,-146.0,2025-11-12T00:00:00,643.0,"{'StadiumID': 120, 'Active': True, 'Name': 'Cotterell Court', 'Address': None, 'City': 'Hamilton', 'State': 'NY', 'Zip': None, 'Country': None, 'Capacity': 1750, 'GeoLat': 42.814957, 'GeoLong': -75.542754}","[{'PeriodID': 117014, 'GameID': 70978, 'Number': 1, 'Name': '1', 'Type': 'Half', 'AwayScore': 40, 'HomeScore': 65}, {'PeriodID': 117050, 'GameID': 70978, 'Number': 2, 'Name': '2', 'Type': 'Half', 'AwayScore': 71, 'HomeScore': 55}]"
58,70979,2026,1,Final,2025-11-11T00:00:00,2025-11-11T18:31:00,STJLI,STBR,1245,12,57.0,142.0,2025-11-13T00:34:31,F,0.0,0.0,,,,,60070979,60001245,60000012,,,,,,,,,,,Scrambled,True,2025-11-11T20:11:19,,,,,FloC,False,,,,,2025-11-11T23:31:00,1377.0,"{'StadiumID': 629, 'Active': True, 'Name': 'Stony Brook Arena', 'Address': None, 'City': 'Stony Brook', 'State': 'NY', 'Zip': None, 'Country': None, 'Capacity': None, 'GeoLat': None, 'GeoLong': None}","[{'PeriodID': 117002, 'GameID': 70979, 'Number': 1, 'Name': '1', 'Type': 'Half', 'AwayScore': 24, 'HomeScore': 73}, {'PeriodID': 117039, 'GameID': 70979, 'Number': 2, 'Name': '2', 'Type': 'Half', 'AwayScore': 33, 'HomeScore': 69}]"
59,70980,2026,1,Final,2025-11-11T00:00:00,2025-11-11T19:00:00,ALCST,MARY,307,92,85.0,112.0,2025-11-13T00:34:31,F,0.0,0.0,-39.3,195.0,5324.0,-133100.0,60070980,60000307,60000092,,,,,,,,,,,Scrambled,True,2025-11-11T21:11:06,407981.0,407979.0,,,B1G+,False,-146.0,-148.0,-150.0,-144.0,2025-11-12T00:00:00,10461.0,"{'StadiumID': 41, 'Active': True, 'Name': 'XFINITY Center', 'Address': None, 'City': 'College Park', 'State': 'MD', 'Zip': None, 'Country': None, 'Capacity': 17950, 'GeoLat': 38.995417, 'GeoLong': -76.941556}","[{'PeriodID': 117006, 'GameID': 70980, 'Number': 1, 'Name': '1', 'Type': 'Half', 'AwayScore': 36, 'HomeScore': 44}, {'PeriodID': 117090, 'GameID': 70980, 'Number': 2, 'Name': '2', 'Type': 'Half', 'AwayScore': 49, 'HomeScore': 68}]"
60,70981,2026,1,Final,2025-11-11T00:00:00,2025-11-11T19:00:00,PENS,TROY,684,333,75.0,161.0,2025-11-13T00:34:31,F,0.0,0.0,,,,,60070981,60000684,60000333,,,,,,,,,,,Scrambled,True,2025-11-11T20:47:18,,,,,ESPN+,False,,,,,2025-11-12T00:00:00,3094.0,"{'StadiumID': 223, 'Active': True, 'Name': 'Trojan Arena', 'Address': None, 'City': 'Troy', 'State': 'AL', 'Zip': None, 'Country': None, 'Capacity': 5200, 'GeoLat': 31.802222, 'GeoLong': -85.954722}","[{'PeriodID': 117020, 'GameID': 70981, 'Number': 1, 'Name': '1', 'Type': 'Half', 'AwayScore': 36, 'HomeScore': 76}, {'PeriodID': 117053, 'GameID': 70981, 'Number': 2, 'Name': '2', 'Type': 'Half', 'AwayScore': 39, 'HomeScore': 85}]"
61,70982,2026,1,Final,2025-11-11T00:00:00,2025-11-11T18:00:00,CCGA,BCOOK,1051,192,80.0,134.0,2025-11-13T00:34:31,F,0.0,0.0,,,,,60070982,60001051,60000192,,,,,,,,,,,Scrambled,True,2025-11-11T20:19:15,,,,,SWAC,False,,,,,2025-11-11T23:00:00,777.0,"{'StadiumID': 239, 'Active': True, 'Name': 'Moore Gymnasium', 'Address': None, 'City': 'Daytona Beach', 'State': 'FL', 'Zip': None, 'Country': None, 'Capacity': 900, 'GeoLat': 29.210895, 'GeoLong': -81.030977}","[{'PeriodID': 116999, 'GameID': 70982, 'Number': 1, 'Name': '1', 'Type': 'Half', 'AwayScore': 43, 'HomeScore': 65}, {'PeriodID': 117038, 'GameID': 70982, 'Number': 2, 'Name': '2', 'Type': 'Half', 'AwayScore': 37, 'HomeScore': 69}]"
62,70983,2026,1,Final,2025-11-11T00:00:00,2025-11-11T19:00:00,WINTH,COAST,82,81,88.0,96.0,2025-11-13T00:34:31,F,0.0,0.0,4.4,220.3,-198.0,162.0,60070983,60000082,60000081,,,,,,,,,,,Scrambled,True,2025-11-11T21:16:36,407994.0,407993.0,,,ESPN+,False,-148.0,-146.0,-148.0,-146.0,2025-11-12T00:00:00,2663.0,"{'StadiumID': 220, 'Active': True, 'Name': 'The HTC Center', 'Address': None, 'City': 'Conway', 'State': 'SC', 'Zip': None, 'Country': None, 'Capacity': 3212, 'GeoLat': 33.799167, 'GeoLong': -79.015556}","[{'PeriodID': 117025, 'GameID': 70983, 'Number': 1, 'Name': '1', 'Type': 'Half', 'AwayScore': 40, 'HomeScore': 49}, {'PeriodID': 117073, 'GameID': 70983, 'Number': 2, 'Name': '2', 'Type': 'Half', 'AwayScore': 48, 'HomeScore': 47}]"
63,70984,2026,1,Final,2025-11-11T00:00:00,2025-11-11T20:00:00,MERRI,TARL,817,1024,83.0,101.0,2025-11-13T00:34:31,F,0.0,0.0,-6.0,189.0,228.0,-282.0,60070984,60000817,60001024,,,,,,,,,,,Scrambled,True,2025-11-11T22:11:32,408018.0,408017.0,,,ESPN+,False,-145.0,-150.0,-149.0,-146.0,2025-11-12T01:00:00,1353.0,"{'StadiumID': 487, 'Active': True, 'Name': 'Wisdom Gym', 'Address': None, 'City': 'Stephenville', 'State': 'TX', 'Zip': None, 'Country': None, 'Capacity': 3000, 'GeoLat': 32.215438, 'GeoLong': -98.220617}","[{'PeriodID': 117066, 'GameID': 70984, 'Number': 1, 'Name': '1', 'Type': 'Half', 'AwayScore': 41, 'HomeScore': 45}, {'PeriodID': 117127, 'GameID': 70984, 'Number': 2, 'Name': '2', 'Type': 'Half', 'AwayScore': 41, 'HomeScore': 56}]"
64,70985,2026,1,Final,2025-11-11T00:00:00,2025-11-11T19:30:00,ALAST,UAB,311,134,102.0,98.0,2025-11-13T00:34:31,F,0.0,0.0,-26.0,218.9,1559.0,-4069.0,60070985,60000311,60000134,,,,,,,,,,,Scrambled,True,2025-11-11T21:32:14,408010.0,408009.0,,,ESPN+,False,-152.0,-144.0,-152.0,-141.0,2025-11-12T00:30:00,3556.0,"{'StadiumID': 64, 'Active': True, 'Name': 'Bartow Arena', 'Address': None, 'City': 'Birmingham', 'State': 'AL', 'Zip': None, 'Country': None, 'Capacity': 8500, 'GeoLat': 33.502164, 'GeoLong': -86.809244}","[{'PeriodID': 117044, 'GameID': 70985, 'Number': 1, 'Name': '1', 'Type': 'Half', 'AwayScore': 48, 'HomeScore': 47}, {'PeriodID': 117099, 'GameID': 70985, 'Number': 2, 'Name': '2', 'Type': 'Half', 'AwayScore': 55, 'HomeScore': 52}]"
65,70986,2026,1,Final,2025-11-11T00:00:00,2025-11-11T20:00:00,SFAUS,RICE,291,146,108.0,92.0,2025-11-13T00:34:31,F,0.0,0.0,-4.0,199.0,170.0,-205.0,60070986,60000291,60000146,,,,,,,,,,,Scrambled,True,2025-11-11T22:04:58,844.0,843.0,,,ESPN+,False,-149.0,-145.0,-149.0,-148.0,2025-11-12T01:00:00,1293.0,"{'StadiumID': 190, 'Active': True, 'Name': 'Tudor Fieldhouse', 'Address': None, 'City': 'Houston', 'State': 'TX', 'Zip': None, 'Country': None, 'Capacity': 5750, 'GeoLat': 29.715102, 'GeoLong': -95.403895}","[{'PeriodID': 117052, 'GameID': 70986, 'Number': 1, 'Name': '1', 'Type': 'Half', 'AwayScore': 48, 'HomeScore': 41}, {'PeriodID': 117107, 'GameID': 70986, 'Number': 2, 'Name': '2', 'Type': 'Half', 'AwayScore': 60, 'HomeScore': 51}]"
66,70987,2026,1,Final,2025-11-11T00:00:00,2025-11-11T21:00:00,MPHS,MISS,7,274,102.0,110.0,2025-11-13T00:34:31,F,0.0,0.0,-13.3,202.3,498.0,-685.0,60070987,60000007,60000274,,,,,,,,,,,Scrambled,True,2025-11-11T23:11:51,876.0,874.0,,,SECN,False,-150.0,-146.0,-146.0,-150.0,2025-11-12T02:00:00,8731.0,"{'StadiumID': 157, 'Active': True, 'Name': 'The Sandy and John Black Pavilion at Ole Miss', 'Address': '762 All American Drive', 'City': 'Oxford', 'State': 'MS', 'Zip': '38655', 'Country': 'USA', 'Capacity': 9500, 'GeoLat': 34.363164, 'GeoLong': -89.535453}","[{'PeriodID': 117123, 'GameID': 70987, 'Number': 1, 'Name': '1', 'Type': 'Half', 'AwayScore': 44, 'HomeScore': 56}, {'PeriodID': 117146, 'GameID': 70987, 'Number': 2, 'Name': '2', 'Type': 'Half', 'AwayScore': 59, 'HomeScore': 55}]"
67,70988,2026,1,Final,2025-11-11T00:00:00,2025-11-11T18:30:00,APPLST,OHIOST,331,98,71.0,100.0,2025-11-13T00:34:31,F,0.0,0.0,-31.3,196.3,2795.0,-11480.0,60070988,60000331,60000098,,,,,,,,,,,Scrambled,True,2025-11-11T20:27:32,807.0,805.0,,,B1G+,False,-149.0,-145.0,-145.0,-149.0,2025-11-11T23:30:00,7938.0,"{'StadiumID': 233, 'Active': True, 'Name': 'Value City Arena', 'Address': None, 'City': 'Columbus', 'State': 'OH', 'Zip': None, 'Country': None, 'Capacity': 19049, 'GeoLat': 40.007511, 'GeoLong': -83.025102}","[{'PeriodID': 117000, 'GameID': 70988, 'Number': 1, 'Name': '1', 'Type': 'Half', 'AwayScore': 33, 'HomeScore': 40}, {'PeriodID': 117046, 'GameID': 70988, 'Number': 2, 'Name': '2', 'Type': 'Half', 'AwayScore': 37, 'HomeScore': 60}]"
68,70989,2026,1,Final,2025-11-11T00:00:00,2025-11-11T19:00:00,FLST,FL,29,271,101.0,104.0,2025-11-13T00:34:31,F,0.0,0.0,-23.3,240.2,1355.0,-3210.0,60070989,60000029,60000271,,,,,,,,,,,Scrambled,True,2025-11-11T21:15:14,831.0,829.0,,,SECN,False,-149.0,-145.0,-146.0,-148.0,2025-11-12T00:00:00,10785.0,"{'StadiumID': 119, 'Active': True, 'Name': 'Exactech Arena', 'Address': None, 'City': 'Gainesville', 'State': 'FL', 'Zip': None, 'Country': None, 'Capacity': 10151, 'GeoLat': 29.649444, 'GeoLong': -82.351111}","[{'PeriodID': 117010, 'GameID': 70989, 'Number': 1, 'Name': '1', 'Type': 'Half', 'AwayScore': 53, 'HomeScore': 49}, {'PeriodID': 117089, 'GameID': 70989, 'Number': 2, 'Name': '2', 'Type': 'Half', 'AwayScore': 48, 'HomeScore': 55}]"
69,70990,2026,1,Final,2025-11-11T00:00:00,2025-11-11T19:00:00,CATA,GMSN,1074,56,83.0,114.0,2025-11-13T00:34:31,F,0.0,0.0,,,,,60070990,60001074,60000056,,,,,,,,,,,Scrambled,True,2025-11-11T21:02:35,,,,,ESPN+,False,,,,,2025-11-12T00:00:00,2481.0,"{'StadiumID': 121, 'Active': True, 'Name': 'EagleBank Arena', 'Address': None, 'City': 'Fairfax', 'State': 'VA', 'Zip': None, 'Country': None, 'Capacity': 7860, 'GeoLat': 38.827, 'GeoLong': -77.31}","[{'PeriodID': 117021, 'GameID': 70990, 'Number': 1, 'Name': '1', 'Type': 'Half', 'AwayScore': 41, 'HomeScore': 51}, {'PeriodID': 117086, 'GameID': 70990, 'Number': 2, 'Name': '2', 'Type': 'Half', 'AwayScore': 41, 'HomeScore': 64}]"
70,70991,2026,1,Final,2025-11-11T00:00:00,2025-11-11T20:00:00,TULANE,LOULAF,10,324,88.0,83.0,2025-11-13T00:34:31,F,0.0,0.0,9.7,180.4,-321.0,261.0,60070991,60000010,60000324,,,,,,,,,,,Scrambled,True,2025-11-11T22:04:59,849.0,848.0,,,ESPN+,False,-146.0,-146.0,-146.0,-149.0,2025-11-12T01:00:00,3047.0,"{'StadiumID': 342, 'Active': True, 'Name': 'Cajundome', 'Address': None, 'City': 'Lafayette', 'State': 'LA', 'Zip': None, 'Country': None, 'Capacity': 12362, 'GeoLat': 30.218444, 'GeoLong': -92.039056}","[{'PeriodID': 117058, 'GameID': 70991, 'Number': 1, 'Name': '1', 'Type': 'Half', 'AwayScore': 39, 'HomeScore': 40}, {'PeriodID': 117117, 'GameID': 70991, 'Number': 2, 'Name': '2', 'Type': 'Half', 'AwayScore': 49, 'HomeScore': 43}]"
71,70992,2026,1,Final,2025-11-11T00:00:00,2025-11-11T20:00:00,ARPB,OKL,310,105,92.0,126.0,2025-11-13T00:34:31,F,0.0,0.0,-48.6,224.3,,,60070992,60000310,60000105,,,,,,,,,,,Scrambled,True,2025-11-11T21:58:15,408026.0,408025.0,,,SEC,False,-148.0,-148.0,-148.0,-148.0,2025-11-12T01:00:00,3269.0,"{'StadiumID': 635, 'Active': True, 'Name': 'Howard McCasland Field House', 'Address': None, 'City': 'Norman', 'State': 'OK', 'Zip': None, 'Country': None, 'Capacity': None, 'GeoLat': None, 'GeoLong': None}","[{'PeriodID': 117061, 'GameID': 70992, 'Number': 1, 'Name': '1', 'Type': 'Half', 'AwayScore': 41, 'HomeScore': 56}, {'PeriodID': 117105, 'GameID': 70992, 'Number': 2, 'Name': '2', 'Type': 'Half', 'AwayScore': 51, 'HomeScore': 71}]"
72,70993,2026,1,Final,2025-11-11T00:00:00,2025-11-11T22:00:00,USCB,SACST,119,77,122.0,116.0,2025-11-13T00:34:31,F,0.0,0.0,13.3,213.6,-447.0,346.0,60070993,60000119,60000077,,,,,,,,,,,Scrambled,True,2025-11-12T00:00:54,889.0,888.0,,,ESPN+,False,-145.0,-150.0,-150.0,-142.0,2025-11-12T03:00:00,2734.0,"{'StadiumID': 628, 'Active': True, 'Name': 'The Well', 'Address': None, 'City': 'Sacramento', 'State': 'CA', 'Zip': None, 'Country': None, 'Capacity': None, 'GeoLat': None, 'GeoLong': None}","[{'PeriodID': 117140, 'GameID': 70993, 'Number': 1, 'Name': '1', 'Type': 'Half', 'AwayScore': 60, 'HomeScore': 57}, {'PeriodID': 117153, 'GameID': 70993, 'Number': 2, 'Name': '2', 'Type': 'Half', 'AwayScore': 63, 'HomeScore': 59}]"
73,71429,2026,1,Final,2025-11-11T00:00:00,2025-11-11T19:30:00,WILSON,TOWS,515,127,83.0,134.0,2025-11-13T00:34:31,F,0.0,0.0,,,,,60071429,60000515,60000127,,,,,,,,,,,Scrambled,True,2025-11-11T21:09:17,,,,,FloC,False,,,,,2025-11-12T00:30:00,2044.0,"{'StadiumID': 286, 'Active': True, 'Name': 'TU Arena', 'Address': None, 'City': 'Towson', 'State': 'MD', 'Zip': None, 'Country': None, 'Capacity': 5200, 'GeoLat': 39.387361, 'GeoLong': -76.617083}","[{'PeriodID': 117041, 'GameID': 71429, 'Number': 1, 'Name': '1', 'Type': 'Half', 'AwayScore': 35, 'HomeScore': 67}, {'PeriodID': 117096, 'GameID': 71429, 'Number': 2, 'Name': '2', 'Type': 'Half', 'AwayScore': 48, 'HomeScore': 68}]"
74,71617,2026,1,Final,2025-11-11T00:00:00,2025-11-11T18:00:00,SWCU,INCAR,936,294,93.0,145.0,2025-11-13T00:34:31,F,0.0,0.0,,,,,60071617,60000936,60000294,,,,,,,,,,,Scrambled,True,2025-11-11T19:54:14,,,,,ESPN+,False,,,,,2025-11-11T23:00:00,256.0,"{'StadiumID': 255, 'Active': True, 'Name': 'McDermott Convocation Center', 'Address': None, 'City': 'San Antonio', 'State': 'TX', 'Zip': None, 'Country': None, 'Capacity': 2000, 'GeoLat': 29.468139, 'GeoLong': -98.469417}","[{'PeriodID': 116997, 'GameID': 71617, 'Number': 1, 'Name': '1', 'Type': 'Half', 'AwayScore': 53, 'HomeScore': 63}, {'PeriodID': 117036, 'GameID': 71617, 'Number': 2, 'Name': '2', 'Type': 'Half', 'AwayScore': 40, 'HomeScore': 83}]"
75,71618,2026,1,Final,2025-11-11T00:00:00,2025-11-11T18:30:00,SUNYD,ALBNY,1253,13,69.0,153.0,2025-11-13T00:34:31,F,0.0,0.0,,,,,60071618,60001253,60000013,,,,,,,,,,,Scrambled,True,2025-11-11T20:20:12,,,,,ESPN+,False,,,,,2025-11-11T23:30:00,2223.0,"{'StadiumID': 215, 'Active': True, 'Name': 'Broadview Center', 'Address': None, 'City': 'Albany', 'State': 'NY', 'Zip': None, 'Country': None, 'Capacity': 4280, 'GeoLat': 42.681667, 'GeoLong': -73.828333}","[{'PeriodID': 117003, 'GameID': 71618, 'Number': 1, 'Name': '1', 'Type': 'Half', 'AwayScore': 32, 'HomeScore': 71}, {'PeriodID': 117045, 'GameID': 71618, 'Number': 2, 'Name': '2', 'Type': 'Half', 'AwayScore': 37, 'HomeScore': 83}]"
76,71958,2026,1,Final,2025-11-11T00:00:00,2025-11-11T19:00:00,NORFST,OLD,191,138,76.0,80.0,2025-11-13T00:34:31,F,0.0,0.0,-11.3,199.0,423.0,-563.0,60071958,60000191,60000138,,,,,,,,,,,Scrambled,True,2025-11-11T20:54:44,407978.0,407977.0,,,ESPN+,False,-146.0,-149.0,-146.0,-146.0,2025-11-12T00:00:00,7951.0,"{'StadiumID': 37, 'Active': True, 'Name': 'Chartway Arena', 'Address': None, 'City': 'Norfolk', 'State': 'VA', 'Zip': None, 'Country': None, 'Capacity': 8472, 'GeoLat': 36.884169, 'GeoLong': -76.301231}","[{'PeriodID': 117034, 'GameID': 71958, 'Number': 1, 'Name': '1', 'Type': 'Half', 'AwayScore': 37, 'HomeScore': 43}, {'PeriodID': 117084, 'GameID': 71958, 'Number': 2, 'Name': '2', 'Type': 'Half', 'AwayScore': 39, 'HomeScore': 37}]"
77,71996,2026,1,Final,2025-11-11T00:00:00,2025-11-11T20:00:00,STFR,ILLCHI,483,157,73.0,130.0,2025-11-13T00:34:31,F,0.0,0.0,,,,,60071996,60000483,60000157,,,,,,,,,,,Scrambled,True,2025-11-11T21:55:03,,,,,ESPN+,False,,,,,2025-11-12T01:00:00,2187.0,"{'StadiumID': 225, 'Active': True, 'Name': 'Credit Union 1 Arena', 'Address': None, 'City': 'Chicago', 'State': 'IL', 'Zip': None, 'Country': None, 'Capacity': 8000, 'GeoLat': 41.874722, 'GeoLong': -87.656111}","[{'PeriodID': 117063, 'GameID': 71996, 'Number': 1, 'Name': '1', 'Type': 'Half', 'AwayScore': 33, 'HomeScore': 60}, {'PeriodID': 117125, 'GameID': 71996, 'Number': 2, 'Name': '2', 'Type': 'Half', 'AwayScore': 40, 'HomeScore': 71}]"
78,72046,2026,1,Final,2025-11-11T00:00:00,2025-11-11T20:00:00,MYVLST,NDAK,490,71,77.0,170.0,2025-11-13T00:34:31,F,0.0,0.0,,,,,60072046,60000490,60000071,,,,,,,,,,,Scrambled,True,2025-11-11T21:50:07,,,,,Summ,False,,,,,2025-11-12T01:00:00,1721.0,"{'StadiumID': 336, 'Active': True, 'Name': 'Betty Engelstad Sioux Center', 'Address': None, 'City': 'Grand Forks', 'State': 'ND', 'Zip': None, 'Country': None, 'Capacity': 3140, 'GeoLat': 47.927641, 'GeoLong': -97.071438}","[{'PeriodID': 117074, 'GameID': 72046, 'Number': 1, 'Name': '1', 'Type': 'Half', 'AwayScore': 37, 'HomeScore': 77}, {'PeriodID': 117121, 'GameID': 72046, 'Number': 2, 'Name': '2', 'Type': 'Half', 'AwayScore': 40, 'HomeScore': 93}]"
79,72047,2026,1,Final,2025-11-11T00:00:00,2025-11-11T20:00:00,OAKA,TENST,859,235,101.0,152.0,2025-11-13T00:34:31,F,0.0,0.0,,,,,60072047,60000859,60000235,,,,,,,,,,,Scrambled,True,2025-11-11T21:57:04,,,,,ESPN+,False,,,,,2025-11-12T01:00:00,475.0,"{'StadiumID': 206, 'Active': True, 'Name': 'Gentry Center', 'Address': None, 'City': 'Nashville', 'State': 'TN', 'Zip': None, 'Country': None, 'Capacity': 9100, 'GeoLat': 36.168889, 'GeoLong': -86.829444}","[{'PeriodID': 117072, 'GameID': 72047, 'Number': 1, 'Name': '1', 'Type': 'Half', 'AwayScore': 51, 'HomeScore': 73}, {'PeriodID': 117113, 'GameID': 72047, 'Number': 2, 'Name': '2', 'Type': 'Half', 'AwayScore': 51, 'HomeScore': 79}]"
80,72048,2026,1,Final,2025-11-11T00:00:00,2025-11-11T22:00:00,OHIO,STMRY,180,335,80.0,120.0,2025-11-13T00:34:31,F,0.0,0.0,-23.3,192.3,1398.0,-3077.0,60072048,60000180,60000335,,,,,,,,,,,Scrambled,True,2025-11-11T23:58:30,894.0,893.0,,,ESPN+,False,-146.0,-149.0,-149.0,-145.0,2025-11-12T03:00:00,3012.0,"{'StadiumID': 96, 'Active': True, 'Name': 'University Credit Union Pavilion', 'Address': ""1928 Saint Mary's Road"", 'City': 'Moraga', 'State': 'CA', 'Zip': '94575', 'Country': 'USA', 'Capacity': 3500, 'GeoLat': 37.841247, 'GeoLong': -122.106409}","[{'PeriodID': 117137, 'GameID': 72048, 'Number': 1, 'Name': '1', 'Type': 'Half', 'AwayScore': 36, 'HomeScore': 60}, {'PeriodID': 117152, 'GameID': 72048, 'Number': 2, 'Name': '2', 'Type': 'Half', 'AwayScore': 44, 'HomeScore': 60}]"
81,72497,2026,1,Final,2025-11-11T00:00:00,2025-11-11T21:30:00,NMH,NMXST,391,344,77.0,98.0,2025-11-13T00:34:31,F,0.0,0.0,,,,,60072497,60000391,60000344,,,,,,,,,,,Scrambled,True,2025-11-11T23:48:12,,,,,ESPN+,False,,,,,2025-11-12T02:30:00,3856.0,"{'StadiumID': 77, 'Active': True, 'Name': 'Pan American Center', 'Address': None, 'City': 'Las Cruces', 'State': 'NM', 'Zip': None, 'Country': None, 'Capacity': 12572, 'GeoLat': 32.284, 'GeoLong': -106.7422}","[{'PeriodID': 117133, 'GameID': 72497, 'Number': 1, 'Name': '1', 'Type': 'Half', 'AwayScore': 32, 'HomeScore': 39}, {'PeriodID': 117151, 'GameID': 72497, 'Number': 2, 'Name': '2', 'Type': 'Half', 'AwayScore': 45, 'HomeScore': 60}]"
0,67361,2026,1,Final,2025-11-10T00:00:00,2025-11-10T21:00:00,SELOU,GTECH,300,32,73.0,85.0,2025-11-11T00:31:21,F,0.0,0.0,-18.8,163.6,1029.0,-1860.0,60067361,60000300,60000032,,,,,,,,,,,Scrambled,True,2025-11-10T23:20:45,372884.0,372883.0,,,ACCN,False,-134.0,-134.0,-136.0,-134.0,2025-11-11T02:00:00,4585.0,"{'StadiumID': 129, 'Active': True, 'Name': 'McCamish Pavilion', 'Address': None, 'City': 'Atlanta', 'State': 'GA', 'Zip': None, 'Country': None, 'Capacity': 8600, 'GeoLat': 33.780833, 'GeoLong': -84.392778}","[{'PeriodID': 116970, 'GameID': 67361, 'Number': 1, 'Name': '1', 'Type': 'Half', 'AwayScore': 38, 'HomeScore': 35}, {'PeriodID': 116984, 'GameID': 67361, 'Number': 2, 'Name': '2', 'Type': 'Half', 'AwayScore': 35, 'HomeScore': 50}]"
1,67362,2026,1,Final,2025-11-10T00:00:00,2025-11-10T20:00:00,NO,LSU,297,269,71.0,113.0,2025-11-11T00:31:21,F,0.0,0.0,-23.7,195.8,1527.0,-3830.0,60067362,60000297,60000269,,,,,,,,,,,Scrambled,True,2025-11-10T21:55:12,372877.0,372875.0,,,SEC,False,-135.0,-135.0,-137.0,-134.0,2025-11-11T01:00:00,6505.0,"{'StadiumID': 110, 'Active': True, 'Name': 'Pete Maravich Assembly Center', 'Address': None, 'City': 'Baton Rouge', 'State': 'LA', 'Zip': None, 'Country': None, 'Capacity': 13215, 'GeoLat': 30.4142, 'GeoLong': -91.1845}","[{'PeriodID': 116945, 'GameID': 67362, 'Number': 1, 'Name': '1', 'Type': 'Half', 'AwayScore': 39, 'HomeScore': 54}, {'PeriodID': 116969, 'GameID': 67362, 'Number': 2, 'Name': '2', 'Type': 'Half', 'AwayScore': 32, 'HomeScore': 60}]"
2,67715,2026,1,Final,2025-11-10T00:00:00,2025-11-10T19:00:00,STETSN,MIA,41,23,74.0,124.0,2025-11-11T00:31:21,F,0.0,0.0,-42.0,197.6,,,60067715,60000041,60000023,,,,,,,,,,,Scrambled,True,2025-11-10T21:08:04,372867.0,372866.0,,,ACCN,False,-137.0,-131.0,-137.0,-135.0,2025-11-11T00:00:00,4105.0,"{'StadiumID': 115, 'Active': True, 'Name': 'Watsco Center', 'Address': None, 'City': 'Coral Gables', 'State': 'FL', 'Zip': None, 'Country': None, 'Capacity': 7972, 'GeoLat': 25.715, 'GeoLong': -80.279167}","[{'PeriodID': 116924, 'GameID': 67715, 'Number': 1, 'Name': '1', 'Type': 'Half', 'AwayScore': 44, 'HomeScore': 67}, {'PeriodID': 116956, 'GameID': 67715, 'Number': 2, 'Name': '2', 'Type': 'Half', 'AwayScore': 30, 'HomeScore': 57}]"
3,67858,2026,1,Final,2025-11-10T00:00:00,2025-11-10T20:00:00,LAMAR,TCU,303,114,79.0,95.0,2025-11-11T00:31:21,F,0.0,0.0,-22.5,180.6,1504.0,-4033.0,60067858,60000303,60000114,,,,,,,,,,,Scrambled,True,2025-11-10T22:05:43,372879.0,372878.0,,,ESPN+,False,-135.0,-135.0,-134.0,-135.0,2025-11-11T01:00:00,4567.0,"{'StadiumID': 85, 'Active': True, 'Name': 'Ed and Rae Schollmaier Arena', 'Address': None, 'City': 'Fort Worth', 'State': 'TX', 'Zip': None, 'Country': None, 'Capacity': 6800, 'GeoLat': 32.708774, 'GeoLong': -97.36673}","[{'PeriodID': 116947, 'GameID': 67858, 'Number': 1, 'Name': '1', 'Type': 'Half', 'AwayScore': 46, 'HomeScore': 47}, {'PeriodID': 116975, 'GameID': 67858, 'Number': 2, 'Name': '2', 'Type': 'Half', 'AwayScore': 33, 'HomeScore': 47}]"
4,68159,2026,1,Final,2025-11-10T00:00:00,2025-11-10T18:30:00,COLMB,UCONN,159,3,75.0,108.0,2025-11-11T00:31:21,F,0.0,0.0,-39.5,188.5,12160.0,-121600.0,60068159,60000159,60000003,,,,,,,,,,,Scrambled,True,2025-11-10T20:34:20,880.0,879.0,,,FS1,False,-137.0,-134.0,-136.0,-134.0,2025-11-10T23:30:00,10244.0,"{'StadiumID': 290, 'Active': True, 'Name': 'Gampel Pavilion', 'Address': None, 'City': 'Storrs', 'State': 'CT', 'Zip': None, 'Country': None, 'Capacity': 10167, 'GeoLat': 41.805292, 'GeoLong': -72.254194}","[{'PeriodID': 116918, 'GameID': 68159, 'Number': 1, 'Name': '1', 'Type': 'Half', 'AwayScore': 33, 'HomeScore': 61}, {'PeriodID': 116936, 'GameID': 68159, 'Number': 2, 'Name': '2', 'Type': 'Half', 'AwayScore': 43, 'HomeScore': 47}]"
5,68160,2026,1,Final,2025-11-10T00:00:00,2025-11-10T21:00:00,HOLY,UTAH,264,248,84.0,106.0,2025-11-11T00:31:21,F,0.0,0.0,-26.1,189.1,1763.0,-7570.0,60068160,60000264,60000248,,,,,,,,,,,Scrambled,True,2025-11-10T22:59:32,372882.0,372880.0,,,ESPN+,False,-135.0,-135.0,-134.0,-135.0,2025-11-11T02:00:00,6570.0,"{'StadiumID': 102, 'Active': True, 'Name': 'Jon M. Huntsman Center', 'Address': None, 'City': 'Salt Lake City', 'State': 'UT', 'Zip': None, 'Country': None, 'Capacity': 15000, 'GeoLat': 40.762, 'GeoLong': -111.839}","[{'PeriodID': 116967, 'GameID': 68160, 'Number': 1, 'Name': '1', 'Type': 'Half', 'AwayScore': 41, 'HomeScore': 58}, {'PeriodID': 116982, 'GameID': 68160, 'Number': 2, 'Name': '2', 'Type': 'Half', 'AwayScore': 43, 'HomeScore': 47}]"
6,68300,2026,1,Final,2025-11-10T00:00:00,2025-11-10T18:30:00,DELST,NIAGRA,201,175,69.0,83.0,2025-11-11T00:31:21,F,0.0,0.0,-6.7,167.8,241.0,-298.0,60068300,60000201,60000175,,,,,,,,,,,Scrambled,True,2025-11-10T20:42:36,372862.0,372861.0,,,ESPN+,False,-134.0,-136.0,-135.0,-135.0,2025-11-10T23:30:00,1676.0,"{'StadiumID': 187, 'Active': True, 'Name': 'Gallagher Center', 'Address': None, 'City': 'Niagara Falls', 'State': 'NY', 'Zip': None, 'Country': None, 'Capacity': 2400, 'GeoLat': 43.137035, 'GeoLong': -79.038026}","[{'PeriodID': 116922, 'GameID': 68300, 'Number': 1, 'Name': '1', 'Type': 'Half', 'AwayScore': 32, 'HomeScore': 41}, {'PeriodID': 116943, 'GameID': 68300, 'Number': 2, 'Name': '2', 'Type': 'Half', 'AwayScore': 38, 'HomeScore': 41}]"
7,68485,2026,1,Final,2025-11-10T00:00:00,2025-11-10T22:00:00,UWG,UCLA,1391,253,75.0,101.0,2025-11-11T00:31:21,F,0.0,0.0,-37.1,178.1,,,60068485,60001391,60000253,,,,,,,,,,,Scrambled,True,2025-11-11T00:00:01,372886.0,372885.0,,,B1G+,False,-136.0,-134.0,-134.0,-137.0,2025-11-11T03:00:00,4133.0,"{'StadiumID': 109, 'Active': True, 'Name': 'Pauley Pavilion', 'Address': None, 'City': 'Los Angeles', 'State': 'CA', 'Zip': None, 'Country': None, 'Capacity': 13800, 'GeoLat': 34.070211, 'GeoLong': -118.446775}","[{'PeriodID': 116981, 'GameID': 68485, 'Number': 1, 'Name': '1', 'Type': 'Half', 'AwayScore': 39, 'HomeScore': 45}, {'PeriodID': 116988, 'GameID': 68485, 'Number': 2, 'Name': '2', 'Type': 'Half', 'AwayScore': 36, 'HomeScore': 56}]"
8,68517,2026,1,Final,2025-11-10T00:00:00,2025-11-10T22:00:00,CSUFL,CAH,123,251,79.0,113.0,2025-11-11T00:31:21,F,0.0,0.0,-27.4,197.0,1815.0,-5887.0,60068517,60000123,60000251,,,,,,,,,,,Scrambled,True,2025-11-11T00:03:49,910.0,908.0,,,ACC,False,-131.0,-137.0,-136.0,-134.0,2025-11-11T03:00:00,2377.0,"{'StadiumID': 210, 'Active': True, 'Name': 'Haas Pavilion', 'Address': None, 'City': 'Berkeley', 'State': 'CA', 'Zip': None, 'Country': None, 'Capacity': 11858, 'GeoLat': 37.8694, 'GeoLong': -122.262}","[{'PeriodID': 116980, 'GameID': 68517, 'Number': 1, 'Name': '1', 'Type': 'Half', 'AwayScore': 33, 'HomeScore': 51}, {'PeriodID': 116987, 'GameID': 68517, 'Number': 2, 'Name': '2', 'Type': 'Half', 'AwayScore': 46, 'HomeScore': 62}]"
9,68518,2026,1,Final,2025-11-10T00:00:00,2025-11-10T20:00:00,JAC,STLOU,741,54,80.0,133.0,2025-11-11T00:31:21,F,0.0,0.0,-29.8,201.2,2078.0,-7448.0,60068518,60000741,60000054,,,,,,,,,,,Scrambled,True,2025-11-10T22:03:25,895.0,894.0,,,ESPN+,False,-133.0,-137.0,-136.0,-133.0,2025-11-11T01:00:00,3710.0,"{'StadiumID': 50, 'Active': True, 'Name': 'Chaifetz Arena', 'Address': None, 'City': 'St. Louis', 'State': 'MO', 'Zip': None, 'Country': None, 'Capacity': 10600, 'GeoLat': 38.63246, 'GeoLong': -90.22797}","[{'PeriodID': 116951, 'GameID': 68518, 'Number': 1, 'Name': '1', 'Type': 'Half', 'AwayScore': 33, 'HomeScore': 52}, {'PeriodID': 116974, 'GameID': 68518, 'Number': 2, 'Name': '2', 'Type': 'Half', 'AwayScore': 47, 'HomeScore': 80}]"
10,68749,2026,1,Final,2025-11-10T00:00:00,2025-11-10T19:00:00,EMICH,PITT,187,28,80.0,95.0,2025-11-11T00:31:21,F,0.0,0.0,-18.8,171.5,1104.0,-2303.0,60068749,60000187,60000028,,,,,,,,,,,Scrambled,True,2025-11-10T21:03:08,888.0,886.0,,,ACC,False,-131.0,-137.0,-134.0,-136.0,2025-11-11T00:00:00,4572.0,"{'StadiumID': 31, 'Active': True, 'Name': 'Petersen Events Center', 'Address': None, 'City': 'Pittsburgh', 'State': 'PA', 'Zip': None, 'Country': None, 'Capacity': 12508, 'GeoLat': 40.443777, 'GeoLong': -79.962274}","[{'PeriodID': 116923, 'GameID': 68749, 'Number': 1, 'Name': '1', 'Type': 'Half', 'AwayScore': 39, 'HomeScore': 55}, {'PeriodID': 116950, 'GameID': 68749, 'Number': 2, 'Name': '2', 'Type': 'Half', 'AwayScore': 41, 'HomeScore': 40}]"
11,69082,2026,1,Final,2025-11-10T00:00:00,2025-11-10T20:00:00,IOWAST,MSPST,110,278,117.0,97.0,2025-11-11T00:31:21,F,0.0,0.0,8.1,183.0,-298.0,237.0,60069082,60000110,60000278,,,,,,,,,,,Scrambled,True,2025-11-10T22:05:40,891.0,893.0,,,ESPNU,True,-134.0,-135.0,-133.0,-139.0,2025-11-11T01:00:00,3426.0,"{'StadiumID': 388, 'Active': True, 'Name': 'Sanford Pentagon', 'Address': None, 'City': 'Sioux Falls', 'State': 'SD', 'Zip': None, 'Country': None, 'Capacity': 3250, 'GeoLat': 43.593056, 'GeoLong': -96.758611}","[{'PeriodID': 116949, 'GameID': 69082, 'Number': 1, 'Name': '1', 'Type': 'Half', 'AwayScore': 64, 'HomeScore': 43}, {'PeriodID': 116973, 'GameID': 69082, 'Number': 2, 'Name': '2', 'Type': 'Half', 'AwayScore': 52, 'HomeScore': 55}]"
12,69264,2026,1,Final,2025-11-10T00:00:00,2025-11-10T19:00:00,CHSOU,CITA,88,288,117.0,105.0,2025-11-11T00:31:21,F,0.0,0.0,3.7,176.3,-173.0,141.0,60069264,60000088,60000288,,,,,,,,,,,Scrambled,True,2025-11-10T21:06:58,372874.0,372873.0,,,ESPN+,False,-135.0,-134.0,-134.0,-139.0,2025-11-11T00:00:00,1719.0,"{'StadiumID': 291, 'Active': True, 'Name': 'McAlister Field House', 'Address': None, 'City': 'Charleston', 'State': 'SC', 'Zip': None, 'Country': None, 'Capacity': 6000, 'GeoLat': 32.798508, 'GeoLong': -79.962573}","[{'PeriodID': 116932, 'GameID': 69264, 'Number': 1, 'Name': '1', 'Type': 'Half', 'AwayScore': 55, 'HomeScore': 58}, {'PeriodID': 116955, 'GameID': 69264, 'Number': 2, 'Name': '2', 'Type': 'Half', 'AwayScore': 62, 'HomeScore': 46}]"
13,69265,2026,1,Final,2025-11-10T00:00:00,2025-11-10T18:30:00,MAINE,RUTGER,17,103,73.0,88.0,2025-11-11T00:31:21,F,0.0,0.0,-21.3,159.9,1722.0,-4784.0,60069265,60000017,60000103,,,,,,,,,,,Scrambled,True,2025-11-10T20:43:19,372860.0,372858.0,,,BTN,False,-134.0,-136.0,-134.0,-136.0,2025-11-10T23:30:00,8000.0,"{'StadiumID': 114, 'Active': True, 'Name': ""Jersey Mike's Arena"", 'Address': None, 'City': 'Piscataway', 'State': 'NJ', 'Zip': None, 'Country': None, 'Capacity': 8000, 'GeoLat': 40.525278, 'GeoLong': -74.441111}","[{'PeriodID': 116919, 'GameID': 69265, 'Number': 1, 'Name': '1', 'Type': 'Half', 'AwayScore': 36, 'HomeScore': 45}, {'PeriodID': 116942, 'GameID': 69265, 'Number': 2, 'Name': '2', 'Type': 'Half', 'AwayScore': 36, 'HomeScore': 43}]"
14,69592,2026,1,Final,2025-11-10T00:00:00,2025-11-10T20:00:00,ARLR,WBD,323,151,88.0,112.0,2025-11-11T00:31:21,F,0.0,0.0,-4.3,190.9,186.0,-224.0,60069592,60000323,60000151,,,,,,,,,,,Scrambled,True,2025-11-10T22:07:24,897.0,896.0,,,ESPN+,False,-126.0,-141.0,-134.0,-134.0,2025-11-11T01:00:00,1412.0,"{'StadiumID': 164, 'Active': True, 'Name': 'UW-Milwaukee Panther Arena', 'Address': None, 'City': 'Milwaukee', 'State': 'WI', 'Zip': None, 'Country': None, 'Capacity': 10783, 'GeoLat': 43.042222, 'GeoLong': -87.916944}","[{'PeriodID': 116948, 'GameID': 69592, 'Number': 1, 'Name': '1', 'Type': 'Half', 'AwayScore': 46, 'HomeScore': 50}, {'PeriodID': 116971, 'GameID': 69592, 'Number': 2, 'Name': '2', 'Type': 'Half', 'AwayScore': 41, 'HomeScore': 62}]"
15,69747,2026,1,Final,2025-11-10T00:00:00,2025-11-10T20:30:00,SANCLR,XAV,341,59,106.0,83.0,2025-11-11T00:31:21,F,0.0,0.0,-4.3,187.9,171.0,-210.0,60069747,60000341,60000059,,,,,,,,,,,Scrambled,True,2025-11-10T22:42:32,900.0,899.0,,,FS1,False,-134.0,-134.0,-137.0,-131.0,2025-11-11T01:30:00,9830.0,"{'StadiumID': 66, 'Active': True, 'Name': 'Cintas Center', 'Address': None, 'City': 'Cincinnati', 'State': 'OH', 'Zip': None, 'Country': None, 'Capacity': 10224, 'GeoLat': 39.150148, 'GeoLong': -84.471881}","[{'PeriodID': 116963, 'GameID': 69747, 'Number': 1, 'Name': '1', 'Type': 'Half', 'AwayScore': 47, 'HomeScore': 24}, {'PeriodID': 116978, 'GameID': 69747, 'Number': 2, 'Name': '2', 'Type': 'Half', 'AwayScore': 58, 'HomeScore': 58}]"
16,69748,2026,1,Final,2025-11-10T00:00:00,2025-11-10T21:00:00,NILL,GCAN,186,345,72.0,107.0,2025-11-11T00:31:21,F,0.0,0.0,-26.8,198.8,1588.0,-5426.0,60069748,60000186,60000345,,,,,,,,,,,Scrambled,True,2025-11-10T23:12:44,905.0,903.0,,,MWN,False,-135.0,-135.0,-134.0,-136.0,2025-11-11T02:00:00,7008.0,"{'StadiumID': 172, 'Active': True, 'Name': 'GCU Arena', 'Address': None, 'City': 'Phoenix', 'State': 'AZ', 'Zip': None, 'Country': None, 'Capacity': 7000, 'GeoLat': 33.510152, 'GeoLong': -112.128884}","[{'PeriodID': 116972, 'GameID': 69748, 'Number': 1, 'Name': '1', 'Type': 'Half', 'AwayScore': 35, 'HomeScore': 52}, {'PeriodID': 116983, 'GameID': 69748, 'Number': 2, 'Name': '2', 'Type': 'Half', 'AwayScore': 36, 'HomeScore': 55}]"
17,69749,2026,1,Final,2025-11-10T00:00:00,2025-11-10T19:00:00,GNV,ROBMS,797,230,57.0,113.0,2025-11-11T00:31:21,F,0.0,0.0,,,,,60069749,60000797,60000230,,,,,,,,,,,Scrambled,True,2025-11-10T20:40:59,,,,,ESPN+,False,,,,,2025-11-11T00:00:00,1589.0,"{'StadiumID': 447, 'Active': True, 'Name': 'UPMC Events Center', 'Address': None, 'City': 'Moon Township', 'State': 'PA', 'Zip': None, 'Country': None, 'Capacity': 4000, 'GeoLat': 40.520212, 'GeoLong': -80.21476}","[{'PeriodID': 116928, 'GameID': 69749, 'Number': 1, 'Name': '1', 'Type': 'Half', 'AwayScore': 32, 'HomeScore': 54}, {'PeriodID': 116944, 'GameID': 69749, 'Number': 2, 'Name': '2', 'Type': 'Half', 'AwayScore': 26, 'HomeScore': 60}]"
18,69750,2026,1,Final,2025-11-10T00:00:00,2025-11-10T19:00:00,WKENT,EKENT,144,237,106.0,96.0,2025-11-11T00:31:21,F,0.0,0.0,2.2,197.0,-156.0,128.0,60069750,60000144,60000237,,,,,,,,,,,Scrambled,True,2025-11-10T21:04:43,372872.0,372871.0,,,ESPN+,False,-134.0,-134.0,-137.0,-134.0,2025-11-11T00:00:00,4021.0,"{'StadiumID': 91, 'Active': True, 'Name': 'Baptist Health Arena', 'Address': None, 'City': 'Richmond', 'State': 'KY', 'Zip': None, 'Country': None, 'Capacity': 6500, 'GeoLat': 37.737222, 'GeoLong': -84.301389}","[{'PeriodID': 116931, 'GameID': 69750, 'Number': 1, 'Name': '1', 'Type': 'Half', 'AwayScore': 45, 'HomeScore': 44}, {'PeriodID': 116954, 'GameID': 69750, 'Number': 2, 'Name': '2', 'Type': 'Half', 'AwayScore': 61, 'HomeScore': 52}]"
19,69751,2026,1,Final,2025-11-10T00:00:00,2025-11-10T19:00:00,FAIR,SETON,170,60,72.0,100.0,2025-11-11T00:31:21,F,0.0,0.0,-17.6,167.2,916.0,-1598.0,60069751,60000170,60000060,,,,,,,,,,,Scrambled,True,2025-11-10T21:13:12,883.0,882.0,,,ESPN+,False,-136.0,-135.0,-134.0,-136.0,2025-11-11T00:00:00,1297.0,"{'StadiumID': 18, 'Active': True, 'Name': 'Walsh Gymnasium', 'Address': None, 'City': 'South Orange', 'State': 'NJ', 'Zip': None, 'Country': None, 'Capacity': 1284, 'GeoLat': 40.74169, 'GeoLong': -74.244921}","[{'PeriodID': 116929, 'GameID': 69751, 'Number': 1, 'Name': '1', 'Type': 'Half', 'AwayScore': 34, 'HomeScore': 43}, {'PeriodID': 116959, 'GameID': 69751, 'Number': 2, 'Name': '2', 'Type': 'Half', 'AwayScore': 38, 'HomeScore': 57}]"
20,69752,2026,1,Final,2025-11-10T00:00:00,2025-11-10T18:30:00,PSSHEN,YNGST,1408,155,64.0,140.0,2025-11-11T00:31:21,F,0.0,0.0,,,,,60069752,60001408,60000155,,,,,,,,,,,Scrambled,True,2025-11-10T20:22:53,,,,,ESPN+,False,,,,,2025-11-10T23:30:00,1861.0,"{'StadiumID': 349, 'Active': True, 'Name': 'Beeghly Center', 'Address': None, 'City': 'Youngstown', 'State': 'OH', 'Zip': None, 'Country': None, 'Capacity': 6300, 'GeoLat': 41.108056, 'GeoLong': -80.648889}","[{'PeriodID': 116920, 'GameID': 69752, 'Number': 1, 'Name': '1', 'Type': 'Half', 'AwayScore': 41, 'HomeScore': 52}, {'PeriodID': 116940, 'GameID': 69752, 'Number': 2, 'Name': '2', 'Type': 'Half', 'AwayScore': 23, 'HomeScore': 88}]"
21,69753,2026,1,Final,2025-11-10T00:00:00,2025-11-10T19:00:00,NCW,KENTST,124,178,94.0,105.0,2025-11-11T00:31:21,F,0.0,0.0,-3.6,190.3,163.0,-197.0,60069753,60000124,60000178,,,,,,,,,,,Scrambled,True,2025-11-10T21:38:47,885.0,884.0,,,ESPN+,False,-134.0,-136.0,-136.0,-133.0,2025-11-11T00:00:00,2435.0,"{'StadiumID': 240, 'Active': True, 'Name': 'MAC Center', 'Address': None, 'City': 'Kent', 'State': 'OH', 'Zip': None, 'Country': None, 'Capacity': 6327, 'GeoLat': 41.148, 'GeoLong': -81.344}","[{'PeriodID': 116939, 'GameID': 69753, 'Number': 1, 'Name': '1', 'Type': 'Half', 'AwayScore': 41, 'HomeScore': 52}, {'PeriodID': 116965, 'GameID': 69753, 'Number': 2, 'Name': '2', 'Type': 'Half', 'AwayScore': 52, 'HomeScore': 52}]"
22,70354,2026,1,Final,2025-11-10T00:00:00,2025-11-10T21:30:00,STMN,WASHST,1112,256,86.0,98.0,2025-11-11T00:31:21,F,0.0,0.0,-3.0,192.7,154.0,-188.0,60070354,60001112,60000256,,,,,,,,,,,Scrambled,True,2025-11-10T23:17:06,907.0,906.0,,,ESPN+,False,-131.0,-139.0,-135.0,-135.0,2025-11-11T02:30:00,2845.0,"{'StadiumID': 182, 'Active': True, 'Name': 'Friel Court', 'Address': None, 'City': 'Pullman', 'State': 'WA', 'Zip': None, 'Country': None, 'Capacity': 11671, 'GeoLat': 46.735, 'GeoLong': -117.1575}","[{'PeriodID': 116976, 'GameID': 70354, 'Number': 1, 'Name': '1', 'Type': 'Half', 'AwayScore': 36, 'HomeScore': 61}, {'PeriodID': 116985, 'GameID': 70354, 'Number': 2, 'Name': '2', 'Type': 'Half', 'AwayScore': 50, 'HomeScore': 38}]"
23,70355,2026,1,Final,2025-11-10T00:00:00,2025-11-10T20:00:00,ARBAP,TXA,772,325,74.0,142.0,2025-11-11T00:31:21,F,0.0,0.0,,,,,60070355,60000772,60000325,,,,,,,,,,,Scrambled,True,2025-11-10T21:50:28,,,,,ESPN+,False,,,,,2025-11-11T01:00:00,763.0,"{'StadiumID': 332, 'Active': True, 'Name': 'College Park Center', 'Address': None, 'City': 'Arlington', 'State': 'TX', 'Zip': None, 'Country': None, 'Capacity': 7000, 'GeoLat': 32.730586, 'GeoLong': -97.107972}","[{'PeriodID': 116946, 'GameID': 70355, 'Number': 1, 'Name': '1', 'Type': 'Half', 'AwayScore': 38, 'HomeScore': 68}, {'PeriodID': 116968, 'GameID': 70355, 'Number': 2, 'Name': '2', 'Type': 'Half', 'AwayScore': 36, 'HomeScore': 74}]"
24,70572,2026,1,Final,2025-11-10T00:00:00,2025-11-10T01:00:00,TXAMC,HAWAII,392,115,90.0,122.0,2025-11-21T04:39:40,F,0.0,0.0,-22.5,176.9,1552.0,-4727.0,60070572,60000392,60000115,,,,,,,,,,,Scrambled,True,2025-11-11T04:15:58,,,,,SPEC,False,-130.0,-139.0,-136.0,-131.0,2025-11-10T06:00:00,3947.0,"{'StadiumID': 142, 'Active': True, 'Name': 'Stan Sheriff Center', 'Address': None, 'City': 'Honolulu', 'State': 'HI', 'Zip': None, 'Country': None, 'Capacity': 10300, 'GeoLat': 21.294292, 'GeoLong': -157.818875}","[{'PeriodID': 116907, 'GameID': 70572, 'Number': 1, 'Name': '1', 'Type': 'Half', 'AwayScore': 36, 'HomeScore': 62}, {'PeriodID': 116908, 'GameID': 70572, 'Number': 2, 'Name': '2', 'Type': 'Half', 'AwayScore': 54, 'HomeScore': 60}]"
25,70573,2026,1,Final,2025-11-10T00:00:00,2025-11-10T18:30:00,KENN,FURMAN,632,283,72.0,108.0,2025-11-11T00:31:21,F,0.0,0.0,,,,,60070573,60000632,60000283,,,,,,,,,,,Scrambled,True,2025-11-10T20:19:43,,,,,ESPN+,False,,,,,2025-11-10T23:30:00,1967.0,"{'StadiumID': 199, 'Active': True, 'Name': 'Timmons Arena', 'Address': None, 'City': 'Greenville', 'State': 'SC', 'Zip': None, 'Country': None, 'Capacity': 2500, 'GeoLat': 34.925833, 'GeoLong': -82.435556}","[{'PeriodID': 116921, 'GameID': 70573, 'Number': 1, 'Name': '1', 'Type': 'Half', 'AwayScore': 30, 'HomeScore': 60}, {'PeriodID': 116941, 'GameID': 70573, 'Number': 2, 'Name': '2', 'Type': 'Half', 'AwayScore': 41, 'HomeScore': 49}]"
26,70971,2026,1,Final,2025-11-10T00:00:00,2025-11-10T19:00:00,PRESB,GAST,89,328,77.0,74.0,2025-11-11T00:31:21,F,0.0,0.0,-4.3,172.1,163.0,-203.0,60070971,60000089,60000328,,,,,,,,,,,Scrambled,True,2025-11-10T21:01:07,372865.0,372863.0,,,ESPN+,False,-136.0,-134.0,-134.0,-134.0,2025-11-11T00:00:00,1262.0,"{'StadiumID': 559, 'Active': True, 'Name': 'GSU Convocation Center', 'Address': None, 'City': 'Atlanta', 'State': 'GA', 'Zip': None, 'Country': None, 'Capacity': 7500, 'GeoLat': None, 'GeoLong': None}","[{'PeriodID': 116930, 'GameID': 70971, 'Number': 1, 'Name': '1', 'Type': 'Half', 'AwayScore': 30, 'HomeScore': 43}, {'PeriodID': 116957, 'GameID': 70971, 'Number': 2, 'Name': '2', 'Type': 'Half', 'AwayScore': 46, 'HomeScore': 32}]"
27,70972,2026,1,Final,2025-11-10T00:00:00,2025-11-10T20:30:00,CLVST,NW,156,100,77.0,134.0,2025-11-11T00:31:21,F,0.0,0.0,-28.6,184.8,2462.0,-10792.0,60070972,60000156,60000100,,,,,,,,,,,Scrambled,True,2025-11-10T22:27:09,902.0,901.0,,,BTN,False,-134.0,-136.0,-136.0,-134.0,2025-11-11T01:30:00,4426.0,"{'StadiumID': 100, 'Active': True, 'Name': 'Welsh-Ryan Arena', 'Address': None, 'City': 'Evanston', 'State': 'IL', 'Zip': None, 'Country': None, 'Capacity': 7039, 'GeoLat': 42.066944, 'GeoLong': -87.692778}","[{'PeriodID': 116964, 'GameID': 70972, 'Number': 1, 'Name': '1', 'Type': 'Half', 'AwayScore': 34, 'HomeScore': 64}, {'PeriodID': 116977, 'GameID': 70972, 'Number': 2, 'Name': '2', 'Type': 'Half', 'AwayScore': 43, 'HomeScore': 69}]"
28,70973,2026,1,Final,2025-11-10T00:00:00,2025-11-10T19:00:00,VULYN,TENTCH,1147,234,71.0,143.0,2025-11-11T00:31:21,F,0.0,0.0,,,,,60070973,60001147,60000234,,,,,,,,,,,Scrambled,True,2025-11-10T20:59:54,,,,,ESPN+,False,,,,,2025-11-11T00:00:00,540.0,"{'StadiumID': 167, 'Active': True, 'Name': 'Hooper Eblen Center', 'Address': None, 'City': 'Cookeville', 'State': 'TN', 'Zip': None, 'Country': None, 'Capacity': 9280, 'GeoLat': 36.178508, 'GeoLong': -85.51}","[{'PeriodID': 116927, 'GameID': 70973, 'Number': 1, 'Name': '1', 'Type': 'Half', 'AwayScore': 30, 'HomeScore': 64}, {'PeriodID': 116953, 'GameID': 70973, 'Number': 2, 'Name': '2', 'Type': 'Half', 'AwayScore': 40, 'HomeScore': 79}]"
29,70974,2026,1,Final,2025-11-10T00:00:00,2025-11-10T18:00:00,NHVN,MASLOW,1453,16,89.0,81.0,2025-11-11T00:31:21,F,0.0,0.0,-12.8,173.3,546.0,-765.0,60070974,60001453,60000016,,,,,,,,,,,Scrambled,True,2025-11-10T20:07:12,372857.0,372856.0,,,ESPN+,False,-134.0,-136.0,-136.0,-135.0,2025-11-10T23:00:00,614.0,"{'StadiumID': 147, 'Active': True, 'Name': 'Costello Athletic Center', 'Address': None, 'City': 'Lowell', 'State': 'MA', 'Zip': None, 'Country': None, 'Capacity': 2000, 'GeoLat': 42.6555, 'GeoLong': -71.3242}","[{'PeriodID': 116917, 'GameID': 70974, 'Number': 1, 'Name': '1', 'Type': 'Half', 'AwayScore': 36, 'HomeScore': 45}, {'PeriodID': 116934, 'GameID': 70974, 'Number': 2, 'Name': '2', 'Type': 'Half', 'AwayScore': 52, 'HomeScore': 36}]"
30,70975,2026,1,Final,2025-11-10T00:00:00,2025-11-10T12:00:00,ECC,SOUTH,722,305,62.0,140.0,2025-11-11T00:31:21,F,0.0,0.0,,,,,60070975,60000722,60000305,,,,,,,,,,,Scrambled,True,2025-11-10T13:49:52,,,,,,False,,,,,2025-11-10T17:00:00,2780.0,"{'StadiumID': 394, 'Active': True, 'Name': 'F. G. Clark Activity Center', 'Address': None, 'City': 'Baton Rouge', 'State': 'LA', 'Zip': None, 'Country': None, 'Capacity': 7500, 'GeoLat': 30.521667, 'GeoLong': -91.185556}","[{'PeriodID': 116912, 'GameID': 70975, 'Number': 1, 'Name': '1', 'Type': 'Half', 'AwayScore': 23, 'HomeScore': 67}, {'PeriodID': 116916, 'GameID': 70975, 'Number': 2, 'Name': '2', 'Type': 'Half', 'AwayScore': 39, 'HomeScore': 73}]"
31,70976,2026,1,Final,2025-11-10T00:00:00,2025-11-10T19:00:00,SCARST,NCAT,190,196,75.0,103.0,2025-11-11T00:31:21,F,0.0,0.0,-3.6,194.0,152.0,-185.0,60070976,60000190,60000196,,,,,,,,,,,Scrambled,True,2025-11-10T21:23:54,372869.0,372868.0,,,FloC,False,-135.0,-135.0,-133.0,-136.0,2025-11-11T00:00:00,3923.0,"{'StadiumID': 40, 'Active': True, 'Name': 'Corbett Sports Center', 'Address': None, 'City': 'Greensboro', 'State': 'NC', 'Zip': None, 'Country': None, 'Capacity': 5700, 'GeoLat': 36.076783, 'GeoLong': -79.768849}","[{'PeriodID': 116933, 'GameID': 70976, 'Number': 1, 'Name': '1', 'Type': 'Half', 'AwayScore': 32, 'HomeScore': 44}, {'PeriodID': 116961, 'GameID': 70976, 'Number': 2, 'Name': '2', 'Type': 'Half', 'AwayScore': 44, 'HomeScore': 60}]"
32,70977,2026,1,Final,2025-11-10T00:00:00,2025-11-10T19:00:00,NGVILL,GARDWB,711,83,112.0,98.0,2025-11-11T00:31:21,F,0.0,0.0,,,,,60070977,60000711,60000083,,,,,,,,,,,Scrambled,True,2025-11-10T21:05:30,,,,,ESPN+,False,,,,,2025-11-11T00:00:00,578.0,"{'StadiumID': 334, 'Active': True, 'Name': 'Paul Porter Arena', 'Address': None, 'City': 'Boiling Springs', 'State': 'NC', 'Zip': None, 'Country': None, 'Capacity': 3000, 'GeoLat': 35.246538, 'GeoLong': -81.669518}","[{'PeriodID': 116926, 'GameID': 70977, 'Number': 1, 'Name': '1', 'Type': 'Half', 'AwayScore': 62, 'HomeScore': 49}, {'PeriodID': 116958, 'GameID': 70977, 'Number': 2, 'Name': '2', 'Type': 'Half', 'AwayScore': 50, 'HomeScore': 50}]"
33,71615,2026,1,Final,2025-11-10T00:00:00,2025-11-10T12:00:00,RIPO,GB,1440,152,77.0,101.0,2025-11-11T00:31:21,F,0.0,0.0,,,,,60071615,60001440,60000152,,,,,,,,,,,Scrambled,True,2025-11-10T13:53:15,,,,,ESPN+,False,,,,,2025-11-10T17:00:00,2294.0,"{'StadiumID': 311, 'Active': True, 'Name': 'Resch Center', 'Address': None, 'City': 'Ashwaubenon', 'State': 'WI', 'Zip': None, 'Country': None, 'Capacity': 10000, 'GeoLat': 44.499547, 'GeoLong': -88.055049}","[{'PeriodID': 116910, 'GameID': 71615, 'Number': 1, 'Name': '1', 'Type': 'Half', 'AwayScore': 43, 'HomeScore': 46}, {'PeriodID': 116915, 'GameID': 71615, 'Number': 2, 'Name': '2', 'Type': 'Half', 'AwayScore': 34, 'HomeScore': 55}]"
34,71616,2026,1,Final,2025-11-10T00:00:00,2025-11-10T12:00:00,REIN,JAXST,420,238,47.0,139.0,2025-11-11T00:31:21,F,0.0,0.0,,,,,60071616,60000420,60000238,,,,,,,,,,,Scrambled,True,2025-11-10T13:52:07,,,,,ESPN+,False,,,,,2025-11-10T17:00:00,1927.0,"{'StadiumID': 391, 'Active': True, 'Name': 'Pete Mathews Coliseum', 'Address': None, 'City': 'Jacksonville', 'State': 'AL', 'Zip': None, 'Country': None, 'Capacity': 3500, 'GeoLat': 33.824, 'GeoLong': -85.773}","[{'PeriodID': 116911, 'GameID': 71616, 'Number': 1, 'Name': '1', 'Type': 'Half', 'AwayScore': 23, 'HomeScore': 60}, {'PeriodID': 116914, 'GameID': 71616, 'Number': 2, 'Name': '2', 'Type': 'Half', 'AwayScore': 24, 'HomeScore': 79}]"
35,71995,2026,1,Final,2025-11-10T00:00:00,2025-11-10T19:00:00,INDST,SIUE,207,244,78.0,67.0,2025-11-11T00:31:21,F,0.0,0.0,-2.4,194.0,134.0,-161.0,60071995,60000207,60000244,,,,,,,,,,,Scrambled,True,2025-11-10T20:58:11,890.0,889.0,,,ESPN+,False,-136.0,-134.0,-133.0,-137.0,2025-11-11T00:00:00,2482.0,"{'StadiumID': 51, 'Active': True, 'Name': 'Vadalabene Center', 'Address': None, 'City': 'Edwardsville', 'State': 'IL', 'Zip': None, 'Country': None, 'Capacity': 4000, 'GeoLat': 38.795989, 'GeoLong': -89.999883}","[{'PeriodID': 116925, 'GameID': 71995, 'Number': 1, 'Name': '1', 'Type': 'Half', 'AwayScore': 39, 'HomeScore': 39}, {'PeriodID': 116952, 'GameID': 71995, 'Number': 2, 'Name': '2', 'Type': 'Half', 'AwayScore': 39, 'HomeScore': 28}]"
36,72044,2026,1,Final,2025-11-10T00:00:00,2025-11-10T19:30:00,SIMPS,DRAKE,924,211,62.0,108.0,2025-11-11T00:31:21,F,0.0,0.0,,,,,60072044,60000924,60000211,,,,,,,,,,,Scrambled,True,2025-11-10T21:15:53,,,,,ESPN+,False,,,,,2025-11-11T00:30:00,3164.0,"{'StadiumID': 293, 'Active': True, 'Name': 'The Knapp Center', 'Address': None, 'City': 'Des Moines', 'State': 'IA', 'Zip': None, 'Country': None, 'Capacity': 7152, 'GeoLat': 41.604444, 'GeoLong': -93.651944}","[{'PeriodID': 116935, 'GameID': 72044, 'Number': 1, 'Name': '1', 'Type': 'Half', 'AwayScore': 27, 'HomeScore': 64}, {'PeriodID': 116962, 'GameID': 72044, 'Number': 2, 'Name': '2', 'Type': 'Half', 'AwayScore': 35, 'HomeScore': 44}]"
37,72045,2026,1,Final,2025-11-10T00:00:00,2025-11-10T19:30:00,BIBL,MCNST,1366,299,61.0,161.0,2025-11-11T00:31:21,F,0.0,0.0,,,,,60072045,60001366,60000299,,,,,,,,,,,Scrambled,True,2025-11-10T21:27:34,,,,,ESPN+,False,,,,,2025-11-11T00:30:00,2736.0,"{'StadiumID': 374, 'Active': True, 'Name': 'The Legacy Center', 'Address': None, 'City': 'Lake Charles', 'State': 'LA', 'Zip': None, 'Country': None, 'Capacity': 4300, 'GeoLat': 30.1755, 'GeoLong': -93.2095}","[{'PeriodID': 116938, 'GameID': 72045, 'Number': 1, 'Name': '1', 'Type': 'Half', 'AwayScore': 13, 'HomeScore': 79}, {'PeriodID': 116966, 'GameID': 72045, 'Number': 2, 'Name': '2', 'Type': 'Half', 'AwayScore': 47, 'HomeScore': 81}]"
38,72332,2026,1,Final,2025-11-10T00:00:00,2025-11-10T19:30:00,RUST,LAMON,415,326,67.0,107.0,2025-11-11T00:31:21,F,0.0,0.0,,,,,60072332,60000415,60000326,,,,,,,,,,,Scrambled,True,2025-11-10T21:05:43,,,,,ESPN+,False,,,,,2025-11-11T00:30:00,989.0,"{'StadiumID': 369, 'Active': True, 'Name': 'Fant-Ewing Coliseum', 'Address': None, 'City': 'Monroe', 'State': 'LA', 'Zip': None, 'Country': None, 'Capacity': 7000, 'GeoLat': 32.531, 'GeoLong': -92.069}","[{'PeriodID': 116937, 'GameID': 72332, 'Number': 1, 'Name': '1', 'Type': 'Half', 'AwayScore': 39, 'HomeScore': 52}, {'PeriodID': 116960, 'GameID': 72332, 'Number': 2, 'Name': '2', 'Type': 'Half', 'AwayScore': 28, 'HomeScore': 55}]"
39,72333,2026,1,Final,2025-11-10T00:00:00,2025-11-10T22:00:00,LOAKS,UCIRV,1170,116,77.0,158.0,2025-11-11T00:31:21,F,0.0,0.0,,,,,60072333,60001170,60000116,,,,,,,,,,,Scrambled,True,2025-11-10T23:41:21,,,,,ESPN+,False,,,,,2025-11-11T03:00:00,1164.0,"{'StadiumID': 81, 'Active': True, 'Name': 'Bren Events Center', 'Address': None, 'City': 'Irvine', 'State': 'CA', 'Zip': None, 'Country': None, 'Capacity': 5000, 'GeoLat': 33.649167, 'GeoLong': -117.846944}","[{'PeriodID': 116979, 'GameID': 72333, 'Number': 1, 'Name': '1', 'Type': 'Half', 'AwayScore': 38, 'HomeScore': 72}, {'PeriodID': 116986, 'GameID': 72333, 'Number': 2, 'Name': '2', 'Type': 'Half', 'AwayScore': 39, 'HomeScore': 86}]"
40,72582,2026,1,Final,2025-11-10T00:00:00,2025-11-10T11:30:00,MOLL,HOFST,730,128,74.0,116.0,2025-11-11T00:31:21,F,0.0,0.0,,,,,60072582,60000730,60000128,,,,,,,,,,,Scrambled,True,2025-11-10T13:17:00,,,,,FloC,False,,,,,2025-11-10T16:30:00,2432.0,"{'StadiumID': 212, 'Active': True, 'Name': 'Mack Sports Complex', 'Address': None, 'City': 'Hempstead', 'State': 'NY', 'Zip': None, 'Country': None, 'Capacity': 5023, 'GeoLat': 40.719681, 'GeoLong': -73.596865}","[{'PeriodID': 116909, 'GameID': 72582, 'Number': 1, 'Name': '1', 'Type': 'Half', 'AwayScore': 38, 'HomeScore': 58}, {'PeriodID': 116913, 'GameID': 72582, 'Number': 2, 'Name': '2', 'Type': 'Half', 'AwayScore': 36, 'HomeScore': 57}]"
0,67830,2026,1,Final,2025-11-09T00:00:00,2025-11-09T14:00:00,UOZC,SDAK,1300,321,60.0,112.0,2025-11-10T00:27:56,F,0.0,0.0,,,,,60067830,60001300,60000321,,,,,,,,,,,Scrambled,True,2025-11-09T15:44:14,,,,,Summ,False,,,,,2025-11-09T19:00:00,1060.0,"{'StadiumID': 192, 'Active': True, 'Name': 'Sanford Coyote Sports Center', 'Address': None, 'City': 'Vermillion', 'State': 'SD', 'Zip': None, 'Country': None, 'Capacity': 6004, 'GeoLat': 42.790111, 'GeoLong': -96.927806}","[{'PeriodID': 116855, 'GameID': 67830, 'Number': 1, 'Name': '1', 'Type': 'Half', 'AwayScore': 32, 'HomeScore': 67}, {'PeriodID': 116867, 'GameID': 67830, 'Number': 2, 'Name': '2', 'Type': 'Half', 'AwayScore': 28, 'HomeScore': 45}]"
1,68157,2026,1,Final,2025-11-09T00:00:00,2025-11-09T13:00:00,PENN,AMERCN,161,265,72.0,78.0,2025-11-10T00:27:56,F,0.0,0.0,-0.9,143.2,-100.0,-105.0,60068157,60000161,60000265,,,,,,,,,,,Scrambled,True,2025-11-09T15:17:41,284224.0,284223.0,,,ESPN+,False,-109.0,-98.0,-103.0,-104.0,2025-11-09T18:00:00,1621.0,"{'StadiumID': 321, 'Active': True, 'Name': 'Bender Arena', 'Address': None, 'City': 'Washington', 'State': 'DC', 'Zip': None, 'Country': None, 'Capacity': 3400, 'GeoLat': 38.937778, 'GeoLong': -77.09}","[{'PeriodID': 116844, 'GameID': 68157, 'Number': 1, 'Name': '1', 'Type': 'Half', 'AwayScore': 34, 'HomeScore': 39}, {'PeriodID': 116860, 'GameID': 68157, 'Number': 2, 'Name': '2', 'Type': 'Half', 'AwayScore': 38, 'HomeScore': 39}]"
2,68158,2026,1,Final,2025-11-09T00:00:00,2025-11-09T12:00:00,NHAMP,HARVRD,14,164,70.0,80.0,2025-11-10T00:27:56,F,0.0,0.0,-14.4,136.7,873.0,-1669.0,60068158,60000014,60000164,,,,,,,,,,,Scrambled,True,2025-11-09T13:58:27,284220.0,284219.0,,,ESPN+,False,-101.0,-104.0,-103.0,-102.0,2025-11-09T17:00:00,784.0,"{'StadiumID': 118, 'Active': True, 'Name': 'Lavietes Pavilion', 'Address': None, 'City': 'Cambridge', 'State': 'MA', 'Zip': None, 'Country': None, 'Capacity': 1636, 'GeoLat': 42.368218, 'GeoLong': -71.125291}","[{'PeriodID': 116838, 'GameID': 68158, 'Number': 1, 'Name': '1', 'Type': 'Half', 'AwayScore': 44, 'HomeScore': 30}, {'PeriodID': 116841, 'GameID': 68158, 'Number': 2, 'Name': '2', 'Type': 'Half', 'AwayScore': 25, 'HomeScore': 50}]"
3,68297,2026,1,Final,2025-11-09T00:00:00,2025-11-09T14:00:00,MARIST,DART,176,165,70.0,52.0,2025-11-10T00:27:56,F,0.0,0.0,-1.4,128.4,97.0,-118.0,60068297,60000176,60000165,,,,,,,,,,,Scrambled,True,2025-11-09T15:58:44,640.0,639.0,,,ESPN+,False,-102.0,-102.0,-105.0,-100.0,2025-11-09T19:00:00,894.0,"{'StadiumID': 353, 'Active': True, 'Name': 'Edward Leede Arena', 'Address': None, 'City': 'Hanover', 'State': 'NH', 'Zip': None, 'Country': None, 'Capacity': 2100, 'GeoLat': 43.703056, 'GeoLong': -72.283333}","[{'PeriodID': 116852, 'GameID': 68297, 'Number': 1, 'Name': '1', 'Type': 'Half', 'AwayScore': 37, 'HomeScore': 32}, {'PeriodID': 116870, 'GameID': 68297, 'Number': 2, 'Name': '2', 'Type': 'Half', 'AwayScore': 32, 'HomeScore': 19}]"
4,68298,2026,1,Final,2025-11-09T00:00:00,2025-11-09T14:00:00,TXAM,OKST,270,113,58.0,81.0,2025-11-10T00:27:56,F,0.0,0.0,2.1,161.8,-137.0,115.0,60068298,60000270,60000113,,,,,,,,,,,Scrambled,True,2025-11-09T16:23:57,643.0,642.0,,,ESPN2,False,-106.0,-100.0,-104.0,-102.0,2025-11-09T19:00:00,7501.0,"{'StadiumID': 216, 'Active': True, 'Name': 'Gallagher-Iba Arena', 'Address': None, 'City': 'Stillwater', 'State': 'OK', 'Zip': None, 'Country': None, 'Capacity': 13611, 'GeoLat': 36.125833, 'GeoLong': -97.065}","[{'PeriodID': 116854, 'GameID': 68298, 'Number': 1, 'Name': '1', 'Type': 'Half', 'AwayScore': 27, 'HomeScore': 40}, {'PeriodID': 116875, 'GameID': 68298, 'Number': 2, 'Name': '2', 'Type': 'Half', 'AwayScore': 32, 'HomeScore': 41}]"
5,68299,2026,1,Final,2025-11-09T00:00:00,2025-11-09T14:00:00,CORNEL,ILLST,162,204,60.0,70.0,2025-11-10T00:27:56,F,0.0,0.0,-6.0,152.5,215.0,-271.0,60068299,60000162,60000204,,,,,,,,,,,Scrambled,True,2025-11-09T16:07:56,636.0,635.0,,,ESPN+,False,-101.0,-104.0,-100.0,-104.0,2025-11-09T19:00:00,4086.0,"{'StadiumID': 34, 'Active': True, 'Name': 'CEFCU Arena', 'Address': None, 'City': 'Normal', 'State': 'IL', 'Zip': None, 'Country': None, 'Capacity': 9600, 'GeoLat': 40.510606, 'GeoLong': -88.999011}","[{'PeriodID': 116851, 'GameID': 68299, 'Number': 1, 'Name': '1', 'Type': 'Half', 'AwayScore': 30, 'HomeScore': 32}, {'PeriodID': 116868, 'GameID': 68299, 'Number': 2, 'Name': '2', 'Type': 'Half', 'AwayScore': 31, 'HomeScore': 39}]"
6,68935,2026,1,Final,2025-11-09T00:00:00,2025-11-09T14:00:00,VERM,BROWN,15,163,83.0,78.0,2025-11-10T00:27:56,F,0.0,0.0,4.7,121.4,-222.0,180.0,60068935,60000015,60000163,,,,,,,,,,,Scrambled,True,2025-11-09T16:40:12,284229.0,284228.0,,,ESPN+,False,-101.0,-105.0,-104.0,-102.0,2025-11-09T19:00:00,764.0,"{'StadiumID': 285, 'Active': True, 'Name': 'Pizzitola Sports Center', 'Address': None, 'City': 'Providence', 'State': 'RI', 'Zip': None, 'Country': None, 'Capacity': 2800, 'GeoLat': 41.831743, 'GeoLong': -71.398043}","[{'PeriodID': 116850, 'GameID': 68935, 'Number': 1, 'Name': '1', 'Type': 'Half', 'AwayScore': 22, 'HomeScore': 30}, {'PeriodID': 116869, 'GameID': 68935, 'Number': 2, 'Name': '2', 'Type': 'Half', 'AwayScore': 38, 'HomeScore': 31}, {'PeriodID': 116879, 'GameID': 68935, 'Number': 3, 'Name': 'OT', 'Type': 'Overtime', 'AwayScore': 14, 'HomeScore': 14}, {'PeriodID': 116882, 'GameID': 68935, 'Number': 4, 'Name': 'OT2', 'Type': 'Overtime', 'AwayScore': 8, 'HomeScore': 3}]"
7,69079,2026,1,Final,2025-11-09T00:00:00,2025-11-09T15:00:00,LEHI,WVIR,260,107,44.0,64.0,2025-11-10T00:27:56,F,0.0,0.0,-16.2,129.3,992.0,-2142.0,60069079,60000260,60000107,,,,,,,,,,,Scrambled,True,2025-11-09T17:03:15,284233.0,284232.0,,,ESPN+,False,-103.0,-103.0,-103.0,-101.0,2025-11-09T20:00:00,10264.0,"{'StadiumID': 106, 'Active': True, 'Name': 'WVU Coliseum', 'Address': None, 'City': 'Morgantown', 'State': 'WV', 'Zip': None, 'Country': None, 'Capacity': 14000, 'GeoLat': 39.649167, 'GeoLong': -79.981111}","[{'PeriodID': 116863, 'GameID': 69079, 'Number': 1, 'Name': '1', 'Type': 'Half', 'AwayScore': 19, 'HomeScore': 39}, {'PeriodID': 116880, 'GameID': 69079, 'Number': 2, 'Name': '2', 'Type': 'Half', 'AwayScore': 25, 'HomeScore': 25}]"
8,69080,2026,1,Final,2025-11-09T00:00:00,2025-11-09T20:30:00,WASH,BAYL,249,108,64.0,72.0,2025-11-10T00:27:56,F,0.0,0.0,-6.0,145.1,200.0,-251.0,60069080,60000249,60000108,,,,,,,,,,,Scrambled,True,2025-11-09T22:48:46,664.0,663.0,,,ESPN,False,-107.0,-100.0,-104.0,-101.0,2025-11-10T01:30:00,6542.0,"{'StadiumID': 596, 'Active': True, 'Name': 'Foster Pavilion', 'Address': None, 'City': 'Waco', 'State': 'TX', 'Zip': None, 'Country': None, 'Capacity': 7000, 'GeoLat': 31.556698, 'GeoLong': -97.121613}","[{'PeriodID': 116904, 'GameID': 69080, 'Number': 1, 'Name': '1', 'Type': 'Half', 'AwayScore': 30, 'HomeScore': 35}, {'PeriodID': 116906, 'GameID': 69080, 'Number': 2, 'Name': '2', 'Type': 'Half', 'AwayScore': 34, 'HomeScore': 37}]"
9,69081,2026,1,Final,2025-11-09T00:00:00,2025-11-09T15:00:00,DXST,ARZST,750,255,61.0,75.0,2025-11-10T00:27:56,F,0.0,0.0,-12.5,141.4,612.0,-978.0,60069081,60000750,60000255,,,,,,,,,,,Scrambled,True,2025-11-09T16:56:41,647.0,646.0,,,ESPN+,False,-104.0,-104.0,-101.0,-103.0,2025-11-09T20:00:00,5862.0,"{'StadiumID': 137, 'Active': True, 'Name': 'Desert Financial Arena', 'Address': None, 'City': 'Tempe', 'State': 'AZ', 'Zip': None, 'Country': None, 'Capacity': 14198, 'GeoLat': 33.424524, 'GeoLong': -111.930948}","[{'PeriodID': 116864, 'GameID': 69081, 'Number': 1, 'Name': '1', 'Type': 'Half', 'AwayScore': 23, 'HomeScore': 36}, {'PeriodID': 116877, 'GameID': 69081, 'Number': 2, 'Name': '2', 'Type': 'Half', 'AwayScore': 38, 'HomeScore': 39}]"
10,69263,2026,1,Final,2025-11-09T00:00:00,2025-11-09T14:00:00,SDKST,NIOWA,314,206,54.0,60.0,2025-11-10T00:27:56,F,0.0,0.0,-9.7,139.5,393.0,-546.0,60069263,60000314,60000206,,,,,,,,,,,Scrambled,True,2025-11-09T15:58:33,634.0,633.0,,,ESPN+,False,-104.0,-100.0,-102.0,-103.0,2025-11-09T19:00:00,3657.0,"{'StadiumID': 397, 'Active': True, 'Name': 'McLeod Center', 'Address': None, 'City': 'Cedar Falls', 'State': 'IA', 'Zip': None, 'Country': None, 'Capacity': 6650, 'GeoLat': 42.51395, 'GeoLong': -92.46714}","[{'PeriodID': 116847, 'GameID': 69263, 'Number': 1, 'Name': '1', 'Type': 'Half', 'AwayScore': 23, 'HomeScore': 26}, {'PeriodID': 116861, 'GameID': 69263, 'Number': 2, 'Name': '2', 'Type': 'Half', 'AwayScore': 31, 'HomeScore': 34}]"
11,69739,2026,1,Final,2025-11-09T00:00:00,2025-11-09T17:00:00,IDHST,SDST,72,212,53.0,68.0,2025-11-10T00:27:56,F,0.0,0.0,-19.9,125.6,1587.0,-8111.0,60069739,60000072,60000212,,,,,,,,,,,Scrambled,True,2025-11-09T18:57:48,654.0,654.0,,,MWN,False,-105.0,-102.0,-103.0,-103.0,2025-11-09T22:00:00,11526.0,"{'StadiumID': 83, 'Active': True, 'Name': 'Viejas Arena', 'Address': None, 'City': 'San Diego', 'State': 'CA', 'Zip': None, 'Country': None, 'Capacity': 12414, 'GeoLat': 32.77375, 'GeoLong': -117.074583}","[{'PeriodID': 116885, 'GameID': 69739, 'Number': 1, 'Name': '1', 'Type': 'Half', 'AwayScore': 19, 'HomeScore': 32}, {'PeriodID': 116892, 'GameID': 69739, 'Number': 2, 'Name': '2', 'Type': 'Half', 'AwayScore': 33, 'HomeScore': 36}]"
12,69740,2026,1,Final,2025-11-09T00:00:00,2025-11-09T16:30:00,VAMIL,MISSR,290,280,63.0,98.0,2025-11-10T00:27:56,F,0.0,0.0,-21.8,150.6,1947.0,-7995.0,60069740,60000290,60000280,,,,,,,,,,,Scrambled,True,2025-11-09T18:42:07,649.0,648.0,,,SECN,False,-101.0,-105.0,-104.0,-104.0,2025-11-09T21:30:00,7986.0,"{'StadiumID': 62, 'Active': True, 'Name': 'Mizzou Arena', 'Address': None, 'City': 'Columbia', 'State': 'MO', 'Zip': None, 'Country': None, 'Capacity': 15061, 'GeoLat': 38.93237, 'GeoLong': -92.33303}","[{'PeriodID': 116883, 'GameID': 69740, 'Number': 1, 'Name': '1', 'Type': 'Half', 'AwayScore': 37, 'HomeScore': 46}, {'PeriodID': 116888, 'GameID': 69740, 'Number': 2, 'Name': '2', 'Type': 'Half', 'AwayScore': 26, 'HomeScore': 52}]"
13,69741,2026,1,Final,2025-11-09T00:00:00,2025-11-09T14:00:00,LIPSC,MERC,40,284,71.0,85.0,2025-11-10T00:27:56,F,0.0,0.0,-3.7,146.0,133.0,-162.0,60069741,60000040,60000284,,,,,,,,,,,Scrambled,True,2025-11-09T15:44:34,284227.0,284227.0,,,ESPN+,False,-107.0,-100.0,-102.0,-102.0,2025-11-09T19:00:00,604.0,"{'StadiumID': 236, 'Active': True, 'Name': 'Hawkins Arena', 'Address': None, 'City': 'Macon', 'State': 'GA', 'Zip': None, 'Country': None, 'Capacity': 3500, 'GeoLat': 32.829722, 'GeoLong': -83.651944}","[{'PeriodID': 116849, 'GameID': 69741, 'Number': 1, 'Name': '1', 'Type': 'Half', 'AwayScore': 32, 'HomeScore': 43}, {'PeriodID': 116862, 'GameID': 69741, 'Number': 2, 'Name': '2', 'Type': 'Half', 'AwayScore': 39, 'HomeScore': 43}]"
14,69742,2026,1,Final,2025-11-09T00:00:00,2025-11-09T14:00:00,LEMYN,BOWLGR,427,181,56.0,77.0,2025-11-10T00:27:56,F,0.0,0.0,-10.7,143.2,535.0,-788.0,60069742,60000427,60000181,,,,,,,,,,,Scrambled,True,2025-11-09T16:01:30,284231.0,284230.0,,,ESPN+,False,-107.0,-97.0,-106.0,-99.0,2025-11-09T19:00:00,1944.0,"{'StadiumID': 222, 'Active': True, 'Name': 'Stroh Center', 'Address': None, 'City': 'Bowling Green', 'State': 'OH', 'Zip': None, 'Country': None, 'Capacity': 4387, 'GeoLat': 41.375343, 'GeoLong': -83.624711}","[{'PeriodID': 116848, 'GameID': 69742, 'Number': 1, 'Name': '1', 'Type': 'Half', 'AwayScore': 33, 'HomeScore': 34}, {'PeriodID': 116871, 'GameID': 69742, 'Number': 2, 'Name': '2', 'Type': 'Half', 'AwayScore': 22, 'HomeScore': 43}]"
15,69743,2026,1,Final,2025-11-09T00:00:00,2025-11-09T13:00:00,COPPST,JMAD,200,126,65.0,78.0,2025-11-10T00:27:56,F,0.0,0.0,-17.1,131.2,1072.0,-2526.0,60069743,60000200,60000126,,,,,,,,,,,Scrambled,True,2025-11-09T15:13:09,284226.0,284225.0,,,ESPN+,False,-103.0,-102.0,-101.0,-106.0,2025-11-09T18:00:00,2665.0,"{'StadiumID': 486, 'Active': True, 'Name': 'Atlantic Union Bank Center', 'Address': None, 'City': 'Harrisonburg', 'State': 'VA', 'Zip': None, 'Country': None, 'Capacity': 8500, 'GeoLat': 38.430437, 'GeoLong': -78.859574}","[{'PeriodID': 116840, 'GameID': 69743, 'Number': 1, 'Name': '1', 'Type': 'Half', 'AwayScore': 26, 'HomeScore': 40}, {'PeriodID': 116858, 'GameID': 69743, 'Number': 2, 'Name': '2', 'Type': 'Half', 'AwayScore': 39, 'HomeScore': 38}]"
16,69744,2026,1,Final,2025-11-09T00:00:00,2025-11-09T14:00:00,CSUNR,NDAK,121,71,86.0,79.0,2025-11-10T00:27:56,F,0.0,0.0,5.6,147.9,-245.0,197.0,60069744,60000121,60000071,,,,,,,,,,,Scrambled,True,2025-11-09T16:15:43,638.0,637.0,,,Summ,False,-101.0,-104.0,-102.0,-104.0,2025-11-09T19:00:00,1479.0,"{'StadiumID': 336, 'Active': True, 'Name': 'Betty Engelstad Sioux Center', 'Address': None, 'City': 'Grand Forks', 'State': 'ND', 'Zip': None, 'Country': None, 'Capacity': 3140, 'GeoLat': 47.927641, 'GeoLong': -97.071438}","[{'PeriodID': 116853, 'GameID': 69744, 'Number': 1, 'Name': '1', 'Type': 'Half', 'AwayScore': 41, 'HomeScore': 34}, {'PeriodID': 116874, 'GameID': 69744, 'Number': 2, 'Name': '2', 'Type': 'Half', 'AwayScore': 45, 'HomeScore': 44}]"
17,69745,2026,1,Final,2025-11-09T00:00:00,2025-11-09T13:00:00,MARQ,IND,65,93,71.0,93.0,2025-11-10T00:27:56,F,0.0,0.0,-2.8,146.0,121.0,-146.0,60069745,60000065,60000093,,,,,,,,,,,Scrambled,True,2025-11-09T15:10:05,631.0,632.0,,,ESPN,True,-105.0,-102.0,-103.0,-103.0,2025-11-09T18:00:00,14017.0,"{'StadiumID': 352, 'Active': True, 'Name': 'United Center', 'Address': None, 'City': 'Chicago', 'State': 'IL', 'Zip': None, 'Country': None, 'Capacity': 20917, 'GeoLat': 41.880556, 'GeoLong': -87.674167}","[{'PeriodID': 116842, 'GameID': 69745, 'Number': 1, 'Name': '1', 'Type': 'Half', 'AwayScore': 35, 'HomeScore': 52}, {'PeriodID': 116859, 'GameID': 69745, 'Number': 2, 'Name': '2', 'Type': 'Half', 'AwayScore': 36, 'HomeScore': 41}]"
18,69746,2026,1,Final,2025-11-09T00:00:00,2025-11-09T14:00:00,DU,IPFW,708,315,52.0,127.0,2025-11-10T00:27:56,F,0.0,0.0,,,,,60069746,60000708,60000315,,,,,,,,,,,Scrambled,True,2025-11-09T15:54:08,,,,,ESPN+,False,,,,,2025-11-09T19:00:00,970.0,"{'StadiumID': 416, 'Active': True, 'Name': 'Allen County War Memorial Coliseum', 'Address': None, 'City': 'Fort Wayne', 'State': 'IN', 'Zip': None, 'Country': None, 'Capacity': 13000, 'GeoLat': 41.115556, 'GeoLong': -85.124444}","[{'PeriodID': 116856, 'GameID': 69746, 'Number': 1, 'Name': '1', 'Type': 'Half', 'AwayScore': 24, 'HomeScore': 65}, {'PeriodID': 116872, 'GameID': 69746, 'Number': 2, 'Name': '2', 'Type': 'Half', 'AwayScore': 28, 'HomeScore': 62}]"
19,70254,2026,1,Final,2025-11-09T00:00:00,2025-11-09T18:00:00,NEOM,COLST,316,217,69.0,90.0,2025-11-10T00:27:56,F,0.0,0.0,-13.4,142.3,718.0,-1233.0,60070254,60000316,60000217,,,,,,,,,,,Scrambled,True,2025-11-09T19:53:57,660.0,659.0,,,MWN,False,-102.0,-104.0,-101.0,-103.0,2025-11-09T23:00:00,6405.0,"{'StadiumID': 155, 'Active': True, 'Name': 'Moby Arena', 'Address': None, 'City': 'Fort Collins', 'State': 'CO', 'Zip': None, 'Country': None, 'Capacity': 8083, 'GeoLat': 40.575669, 'GeoLong': -105.093403}","[{'PeriodID': 116893, 'GameID': 70254, 'Number': 1, 'Name': '1', 'Type': 'Half', 'AwayScore': 35, 'HomeScore': 44}, {'PeriodID': 116898, 'GameID': 70254, 'Number': 2, 'Name': '2', 'Type': 'Half', 'AwayScore': 33, 'HomeScore': 45}]"
20,70352,2026,1,Final,2025-11-09T00:00:00,2025-11-09T18:00:00,MANH,USC,171,246,77.0,106.0,2025-11-10T00:27:56,F,0.0,0.0,-26.0,144.1,2433.0,-18540.0,60070352,60000171,60000246,,,,,,,,,,,Scrambled,True,2025-11-09T20:02:11,658.0,657.0,,,B1G+,False,-105.0,-102.0,-103.0,-103.0,2025-11-09T23:00:00,4378.0,"{'StadiumID': 84, 'Active': True, 'Name': 'Galen Center', 'Address': None, 'City': 'Los Angeles', 'State': 'CA', 'Zip': None, 'Country': None, 'Capacity': 10258, 'GeoLat': 34.021, 'GeoLong': -118.28}","[{'PeriodID': 116889, 'GameID': 70352, 'Number': 1, 'Name': '1', 'Type': 'Half', 'AwayScore': 34, 'HomeScore': 51}, {'PeriodID': 116899, 'GameID': 70352, 'Number': 2, 'Name': '2', 'Type': 'Half', 'AwayScore': 43, 'HomeScore': 55}]"
21,70353,2026,1,Final,2025-11-09T00:00:00,2025-11-09T17:00:00,UCDV,PORT,118,340,58.0,62.0,2025-11-10T00:27:56,F,0.0,0.0,-1.9,140.0,102.0,-124.0,60070353,60000118,60000340,,,,,,,,,,,Scrambled,True,2025-11-09T19:07:28,653.0,652.0,,,ESPN+,False,-103.0,-103.0,-104.0,-102.0,2025-11-09T22:00:00,948.0,"{'StadiumID': 254, 'Active': True, 'Name': 'Chiles Center', 'Address': None, 'City': 'Portland', 'State': 'OR', 'Zip': None, 'Country': None, 'Capacity': 4852, 'GeoLat': 45.575, 'GeoLong': -122.728}","[{'PeriodID': 116884, 'GameID': 70353, 'Number': 1, 'Name': '1', 'Type': 'Half', 'AwayScore': 30, 'HomeScore': 29}, {'PeriodID': 116894, 'GameID': 70353, 'Number': 2, 'Name': '2', 'Type': 'Half', 'AwayScore': 29, 'HomeScore': 33}]"
22,70634,2026,1,Final,2025-11-09T00:00:00,2025-11-09T15:00:00,DEN,MONST,319,74,70.0,68.0,2025-11-10T00:27:56,F,0.0,0.0,-7.0,135.3,244.0,-313.0,60070634,60000319,60000074,,,,,,,,,,,Scrambled,True,2025-11-09T16:50:30,645.0,644.0,,,ESPN+,False,-102.0,-103.0,-104.0,-102.0,2025-11-09T20:00:00,2591.0,"{'StadiumID': 73, 'Active': True, 'Name': 'Brick Breeden Fieldhouse ', 'Address': None, 'City': 'Bozeman', 'State': 'MT', 'Zip': None, 'Country': None, 'Capacity': 6772, 'GeoLat': 45.6633, 'GeoLong': -111.0506}","[{'PeriodID': 116865, 'GameID': 70634, 'Number': 1, 'Name': '1', 'Type': 'Half', 'AwayScore': 35, 'HomeScore': 35}, {'PeriodID': 116876, 'GameID': 70634, 'Number': 2, 'Name': '2', 'Type': 'Half', 'AwayScore': 34, 'HomeScore': 32}]"
23,70966,2026,1,Final,2025-11-09T00:00:00,2025-11-09T18:30:00,SOUMIS,SC,143,267,73.0,77.0,2025-11-10T00:27:56,F,0.0,0.0,-16.2,136.3,969.0,-1945.0,60070966,60000143,60000267,,,,,,,,,,,Scrambled,True,2025-11-09T21:00:36,662.0,661.0,,,SECN,False,-103.0,-101.0,-104.0,-102.0,2025-11-09T23:30:00,11420.0,"{'StadiumID': 33, 'Active': True, 'Name': 'Colonial Life Arena', 'Address': None, 'City': 'Columbia', 'State': 'SC', 'Zip': None, 'Country': None, 'Capacity': 18000, 'GeoLat': 33.995, 'GeoLong': -81.037222}","[{'PeriodID': 116896, 'GameID': 70966, 'Number': 1, 'Name': '1', 'Type': 'Half', 'AwayScore': 32, 'HomeScore': 35}, {'PeriodID': 116902, 'GameID': 70966, 'Number': 2, 'Name': '2', 'Type': 'Half', 'AwayScore': 33, 'HomeScore': 30}, {'PeriodID': 116905, 'GameID': 70966, 'Number': 3, 'Name': 'OT', 'Type': 'Overtime', 'AwayScore': 8, 'HomeScore': 12}]"
24,70967,2026,1,Final,2025-11-09T00:00:00,2025-11-09T18:00:00,GRMBST,HOWRD,312,195,68.0,65.0,2025-11-10T00:27:56,F,0.0,0.0,-4.2,141.4,150.0,-184.0,60070967,60000312,60000195,,,,,,,,,,,Scrambled,True,2025-11-09T20:14:17,284235.0,284234.0,,,ESPN+,False,-105.0,-101.0,-104.0,-104.0,2025-11-09T23:00:00,1653.0,"{'StadiumID': 363, 'Active': True, 'Name': 'Burr Gymnasium', 'Address': None, 'City': 'Washington', 'State': 'DC', 'Zip': None, 'Country': None, 'Capacity': 2700, 'GeoLat': 38.9264, 'GeoLong': -77.0221}","[{'PeriodID': 116890, 'GameID': 70967, 'Number': 1, 'Name': '1', 'Type': 'Half', 'AwayScore': 30, 'HomeScore': 31}, {'PeriodID': 116900, 'GameID': 70967, 'Number': 2, 'Name': '2', 'Type': 'Half', 'AwayScore': 38, 'HomeScore': 34}]"
25,70968,2026,1,Final,2025-11-09T00:00:00,2025-11-09T15:00:00,LYON,LOUTCH,507,137,32.0,86.0,2025-11-10T00:27:56,F,0.0,0.0,,,,,60070968,60000507,60000137,,,,,,,,,,,Scrambled,True,2025-11-09T16:51:27,,,,,ESPN+,False,,,,,2025-11-09T20:00:00,2046.0,"{'StadiumID': 180, 'Active': True, 'Name': 'Thomas Assembly Center', 'Address': None, 'City': 'Ruston', 'State': 'LA', 'Zip': None, 'Country': None, 'Capacity': 8000, 'GeoLat': 32.5321, 'GeoLong': -92.6584}","[{'PeriodID': 116866, 'GameID': 70968, 'Number': 1, 'Name': '1', 'Type': 'Half', 'AwayScore': 20, 'HomeScore': 44}, {'PeriodID': 116881, 'GameID': 70968, 'Number': 2, 'Name': '2', 'Type': 'Half', 'AwayScore': 12, 'HomeScore': 42}]"
26,70969,2026,1,Final,2025-11-09T00:00:00,2025-11-09T18:00:00,FLATL,LIBRTY,145,84,63.0,82.0,2025-11-10T00:27:56,F,0.0,0.0,-7.0,141.4,265.0,-343.0,60070969,60000145,60000084,,,,,,,,,,,Scrambled,True,2025-11-09T19:54:45,656.0,655.0,,,ESPN+,False,-102.0,-102.0,-102.0,-102.0,2025-11-09T23:00:00,3722.0,"{'StadiumID': 493, 'Active': True, 'Name': 'Liberty Arena', 'Address': None, 'City': 'Lynchburg', 'State': 'VA', 'Zip': None, 'Country': None, 'Capacity': 4000, 'GeoLat': 37.349356, 'GeoLong': -79.180225}","[{'PeriodID': 116891, 'GameID': 70969, 'Number': 1, 'Name': '1', 'Type': 'Half', 'AwayScore': 28, 'HomeScore': 44}, {'PeriodID': 116897, 'GameID': 70969, 'Number': 2, 'Name': '2', 'Type': 'Half', 'AwayScore': 35, 'HomeScore': 37}]"
27,70970,2026,1,Final,2025-11-09T00:00:00,2025-11-09T13:00:00,NCC,APPLST,197,331,50.0,70.0,2025-11-10T00:27:56,F,0.0,0.0,-9.7,126.5,373.0,-519.0,60070970,60000197,60000331,,,,,,,,,,,Scrambled,True,2025-11-09T14:59:47,284222.0,284221.0,,,ESPN+,False,-105.0,-102.0,-102.0,-102.0,2025-11-09T18:00:00,1487.0,"{'StadiumID': 348, 'Active': True, 'Name': 'Holmes Convocation Center', 'Address': None, 'City': 'Boone', 'State': 'NC', 'Zip': None, 'Country': None, 'Capacity': 8325, 'GeoLat': 36.210624, 'GeoLong': -81.675952}","[{'PeriodID': 116843, 'GameID': 70970, 'Number': 1, 'Name': '1', 'Type': 'Half', 'AwayScore': 17, 'HomeScore': 35}, {'PeriodID': 116857, 'GameID': 70970, 'Number': 2, 'Name': '2', 'Type': 'Half', 'AwayScore': 33, 'HomeScore': 35}]"
28,71612,2026,1,Final,2025-11-09T00:00:00,2025-11-09T14:00:00,MHST,GA,236,272,75.0,111.0,2025-11-10T00:27:56,F,0.0,0.0,-26.9,139.5,3337.0,-46350.0,60071612,60000236,60000272,,,,,,,,,,,Scrambled,True,2025-11-09T16:05:29,641.0,641.0,,,SEC,False,-104.0,-102.0,-102.0,-102.0,2025-11-09T19:00:00,5706.0,"{'StadiumID': 134, 'Active': True, 'Name': 'Stegeman Coliseum', 'Address': None, 'City': 'Athens', 'State': 'GA', 'Zip': None, 'Country': None, 'Capacity': 10523, 'GeoLat': 33.9428, 'GeoLong': -83.378}","[{'PeriodID': 116846, 'GameID': 71612, 'Number': 1, 'Name': '1', 'Type': 'Half', 'AwayScore': 39, 'HomeScore': 59}, {'PeriodID': 116873, 'GameID': 71612, 'Number': 2, 'Name': '2', 'Type': 'Half', 'AwayScore': 36, 'HomeScore': 52}]"
29,71613,2026,1,Final,2025-11-09T00:00:00,2025-11-09T12:30:00,WMICH,CAMP,188,90,76.0,84.0,2025-11-10T00:27:56,F,0.0,0.0,-8.8,141.4,331.0,-439.0,60071613,60000188,60000090,,,,,,,,,,,Scrambled,True,2025-11-09T14:53:00,630.0,629.0,,,FloC,False,-103.0,-103.0,-104.0,-102.0,2025-11-09T17:30:00,1392.0,"{'StadiumID': 42, 'Active': True, 'Name': 'Pope Convocation Center', 'Address': None, 'City': 'Buies Creek', 'State': 'NC', 'Zip': None, 'Country': None, 'Capacity': 3095, 'GeoLat': 35.407905, 'GeoLong': 78.736696}","[{'PeriodID': 116839, 'GameID': 71613, 'Number': 1, 'Name': '1', 'Type': 'Half', 'AwayScore': 32, 'HomeScore': 36}, {'PeriodID': 116845, 'GameID': 71613, 'Number': 2, 'Name': '2', 'Type': 'Half', 'AwayScore': 44, 'HomeScore': 48}]"
30,71614,2026,1,Final,2025-11-09T00:00:00,2025-11-09T17:00:00,NTX,LOYCH,141,209,59.0,57.0,2025-11-10T00:27:56,F,0.0,0.0,-1.4,129.3,94.0,-114.0,60071614,60000141,60000209,,,,,,,,,,,Scrambled,True,2025-11-09T19:23:03,651.0,650.0,,,MARQ,True,-105.0,-101.0,-102.0,-105.0,2025-11-09T22:00:00,789.0,"{'StadiumID': 640, 'Active': True, 'Name': 'Now Arena', 'Address': None, 'City': 'Hoffman Estates', 'State': 'IL', 'Zip': None, 'Country': None, 'Capacity': None, 'GeoLat': None, 'GeoLong': None}","[{'PeriodID': 116887, 'GameID': 71614, 'Number': 1, 'Name': '1', 'Type': 'Half', 'AwayScore': 32, 'HomeScore': 19}, {'PeriodID': 116895, 'GameID': 71614, 'Number': 2, 'Name': '2', 'Type': 'Half', 'AwayScore': 28, 'HomeScore': 39}]"
31,71994,2026,1,Final,2025-11-09T00:00:00,2025-11-09T16:00:00,OAKLCT,EVANS,623,203,44.0,70.0,2025-11-10T00:27:56,F,0.0,0.0,,,,,60071994,60000623,60000203,,,,,,,,,,,Scrambled,True,2025-11-09T17:53:32,,,,,ESPN+,False,,,,,2025-11-09T21:00:00,4538.0,"{'StadiumID': 297, 'Active': True, 'Name': 'Ford Center', 'Address': None, 'City': 'Evansville', 'State': 'IN', 'Zip': None, 'Country': None, 'Capacity': 8930, 'GeoLat': 37.972189, 'GeoLong': -87.567844}","[{'PeriodID': 116878, 'GameID': 71994, 'Number': 1, 'Name': '1', 'Type': 'Half', 'AwayScore': 24, 'HomeScore': 36}, {'PeriodID': 116886, 'GameID': 71994, 'Number': 2, 'Name': '2', 'Type': 'Half', 'AwayScore': 19, 'HomeScore': 34}]"
32,72043,2026,1,Final,2025-11-09T00:00:00,2025-11-09T19:30:00,KYCH,TMRT,435,241,39.0,90.0,2025-11-10T00:27:56,F,0.0,0.0,,,,,60072043,60000435,60000241,,,,,,,,,,,Scrambled,True,2025-11-09T21:14:13,,,,,ESPN+,False,,,,,2025-11-10T00:30:00,1626.0,"{'StadiumID': 539, 'Active': True, 'Name': 'Kathleen and Tom Elam Center', 'Address': None, 'City': 'Martin', 'State': 'TN', 'Zip': None, 'Country': None, 'Capacity': 4300, 'GeoLat': None, 'GeoLong': None}","[{'PeriodID': 116901, 'GameID': 72043, 'Number': 1, 'Name': '1', 'Type': 'Half', 'AwayScore': 27, 'HomeScore': 41}, {'PeriodID': 116903, 'GameID': 72043, 'Number': 2, 'Name': '2', 'Type': 'Half', 'AwayScore': 12, 'HomeScore': 49}]"
0,67360,2026,1,Final,2025-11-08T00:00:00,2025-11-08T16:00:00,SNOK,NO,847,297,59.0,93.0,2025-11-15T05:06:38,2,,,,,,,60067360,60000847,60000297,,,,,,,,,,,Scrambled,True,,,,,,ESPN+,False,,,,,2025-11-08T21:00:00,2691.0,"{'StadiumID': 310, 'Active': True, 'Name': 'Lakefront Arena', 'Address': None, 'City': 'New Orleans', 'State': 'LA', 'Zip': None, 'Country': None, 'Capacity': 8785, 'GeoLat': 30.03, 'GeoLong': -90.050556}","[{'PeriodID': 116751, 'GameID': 67360, 'Number': 1, 'Name': '1', 'Type': 'Half', 'AwayScore': 31, 'HomeScore': 54}, {'PeriodID': 116779, 'GameID': 67360, 'Number': 2, 'Name': '2', 'Type': 'Half', 'AwayScore': 28, 'HomeScore': 40}]"
1,67854,2026,1,Canceled,2025-11-08T00:00:00,2025-11-08T16:00:00,ROBWES,LIUB,1348,229,,,2025-11-02T20:04:42,,,,,,,,60067854,60001348,60000229,,,,,,,,,,,Scrambled,False,,,,,,,False,,,,,2025-11-08T21:00:00,,"{'StadiumID': 126, 'Active': True, 'Name': 'Steinberg Wellness Center', 'Address': None, 'City': 'Brooklyn', 'State': 'NY', 'Zip': None, 'Country': None, 'Capacity': 2500, 'GeoLat': 40.69059, 'GeoLong': -73.979176}",[]
2,67855,2026,1,Final,2025-11-08T00:00:00,2025-11-08T14:00:00,FAIRDK,STPETE,224,169,67.0,76.0,2025-11-09T04:20:55,F,0.0,0.0,-5.3,111.6,178.0,-221.0,60067855,60000224,60000169,,,,,,,,,,,Scrambled,True,2025-11-08T16:18:34,248930.0,248929.0,,,ESPN+,False,-93.0,-87.0,-90.0,-90.0,2025-11-08T19:00:00,575.0,"{'StadiumID': 90, 'Active': True, 'Name': 'Yanitelli Center', 'Address': None, 'City': 'Jersey City', 'State': 'NJ', 'Zip': None, 'Country': None, 'Capacity': 3200, 'GeoLat': 40.727648, 'GeoLong': -74.073173}","[{'PeriodID': 116715, 'GameID': 67855, 'Number': 1, 'Name': '1', 'Type': 'Half', 'AwayScore': 24, 'HomeScore': 31}, {'PeriodID': 116728, 'GameID': 67855, 'Number': 2, 'Name': '2', 'Type': 'Half', 'AwayScore': 44, 'HomeScore': 45}]"
3,67856,2026,1,Final,2025-11-08T00:00:00,2025-11-08T12:00:00,ALA,STJOHN,275,67,84.0,78.0,2025-11-09T04:20:55,F,0.0,0.0,-3.7,139.3,133.0,-170.0,60067856,60000275,60000067,,,,,,,,,,,Scrambled,True,2025-11-08T14:20:31,489.0,488.0,,,FS1,False,-90.0,-90.0,-91.0,-91.0,2025-11-08T17:00:00,17319.0,"{'StadiumID': 219, 'Active': True, 'Name': 'Madison Square Garden', 'Address': None, 'City': 'New York', 'State': 'NY', 'Zip': None, 'Country': None, 'Capacity': 19812, 'GeoLat': 40.750556, 'GeoLong': -73.993611}","[{'PeriodID': 116696, 'GameID': 67856, 'Number': 1, 'Name': '1', 'Type': 'Half', 'AwayScore': 43, 'HomeScore': 36}, {'PeriodID': 116708, 'GameID': 67856, 'Number': 2, 'Name': '2', 'Type': 'Half', 'AwayScore': 41, 'HomeScore': 42}]"
4,67857,2026,1,Final,2025-11-08T00:00:00,2025-11-08T20:00:00,TENST,BELM,235,233,64.0,71.0,2025-11-09T04:20:55,F,0.0,0.0,-11.0,127.9,535.0,-881.0,60067857,60000235,60000233,,,,,,,,,,,Scrambled,True,2025-11-08T22:03:13,538.0,537.0,,,ESPN+,False,-93.0,-89.0,-93.0,-89.0,2025-11-09T01:00:00,1721.0,"{'StadiumID': 169, 'Active': True, 'Name': 'Curb Event Center', 'Address': None, 'City': 'Nashville', 'State': 'TN', 'Zip': None, 'Country': None, 'Capacity': 5000, 'GeoLat': 36.132222, 'GeoLong': -86.794444}","[{'PeriodID': 116805, 'GameID': 67857, 'Number': 1, 'Name': '1', 'Type': 'Half', 'AwayScore': 26, 'HomeScore': 28}, {'PeriodID': 116818, 'GameID': 67857, 'Number': 2, 'Name': '2', 'Type': 'Half', 'AwayScore': 38, 'HomeScore': 43}]"
5,68156,2026,1,Final,2025-11-08T00:00:00,2025-11-08T21:00:00,HOLY,BYU,264,336,43.0,80.0,2025-11-09T04:20:55,F,0.0,0.0,-31.3,134.4,2680.0,-8120.0,60068156,60000264,60000336,,,,,,,,,,,Scrambled,True,2025-11-08T22:54:58,248953.0,248952.0,,,ESPN+,False,-89.0,-92.0,-89.0,-90.0,2025-11-09T02:00:00,17918.0,"{'StadiumID': 140, 'Active': True, 'Name': 'Marriott Center', 'Address': None, 'City': 'Provo', 'State': 'UT', 'Zip': None, 'Country': None, 'Capacity': 18987, 'GeoLat': 40.254, 'GeoLong': -111.649}","[{'PeriodID': 116816, 'GameID': 68156, 'Number': 1, 'Name': '1', 'Type': 'Half', 'AwayScore': 20, 'HomeScore': 47}, {'PeriodID': 116831, 'GameID': 68156, 'Number': 2, 'Name': '2', 'Type': 'Half', 'AwayScore': 23, 'HomeScore': 32}]"
6,68294,2026,1,Final,2025-11-08T00:00:00,2025-11-08T14:00:00,UMBC,DAY,19,44,58.0,63.0,2025-11-09T04:20:55,F,0.0,0.0,-20.7,125.5,1954.0,-12856.0,60068294,60000019,60000044,,,,,,,,,,,Scrambled,True,2025-11-08T16:02:54,248928.0,248928.0,,,ESPN+,False,-88.0,-93.0,-89.0,-91.0,2025-11-08T19:00:00,13407.0,"{'StadiumID': 87, 'Active': True, 'Name': 'UD Arena', 'Address': None, 'City': 'Dayton', 'State': 'OH', 'Zip': None, 'Country': None, 'Capacity': 13409, 'GeoLat': 39.735556, 'GeoLong': -84.2}","[{'PeriodID': 116719, 'GameID': 68294, 'Number': 1, 'Name': '1', 'Type': 'Half', 'AwayScore': 30, 'HomeScore': 33}, {'PeriodID': 116737, 'GameID': 68294, 'Number': 2, 'Name': '2', 'Type': 'Half', 'AwayScore': 28, 'HomeScore': 29}]"
7,68295,2026,1,Final,2025-11-08T00:00:00,2025-11-08T14:00:00,NIAGRA,BING,175,20,54.0,48.0,2025-11-09T04:20:55,F,0.0,0.0,-2.4,113.3,110.0,-134.0,60068295,60000175,60000020,,,,,,,,,,,Scrambled,True,2025-11-08T16:13:34,248927.0,248926.0,,,ESPN+,False,-89.0,-92.0,-89.0,-89.0,2025-11-08T19:00:00,1519.0,"{'StadiumID': 52, 'Active': True, 'Name': 'Events Center (Binghamton)', 'Address': None, 'City': 'Binghamton', 'State': 'NY', 'Zip': None, 'Country': None, 'Capacity': 4923, 'GeoLat': 42.093333, 'GeoLong': -75.971944}","[{'PeriodID': 116718, 'GameID': 68295, 'Number': 1, 'Name': '1', 'Type': 'Half', 'AwayScore': 18, 'HomeScore': 20}, {'PeriodID': 116739, 'GameID': 68295, 'Number': 2, 'Name': '2', 'Type': 'Half', 'AwayScore': 37, 'HomeScore': 28}]"
8,68296,2026,1,Final,2025-11-08T00:00:00,2025-11-08T16:00:00,CANS,STBON,172,47,57.0,72.0,2025-11-09T04:20:55,F,0.0,0.0,-17.5,110.8,1374.0,-5660.0,60068296,60000172,60000047,,,,,,,,,,,Scrambled,True,2025-11-08T17:57:29,516.0,516.0,,,ESPN+,False,-89.0,-91.0,-89.0,-89.0,2025-11-08T21:00:00,3549.0,"{'StadiumID': 88, 'Active': True, 'Name': 'Reilly Center', 'Address': None, 'City': 'Saint Bonaventure', 'State': 'NY', 'Zip': None, 'Country': None, 'Capacity': 5480, 'GeoLat': 42.079428, 'GeoLong': -78.484998}","[{'PeriodID': 116750, 'GameID': 68296, 'Number': 1, 'Name': '1', 'Type': 'Half', 'AwayScore': 28, 'HomeScore': 41}, {'PeriodID': 116768, 'GameID': 68296, 'Number': 2, 'Name': '2', 'Type': 'Half', 'AwayScore': 28, 'HomeScore': 32}]"
9,68514,2026,1,Final,2025-11-08T00:00:00,2025-11-08T13:30:00,WCAR,DUKE,287,26,44.0,77.0,2025-11-09T04:20:55,F,0.0,0.0,-29.6,123.8,4577.0,-35119.0,60068514,60000287,60000026,,,,,,,,,,,Scrambled,True,2025-11-08T15:47:23,497.0,496.0,,,CW,False,-89.0,-91.0,-91.0,-89.0,2025-11-08T18:30:00,9314.0,"{'StadiumID': 211, 'Active': True, 'Name': 'Cameron Indoor Stadium', 'Address': None, 'City': 'Durham', 'State': 'NC', 'Zip': None, 'Country': None, 'Capacity': 9314, 'GeoLat': 35.9976, 'GeoLong': -78.9422}","[{'PeriodID': 116710, 'GameID': 68514, 'Number': 1, 'Name': '1', 'Type': 'Half', 'AwayScore': 17, 'HomeScore': 37}, {'PeriodID': 116726, 'GameID': 68514, 'Number': 2, 'Name': '2', 'Type': 'Half', 'AwayScore': 27, 'HomeScore': 41}]"
10,68515,2026,1,Final,2025-11-08T00:00:00,2025-11-08T18:00:00,ECAR,RICH,9,52,58.0,71.0,2025-11-09T04:20:55,F,0.0,0.0,-4.5,116.1,151.0,-186.0,60068515,60000009,60000052,,,,,,,,,,,Scrambled,True,2025-11-08T20:26:08,529.0,529.0,,,ESPN+,False,-90.0,-89.0,-89.0,-91.0,2025-11-08T23:00:00,4632.0,"{'StadiumID': 116, 'Active': True, 'Name': 'Robins Center', 'Address': None, 'City': 'Richmond', 'State': 'VA', 'Zip': None, 'Country': None, 'Capacity': 7201, 'GeoLat': 37.580701, 'GeoLong': -77.538987}","[{'PeriodID': 116786, 'GameID': 68515, 'Number': 1, 'Name': '1', 'Type': 'Half', 'AwayScore': 24, 'HomeScore': 34}, {'PeriodID': 116801, 'GameID': 68515, 'Number': 2, 'Name': '2', 'Type': 'Half', 'AwayScore': 34, 'HomeScore': 37}]"
11,68516,2026,1,Final,2025-11-08T00:00:00,2025-11-08T13:30:00,GEOWS,SFL,48,11,80.0,77.0,2025-11-08T16:06:35,F,0.0,0.0,-1.2,129.5,-82.0,-98.0,60068516,60000048,60000011,,,,,,,,,,,Scrambled,True,2025-11-08T16:01:10,495.0,495.0,,,PEAC,True,-92.0,-89.0,-92.0,-89.0,2025-11-08T18:30:00,,"{'StadiumID': 387, 'Active': True, 'Name': 'Mohegan Sun Arena', 'Address': None, 'City': 'Uncasville', 'State': 'CT', 'Zip': None, 'Country': None, 'Capacity': 10000, 'GeoLat': 41.491111, 'GeoLong': -72.089722}","[{'PeriodID': 116709, 'GameID': 68516, 'Number': 1, 'Name': '1', 'Type': 'Half', 'AwayScore': 36, 'HomeScore': 32}, {'PeriodID': 116724, 'GameID': 68516, 'Number': 2, 'Name': '2', 'Type': 'Half', 'AwayScore': 45, 'HomeScore': 45}]"
12,68746,2026,1,Final,2025-11-08T00:00:00,2025-11-08T16:00:00,PROV,VTECH,63,31,82.0,87.0,2025-11-08T18:58:36,F,0.0,0.0,1.3,127.9,-106.0,89.0,60068746,60000063,60000031,,,,,,,,,,,Scrambled,True,2025-11-08T18:52:57,523.0,522.0,,,PEAC,True,-90.0,-90.0,-89.0,-91.0,2025-11-08T21:00:00,,"{'StadiumID': 387, 'Active': True, 'Name': 'Mohegan Sun Arena', 'Address': None, 'City': 'Uncasville', 'State': 'CT', 'Zip': None, 'Country': None, 'Capacity': 10000, 'GeoLat': 41.491111, 'GeoLong': -72.089722}","[{'PeriodID': 116760, 'GameID': 68746, 'Number': 1, 'Name': '1', 'Type': 'Half', 'AwayScore': 37, 'HomeScore': 32}, {'PeriodID': 116780, 'GameID': 68746, 'Number': 2, 'Name': '2', 'Type': 'Half', 'AwayScore': 32, 'HomeScore': 37}, {'PeriodID': 116792, 'GameID': 68746, 'Number': 3, 'Name': 'OT', 'Type': 'Overtime', 'AwayScore': 12, 'HomeScore': 17}]"
13,68747,2026,1,Final,2025-11-08T00:00:00,2025-11-08T13:00:00,DELST,SYRA,201,30,35.0,67.0,2025-11-09T04:20:55,F,0.0,0.0,-21.5,127.1,1969.0,-8120.0,60068747,60000201,60000030,,,,,,,,,,,Scrambled,True,2025-11-08T14:57:40,248923.0,248923.0,,,ACC,False,-90.0,-89.0,-92.0,-88.0,2025-11-08T18:00:00,19275.0,"{'StadiumID': 10, 'Active': True, 'Name': 'JMA Wireless Dome', 'Address': None, 'City': 'Syracuse', 'State': 'NY', 'Zip': None, 'Country': None, 'Capacity': 35642, 'GeoLat': 43.036111, 'GeoLong': -76.136389}","[{'PeriodID': 116701, 'GameID': 68747, 'Number': 1, 'Name': '1', 'Type': 'Half', 'AwayScore': 14, 'HomeScore': 32}, {'PeriodID': 116721, 'GameID': 68747, 'Number': 2, 'Name': '2', 'Type': 'Half', 'AwayScore': 21, 'HomeScore': 35}]"
14,68748,2026,1,Final,2025-11-08T00:00:00,2025-11-08T16:00:00,MONT,STAN,68,254,55.0,74.0,2025-11-09T04:20:55,F,0.0,0.0,-9.7,122.2,447.0,-680.0,60068748,60000068,60000254,,,,,,,,,,,Scrambled,True,2025-11-08T18:02:30,513.0,512.0,,,ACC,False,-91.0,-89.0,-90.0,-90.0,2025-11-08T21:00:00,3549.0,"{'StadiumID': 79, 'Active': True, 'Name': 'Maples Pavilion', 'Address': None, 'City': 'Stanford', 'State': 'CA', 'Zip': None, 'Country': None, 'Capacity': 7233, 'GeoLat': 37.4296, 'GeoLong': -122.1605}","[{'PeriodID': 116748, 'GameID': 68748, 'Number': 1, 'Name': '1', 'Type': 'Half', 'AwayScore': 20, 'HomeScore': 28}, {'PeriodID': 116769, 'GameID': 68748, 'Number': 2, 'Name': '2', 'Type': 'Half', 'AwayScore': 35, 'HomeScore': 45}]"
15,69076,2026,1,Final,2025-11-08T00:00:00,2025-11-08T19:00:00,WEBST,UTAH,69,248,72.0,75.0,2025-11-09T04:20:55,F,0.0,0.0,-12.6,120.2,789.0,-1523.0,60069076,60000069,60000248,,,,,,,,,,,Scrambled,True,2025-11-08T21:29:01,533.0,532.0,,,ESPN+,False,-89.0,-91.0,-89.0,-91.0,2025-11-09T00:00:00,6214.0,"{'StadiumID': 102, 'Active': True, 'Name': 'Jon M. Huntsman Center', 'Address': None, 'City': 'Salt Lake City', 'State': 'UT', 'Zip': None, 'Country': None, 'Capacity': 15000, 'GeoLat': 40.762, 'GeoLong': -111.839}","[{'PeriodID': 116793, 'GameID': 69076, 'Number': 1, 'Name': '1', 'Type': 'Half', 'AwayScore': 40, 'HomeScore': 34}, {'PeriodID': 116808, 'GameID': 69076, 'Number': 2, 'Name': '2', 'Type': 'Half', 'AwayScore': 28, 'HomeScore': 34}, {'PeriodID': 116821, 'GameID': 69076, 'Number': 3, 'Name': 'OT', 'Type': 'Overtime', 'AwayScore': 3, 'HomeScore': 5}]"
16,69077,2026,1,Final,2025-11-08T00:00:00,2025-11-08T20:00:00,BELLA,KANST,1025,112,58.0,80.0,2025-11-09T04:20:55,F,0.0,0.0,-23.1,136.8,2416.0,-28420.0,60069077,60001025,60000112,,,,,,,,,,,Scrambled,True,2025-11-08T22:10:47,248948.0,248947.0,,,ESPN+,False,-89.0,-91.0,-90.0,-90.0,2025-11-09T01:00:00,8040.0,"{'StadiumID': 105, 'Active': True, 'Name': 'Bramlage Coliseum', 'Address': None, 'City': 'Manhattan', 'State': 'KS', 'Zip': None, 'Country': None, 'Capacity': 11000, 'GeoLat': 39.200361, 'GeoLong': -96.593833}","[{'PeriodID': 116803, 'GameID': 69077, 'Number': 1, 'Name': '1', 'Type': 'Half', 'AwayScore': 24, 'HomeScore': 37}, {'PeriodID': 116824, 'GameID': 69077, 'Number': 2, 'Name': '2', 'Type': 'Half', 'AwayScore': 33, 'HomeScore': 42}]"
17,69078,2026,1,Final,2025-11-08T00:00:00,2025-11-08T16:00:00,EWASH,COL,70,250,79.0,83.0,2025-11-09T04:20:55,F,0.0,0.0,-12.6,123.8,692.0,-1219.0,60069078,60000070,60000250,,,,,,,,,,,Scrambled,True,2025-11-08T18:29:57,525.0,524.0,,,ESPN+,False,-90.0,-90.0,-91.0,-89.0,2025-11-08T21:00:00,5289.0,"{'StadiumID': 205, 'Active': True, 'Name': 'CU Events Center', 'Address': None, 'City': 'Boulder', 'State': 'CO', 'Zip': None, 'Country': None, 'Capacity': 11064, 'GeoLat': 40.0047, 'GeoLong': -105.2606}","[{'PeriodID': 116745, 'GameID': 69078, 'Number': 1, 'Name': '1', 'Type': 'Half', 'AwayScore': 32, 'HomeScore': 33}, {'PeriodID': 116770, 'GameID': 69078, 'Number': 2, 'Name': '2', 'Type': 'Half', 'AwayScore': 37, 'HomeScore': 36}, {'PeriodID': 116787, 'GameID': 69078, 'Number': 3, 'Name': 'OT', 'Type': 'Overtime', 'AwayScore': 8, 'HomeScore': 14}]"
18,69168,2026,1,Final,2025-11-08T00:00:00,2025-11-08T15:00:00,PENNK,MRCY,1254,1062,35.0,76.0,2025-11-09T04:20:55,F,0.0,0.0,,,,,60069168,60001254,60001062,,,,,,,,,,,Scrambled,True,2025-11-08T16:44:44,,,,,NEC,False,,,,,2025-11-08T20:00:00,118.0,"{'StadiumID': 605, 'Active': True, 'Name': 'Mercyhurst Athletic Center', 'Address': None, 'City': 'Erie', 'State': 'PA', 'Zip': None, 'Country': None, 'Capacity': None, 'GeoLat': None, 'GeoLong': None}","[{'PeriodID': 116738, 'GameID': 69168, 'Number': 1, 'Name': '1', 'Type': 'Half', 'AwayScore': 14, 'HomeScore': 36}, {'PeriodID': 116742, 'GameID': 69168, 'Number': 2, 'Name': '2', 'Type': 'Half', 'AwayScore': 21, 'HomeScore': 40}]"
19,69237,2026,1,Final,2025-11-08T00:00:00,2025-11-08T21:00:00,CHAT,UNLV,281,218,56.0,82.0,2025-11-09T04:20:55,F,0.0,0.0,-6.1,126.7,214.0,-272.0,60069237,60000281,60000218,,,,,,,,,,,Scrambled,True,2025-11-08T23:06:55,541.0,540.0,,,MWN,False,-90.0,-90.0,-89.0,-92.0,2025-11-09T02:00:00,4896.0,"{'StadiumID': 173, 'Active': True, 'Name': 'Thomas & Mack Center', 'Address': None, 'City': 'Las Vegas', 'State': 'NV', 'Zip': None, 'Country': None, 'Capacity': 18000, 'GeoLat': 36.105, 'GeoLong': -115.144167}","[{'PeriodID': 116819, 'GameID': 69237, 'Number': 1, 'Name': '1', 'Type': 'Half', 'AwayScore': 29, 'HomeScore': 38}, {'PeriodID': 116832, 'GameID': 69237, 'Number': 2, 'Name': '2', 'Type': 'Half', 'AwayScore': 27, 'HomeScore': 44}]"
20,69258,2026,1,Final,2025-11-08T00:00:00,2025-11-08T17:00:00,IUPUI,BUTL,317,64,65.0,91.0,2025-11-09T04:20:55,F,0.0,0.0,-16.6,156.3,1137.0,-3979.0,60069258,60000317,60000064,,,,,,,,,,,Scrambled,True,2025-11-08T19:09:08,526.0,525.0,,,ESPN+,False,-89.0,-91.0,-92.0,-87.0,2025-11-08T22:00:00,7132.0,"{'StadiumID': 161, 'Active': True, 'Name': 'Hinkle Fieldhouse', 'Address': None, 'City': 'Indianapolis', 'State': 'IN', 'Zip': None, 'Country': None, 'Capacity': 9100, 'GeoLat': 39.843611, 'GeoLong': -86.167222}","[{'PeriodID': 116765, 'GameID': 69258, 'Number': 1, 'Name': '1', 'Type': 'Half', 'AwayScore': 31, 'HomeScore': 41}, {'PeriodID': 116790, 'GameID': 69258, 'Number': 2, 'Name': '2', 'Type': 'Half', 'AwayScore': 34, 'HomeScore': 50}]"
21,69259,2026,1,Final,2025-11-08T00:00:00,2025-11-08T17:00:00,MAINE,STBR,17,12,49.0,58.0,2025-11-09T04:20:55,F,0.0,0.0,-2.8,106.8,114.0,-140.0,60069259,60000017,60000012,,,,,,,,,,,Scrambled,True,2025-11-08T19:08:21,248938.0,248937.0,,,FloC,False,-89.0,-91.0,-88.0,-93.0,2025-11-08T22:00:00,1803.0,"{'StadiumID': 629, 'Active': True, 'Name': 'Stony Brook Arena', 'Address': None, 'City': 'Stony Brook', 'State': 'NY', 'Zip': None, 'Country': None, 'Capacity': None, 'GeoLat': None, 'GeoLong': None}","[{'PeriodID': 116766, 'GameID': 69259, 'Number': 1, 'Name': '1', 'Type': 'Half', 'AwayScore': 30, 'HomeScore': 31}, {'PeriodID': 116785, 'GameID': 69259, 'Number': 2, 'Name': '2', 'Type': 'Half', 'AwayScore': 19, 'HomeScore': 27}]"
22,69260,2026,1,Final,2025-11-08T00:00:00,2025-11-08T12:00:00,PRNCE,AKRON,160,177,56.0,84.0,2025-11-09T04:20:55,F,0.0,0.0,-10.2,127.1,471.0,-741.0,60069260,60000160,60000177,,,,,,,,,,,Scrambled,True,2025-11-08T14:00:17,490.0,490.0,,,ESPN+,False,-89.0,-92.0,-92.0,-88.0,2025-11-08T17:00:00,1502.0,"{'StadiumID': 295, 'Active': True, 'Name': 'James A. Rhodes Arena', 'Address': None, 'City': 'Akron', 'State': 'OH', 'Zip': None, 'Country': None, 'Capacity': 5500, 'GeoLat': 41.075833, 'GeoLong': -81.508611}","[{'PeriodID': 116699, 'GameID': 69260, 'Number': 1, 'Name': '1', 'Type': 'Half', 'AwayScore': 22, 'HomeScore': 38}, {'PeriodID': 116704, 'GameID': 69260, 'Number': 2, 'Name': '2', 'Type': 'Half', 'AwayScore': 34, 'HomeScore': 46}]"
23,69261,2026,1,Final,2025-11-08T00:00:00,2025-11-08T18:00:00,TAMU,TARL,292,1024,63.0,69.0,2025-11-09T04:20:55,F,0.0,0.0,-2.8,115.7,106.0,-130.0,60069261,60000292,60001024,,,,,,,,,,,Scrambled,True,2025-11-08T21:09:20,248945.0,248944.0,,,ESPN+,False,-89.0,-91.0,-89.0,-91.0,2025-11-08T23:00:00,1661.0,"{'StadiumID': 487, 'Active': True, 'Name': 'Wisdom Gym', 'Address': None, 'City': 'Stephenville', 'State': 'TX', 'Zip': None, 'Country': None, 'Capacity': 3000, 'GeoLat': 32.215438, 'GeoLong': -98.220617}","[{'PeriodID': 116796, 'GameID': 69261, 'Number': 1, 'Name': '1', 'Type': 'Half', 'AwayScore': 23, 'HomeScore': 38}, {'PeriodID': 116813, 'GameID': 69261, 'Number': 2, 'Name': '2', 'Type': 'Half', 'AwayScore': 40, 'HomeScore': 31}]"
24,69262,2026,1,Final,2025-11-08T00:00:00,2025-11-08T16:00:00,AUSP,AIRF,242,221,60.0,44.0,2025-11-09T04:20:55,F,0.0,0.0,1.3,110.8,-110.0,91.0,60069262,60000242,60000221,,,,,,,,,,,Scrambled,True,2025-11-08T18:14:42,248936.0,248936.0,,,MWN,False,-89.0,-91.0,-89.0,-91.0,2025-11-08T21:00:00,1374.0,"{'StadiumID': 277, 'Active': True, 'Name': 'Clune Arena', 'Address': None, 'City': 'Colorado Springs', 'State': 'CO', 'Zip': None, 'Country': None, 'Capacity': 5843, 'GeoLat': 39.014, 'GeoLong': -104.8833}","[{'PeriodID': 116755, 'GameID': 69262, 'Number': 1, 'Name': '1', 'Type': 'Half', 'AwayScore': 27, 'HomeScore': 18}, {'PeriodID': 116775, 'GameID': 69262, 'Number': 2, 'Name': '2', 'Type': 'Half', 'AwayScore': 33, 'HomeScore': 26}]"
25,69589,2026,1,Final,2025-11-08T00:00:00,2025-11-08T13:00:00,DREXEL,STJOE,132,46,53.0,62.0,2025-11-09T04:20:55,F,0.0,0.0,-7.7,113.3,312.0,-421.0,60069589,60000132,60000046,,,,,,,,,,,Scrambled,True,2025-11-08T15:06:28,494.0,493.0,,,ESPN+,False,-89.0,-90.0,-89.0,-90.0,2025-11-08T18:00:00,2401.0,"{'StadiumID': 128, 'Active': True, 'Name': 'Hagan Arena', 'Address': None, 'City': 'Philadelphia', 'State': 'PA', 'Zip': None, 'Country': None, 'Capacity': 4200, 'GeoLat': 39.995245, 'GeoLong': -75.234806}","[{'PeriodID': 116705, 'GameID': 69589, 'Number': 1, 'Name': '1', 'Type': 'Half', 'AwayScore': 30, 'HomeScore': 28}, {'PeriodID': 116722, 'GameID': 69589, 'Number': 2, 'Name': '2', 'Type': 'Half', 'AwayScore': 23, 'HomeScore': 34}]"
26,69590,2026,1,Final,2025-11-08T00:00:00,2025-11-08T14:00:00,WBD,WOFF,151,285,62.0,70.0,2025-11-09T04:20:55,F,0.0,0.0,2.0,122.6,-129.0,106.0,60069590,60000151,60000285,,,,,,,,,,,Scrambled,True,2025-11-08T16:00:51,500.0,499.0,,,ESPN+,False,-92.0,-89.0,-89.0,-91.0,2025-11-08T19:00:00,1342.0,"{'StadiumID': 6, 'Active': True, 'Name': 'Jerry Richardson Indoor Stadium', 'Address': None, 'City': 'Spartanburg', 'State': 'SC', 'Zip': None, 'Country': None, 'Capacity': 3400, 'GeoLat': 34.963427, 'GeoLong': -81.93363}","[{'PeriodID': 116712, 'GameID': 69590, 'Number': 1, 'Name': '1', 'Type': 'Half', 'AwayScore': 27, 'HomeScore': 38}, {'PeriodID': 116733, 'GameID': 69590, 'Number': 2, 'Name': '2', 'Type': 'Half', 'AwayScore': 35, 'HomeScore': 32}]"
27,69591,2026,1,Final,2025-11-08T00:00:00,2025-11-08T15:30:00,MONM,LASAL,166,57,49.0,59.0,2025-11-09T04:20:55,F,0.0,0.0,-3.7,116.5,140.0,-171.0,60069591,60000166,60000057,,,,,,,,,,,Scrambled,True,2025-11-08T17:37:19,508.0,508.0,,,ESPN+,False,-87.0,-93.0,-90.0,-89.0,2025-11-08T20:30:00,2942.0,"{'StadiumID': 616, 'Active': True, 'Name': 'John Glaser Arena', 'Address': None, 'City': 'Philadelphia', 'State': 'PA', 'Zip': None, 'Country': None, 'Capacity': None, 'GeoLat': None, 'GeoLong': None}","[{'PeriodID': 116741, 'GameID': 69591, 'Number': 1, 'Name': '1', 'Type': 'Half', 'AwayScore': 28, 'HomeScore': 31}, {'PeriodID': 116761, 'GameID': 69591, 'Number': 2, 'Name': '2', 'Type': 'Half', 'AwayScore': 20, 'HomeScore': 28}]"
28,69728,2026,1,Final,2025-11-08T00:00:00,2025-11-08T14:00:00,MARSH,TOLEDO,136,183,69.0,59.0,2025-11-09T04:20:55,F,0.0,0.0,-2.0,129.9,91.0,-110.0,60069728,60000136,60000183,,,,,,,,,,,Scrambled,True,2025-11-08T15:53:14,499.0,498.0,,,ESPN+,False,-91.0,-88.0,-92.0,-89.0,2025-11-08T19:00:00,4026.0,"{'StadiumID': 299, 'Active': True, 'Name': 'Savage Arena', 'Address': None, 'City': 'Toledo', 'State': 'OH', 'Zip': None, 'Country': None, 'Capacity': 7014, 'GeoLat': 41.660232, 'GeoLong': -83.609795}","[{'PeriodID': 116714, 'GameID': 69728, 'Number': 1, 'Name': '1', 'Type': 'Half', 'AwayScore': 24, 'HomeScore': 32}, {'PeriodID': 116727, 'GameID': 69728, 'Number': 2, 'Name': '2', 'Type': 'Half', 'AwayScore': 45, 'HomeScore': 27}]"
29,69729,2026,1,Final,2025-11-08T00:00:00,2025-11-08T20:00:00,CMICH,BRADLY,185,210,44.0,69.0,2025-11-09T04:20:55,F,0.0,0.0,-7.7,119.8,298.0,-400.0,60069729,60000185,60000210,,,,,,,,,,,Scrambled,True,2025-11-08T22:01:05,536.0,535.0,,,ESPN+,False,-89.0,-90.0,-90.0,-90.0,2025-11-09T01:00:00,5814.0,"{'StadiumID': 149, 'Active': True, 'Name': 'Carver Arena', 'Address': None, 'City': 'Peoria', 'State': 'IL', 'Zip': None, 'Country': None, 'Capacity': 11060, 'GeoLat': 41.663611, 'GeoLong': -91.554444}","[{'PeriodID': 116807, 'GameID': 69729, 'Number': 1, 'Name': '1', 'Type': 'Half', 'AwayScore': 20, 'HomeScore': 28}, {'PeriodID': 116822, 'GameID': 69729, 'Number': 2, 'Name': '2', 'Type': 'Half', 'AwayScore': 24, 'HomeScore': 41}]"
30,69730,2026,1,Final,2025-11-08T00:00:00,2025-11-08T19:00:00,QUEEN,VILL,962,58,60.0,76.0,2025-11-09T04:20:55,F,0.0,0.0,-14.6,122.2,902.0,-2286.0,60069730,60000962,60000058,,,,,,,,,,,Scrambled,True,2025-11-08T21:04:53,248946.0,248945.0,,,ESPN+,False,-90.0,-90.0,-92.0,-88.0,2025-11-09T00:00:00,6501.0,"{'StadiumID': 7, 'Active': True, 'Name': 'Finneran Pavilion', 'Address': None, 'City': 'Villanova', 'State': 'PA', 'Zip': None, 'Country': None, 'Capacity': 6501, 'GeoLat': 40.034072, 'GeoLong': -75.336553}","[{'PeriodID': 116798, 'GameID': 69730, 'Number': 1, 'Name': '1', 'Type': 'Half', 'AwayScore': 30, 'HomeScore': 41}, {'PeriodID': 116812, 'GameID': 69730, 'Number': 2, 'Name': '2', 'Type': 'Half', 'AwayScore': 30, 'HomeScore': 35}]"
31,69731,2026,1,Final,2025-11-08T00:00:00,2025-11-08T15:00:00,NKENT,TENN,154,277,45.0,77.0,2025-11-09T04:20:55,F,0.0,0.0,-22.3,111.6,3045.0,-16240.0,60069731,60000154,60000277,,,,,,,,,,,Scrambled,True,2025-11-08T16:54:21,507.0,506.0,,,SEC,False,-91.0,-89.0,-93.0,-85.0,2025-11-08T20:00:00,18661.0,"{'StadiumID': 195, 'Active': True, 'Name': 'Thompson-Boling Arena at Food City Center', 'Address': None, 'City': 'Knoxville', 'State': 'TN', 'Zip': None, 'Country': None, 'Capacity': 21678, 'GeoLat': 35.951167, 'GeoLong': -83.925028}","[{'PeriodID': 116730, 'GameID': 69731, 'Number': 1, 'Name': '1', 'Type': 'Half', 'AwayScore': 25, 'HomeScore': 42}, {'PeriodID': 116744, 'GameID': 69731, 'Number': 2, 'Name': '2', 'Type': 'Half', 'AwayScore': 20, 'HomeScore': 35}]"
32,69732,2026,1,Final,2025-11-08T00:00:00,2025-11-08T20:00:00,NWOST,MSRST,393,208,46.0,86.0,2025-11-09T04:20:55,F,0.0,0.0,,,,,60069732,60000393,60000208,,,,,,,,,,,Scrambled,True,2025-11-08T21:52:19,,,,,ESPN+,False,,,,,2025-11-09T01:00:00,1803.0,"{'StadiumID': 63, 'Active': True, 'Name': 'Great Southern Bank Arena', 'Address': None, 'City': 'Springfield', 'State': 'MO', 'Zip': None, 'Country': None, 'Capacity': 11000, 'GeoLat': 37.202047, 'GeoLong': -93.283058}","[{'PeriodID': 116804, 'GameID': 69732, 'Number': 1, 'Name': '1', 'Type': 'Half', 'AwayScore': 17, 'HomeScore': 45}, {'PeriodID': 116820, 'GameID': 69732, 'Number': 2, 'Name': '2', 'Type': 'Half', 'AwayScore': 29, 'HomeScore': 41}]"
33,69733,2026,1,Final,2025-11-08T00:00:00,2025-11-08T17:00:00,LBST,FREST,117,213,50.0,67.0,2025-11-09T04:20:55,F,0.0,0.0,-5.3,115.7,181.0,-227.0,60069733,60000117,60000213,,,,,,,,,,,Scrambled,True,2025-11-08T19:10:41,528.0,527.0,,,MWN,False,-92.0,-89.0,-90.0,-89.0,2025-11-08T22:00:00,3133.0,"{'StadiumID': 314, 'Active': True, 'Name': 'Save Mart Center', 'Address': None, 'City': 'Fresno', 'State': 'CA', 'Zip': None, 'Country': None, 'Capacity': 15596, 'GeoLat': 36.809722, 'GeoLong': -119.738611}","[{'PeriodID': 116771, 'GameID': 69733, 'Number': 1, 'Name': '1', 'Type': 'Half', 'AwayScore': 16, 'HomeScore': 23}, {'PeriodID': 116789, 'GameID': 69733, 'Number': 2, 'Name': '2', 'Type': 'Half', 'AwayScore': 34, 'HomeScore': 44}]"
34,69734,2026,1,Final,2025-11-08T00:00:00,2025-11-08T14:00:00,FAIR,NJIT,170,39,60.0,43.0,2025-11-09T04:20:55,F,0.0,0.0,4.3,119.0,-209.0,169.0,60069734,60000170,60000039,,,,,,,,,,,Scrambled,True,2025-11-08T16:08:19,248925.0,248924.0,,,ESPN+,False,-90.0,-89.0,-89.0,-92.0,2025-11-08T19:00:00,1454.0,"{'StadiumID': 28, 'Active': True, 'Name': 'Joel & Diane Bloom Wellness and Events Center', 'Address': None, 'City': 'Newark', 'State': 'NJ', 'Zip': None, 'Country': None, 'Capacity': 3500, 'GeoLat': 40.743125, 'GeoLong': -74.182161}","[{'PeriodID': 116720, 'GameID': 69734, 'Number': 1, 'Name': '1', 'Type': 'Half', 'AwayScore': 28, 'HomeScore': 24}, {'PeriodID': 116731, 'GameID': 69734, 'Number': 2, 'Name': '2', 'Type': 'Half', 'AwayScore': 32, 'HomeScore': 19}]"
35,69735,2026,1,Final,2025-11-08T00:00:00,2025-11-08T15:30:00,CHEY,MDES,1316,193,48.0,84.0,2025-11-09T04:20:55,F,0.0,0.0,,,,,60069735,60001316,60000193,,,,,,,,,,,Scrambled,True,2025-11-08T18:36:35,,,,,,False,,,,,2025-11-08T20:30:00,3876.0,"{'StadiumID': 200, 'Active': True, 'Name': 'Hytche Athletic Center', 'Address': None, 'City': 'Princess Anne', 'State': 'MD', 'Zip': None, 'Country': None, 'Capacity': 5500, 'GeoLat': 38.211184, 'GeoLong': -75.687227}","[{'PeriodID': 116762, 'GameID': 69735, 'Number': 1, 'Name': '1', 'Type': 'Half', 'AwayScore': 21, 'HomeScore': 35}, {'PeriodID': 116781, 'GameID': 69735, 'Number': 2, 'Name': '2', 'Type': 'Half', 'AwayScore': 27, 'HomeScore': 50}]"
36,69736,2026,1,Final,2025-11-08T00:00:00,2025-11-08T19:30:00,WEBSTER,MTNST,1141,135,45.0,89.0,2025-11-09T04:20:55,F,0.0,0.0,,,,,60069736,60001141,60000135,,,,,,,,,,,Scrambled,True,2025-11-08T21:18:05,,,,,ESPN+,False,,,,,2025-11-09T00:30:00,2503.0,"{'StadiumID': 324, 'Active': True, 'Name': 'Murphy Athletic Center', 'Address': None, 'City': 'Murfreesboro', 'State': 'TN', 'Zip': None, 'Country': None, 'Capacity': 11520, 'GeoLat': 35.852467, 'GeoLong': -86.369803}","[{'PeriodID': 116802, 'GameID': 69736, 'Number': 1, 'Name': '1', 'Type': 'Half', 'AwayScore': 19, 'HomeScore': 44}, {'PeriodID': 116814, 'GameID': 69736, 'Number': 2, 'Name': '2', 'Type': 'Half', 'AwayScore': 27, 'HomeScore': 45}]"
37,69737,2026,1,Final,2025-11-08T00:00:00,2025-11-08T16:00:00,CSUFL,WYOM,123,219,67.0,75.0,2025-11-09T04:20:55,F,0.0,0.0,-11.8,125.5,581.0,-949.0,60069737,60000123,60000219,,,,,,,,,,,Scrambled,True,2025-11-08T18:21:24,510.0,509.0,,,MWN,False,-89.0,-91.0,-89.0,-89.0,2025-11-08T21:00:00,3211.0,"{'StadiumID': 82, 'Active': True, 'Name': 'Arena Auditorium', 'Address': None, 'City': 'Laramie', 'State': 'WY', 'Zip': None, 'Country': None, 'Capacity': 11612, 'GeoLat': 41.313344, 'GeoLong': -105.569419}","[{'PeriodID': 116753, 'GameID': 69737, 'Number': 1, 'Name': '1', 'Type': 'Half', 'AwayScore': 31, 'HomeScore': 31}, {'PeriodID': 116777, 'GameID': 69737, 'Number': 2, 'Name': '2', 'Type': 'Half', 'AwayScore': 36, 'HomeScore': 44}]"
38,69738,2026,1,Canceled,2025-11-08T00:00:00,2025-11-08T20:30:00,RIO,SUTAH,949,78,,,2025-10-05T01:21:30,,,,,,,,60069738,60000949,60000078,,,,,,,,,,,Scrambled,False,,,,,,,False,,,,,2025-11-09T01:30:00,,"{'StadiumID': 377, 'Active': True, 'Name': 'America First Events Center', 'Address': None, 'City': 'Cedar City', 'State': 'UT', 'Zip': None, 'Country': None, 'Capacity': 5300, 'GeoLat': 37.675556, 'GeoLong': -113.073056}",[]
39,70253,2026,1,Final,2025-11-08T00:00:00,2025-11-08T16:00:00,UTAHV,BOISE,348,215,63.0,82.0,2025-11-09T04:20:55,F,0.0,0.0,-9.7,122.2,435.0,-639.0,60070253,60000348,60000215,,,,,,,,,,,Scrambled,True,2025-11-08T18:05:13,515.0,514.0,,,MWN,False,-93.0,-88.0,-90.0,-90.0,2025-11-08T21:00:00,10240.0,"{'StadiumID': 171, 'Active': True, 'Name': 'ExtraMile Arena', 'Address': None, 'City': 'Boise', 'State': 'ID', 'Zip': None, 'Country': None, 'Capacity': 12480, 'GeoLat': 43.6035, 'GeoLong': -116.199}","[{'PeriodID': 116754, 'GameID': 70253, 'Number': 1, 'Name': '1', 'Type': 'Half', 'AwayScore': 28, 'HomeScore': 37}, {'PeriodID': 116774, 'GameID': 70253, 'Number': 2, 'Name': '2', 'Type': 'Half', 'AwayScore': 34, 'HomeScore': 45}]"
40,70346,2026,1,Final,2025-11-08T00:00:00,2025-11-08T22:00:00,CALPOL,SEA,122,347,59.0,58.0,2025-11-09T04:20:55,F,0.0,0.0,-8.1,133.2,317.0,-439.0,60070346,60000122,60000347,,,,,,,,,,,Scrambled,True,2025-11-09T00:12:07,542.0,542.0,,,ESPN+,False,-92.0,-89.0,-90.0,-90.0,2025-11-09T03:00:00,999.0,"{'StadiumID': 266, 'Active': True, 'Name': 'Redhawk Center', 'Address': None, 'City': 'Seattle', 'State': 'WA', 'Zip': None, 'Country': None, 'Capacity': 999, 'GeoLat': 47.607222, 'GeoLong': -122.313333}","[{'PeriodID': 116828, 'GameID': 70346, 'Number': 1, 'Name': '1', 'Type': 'Half', 'AwayScore': 32, 'HomeScore': 31}, {'PeriodID': 116835, 'GameID': 70346, 'Number': 2, 'Name': '2', 'Type': 'Half', 'AwayScore': 28, 'HomeScore': 27}]"
41,70347,2026,1,Final,2025-11-08T00:00:00,2025-11-08T22:00:00,PACFC,NEVADA,339,216,63.0,63.0,2025-11-09T04:20:55,F,0.0,0.0,-10.6,113.3,510.0,-799.0,60070347,60000339,60000216,,,,,,,,,,,Scrambled,True,2025-11-09T00:23:18,544.0,543.0,,,MWN,False,-92.0,-89.0,-91.0,-89.0,2025-11-09T03:00:00,7307.0,"{'StadiumID': 5, 'Active': True, 'Name': 'Lawlor Events Center', 'Address': None, 'City': 'Reno', 'State': 'NV', 'Zip': None, 'Country': None, 'Capacity': 11536, 'GeoLat': 39.545069, 'GeoLong': -119.818269}","[{'PeriodID': 116830, 'GameID': 70347, 'Number': 1, 'Name': '1', 'Type': 'Half', 'AwayScore': 32, 'HomeScore': 32}, {'PeriodID': 116836, 'GameID': 70347, 'Number': 2, 'Name': '2', 'Type': 'Half', 'AwayScore': 30, 'HomeScore': 31}]"
42,70348,2026,1,Final,2025-11-08T00:00:00,2025-11-08T22:30:00,OKL,GNZG,105,334,55.0,67.0,2025-11-09T04:20:55,F,0.0,0.0,-8.5,135.6,374.0,-541.0,60070348,60000105,60000334,,,,,,,,,,,Scrambled,True,2025-11-09T00:37:30,546.0,545.0,,,ESPN2,False,-90.0,-90.0,-90.0,-90.0,2025-11-09T03:30:00,11081.0,"{'StadiumID': 457, 'Active': True, 'Name': 'Spokane Arena', 'Address': None, 'City': 'Spokane', 'State': 'WA', 'Zip': None, 'Country': None, 'Capacity': 11736, 'GeoLat': 47.666, 'GeoLong': -117.423}","[{'PeriodID': 116833, 'GameID': 70348, 'Number': 1, 'Name': '1', 'Type': 'Half', 'AwayScore': 24, 'HomeScore': 40}, {'PeriodID': 116837, 'GameID': 70348, 'Number': 2, 'Name': '2', 'Type': 'Half', 'AwayScore': 31, 'HomeScore': 28}]"
43,70349,2026,1,Final,2025-11-08T00:00:00,2025-11-08T16:00:00,TXA,NMX,325,214,45.0,60.0,2025-11-09T04:20:55,F,0.0,0.0,-11.0,118.1,535.0,-835.0,60070349,60000325,60000214,,,,,,,,,,,Scrambled,True,2025-11-08T18:07:37,518.0,517.0,,,MWN,False,-89.0,-91.0,-92.0,-89.0,2025-11-08T21:00:00,11513.0,"{'StadiumID': 208, 'Active': True, 'Name': 'The Pit', 'Address': None, 'City': 'Albuquerque', 'State': 'NM', 'Zip': None, 'Country': None, 'Capacity': 15411, 'GeoLat': 35.067, 'GeoLong': -106.632}","[{'PeriodID': 116756, 'GameID': 70349, 'Number': 1, 'Name': '1', 'Type': 'Half', 'AwayScore': 15, 'HomeScore': 25}, {'PeriodID': 116776, 'GameID': 70349, 'Number': 2, 'Name': '2', 'Type': 'Half', 'AwayScore': 30, 'HomeScore': 35}]"
44,70350,2026,1,Final,2025-11-08T00:00:00,2025-11-08T19:30:00,UTRGV,SUTAH,350,78,77.0,58.0,2025-11-09T04:20:55,F,0.0,0.0,1.0,130.3,-102.0,84.0,60070350,60000350,60000078,,,,,,,,,,,Scrambled,True,2025-11-08T22:20:34,539.0,538.0,,,ESPN+,False,-90.0,-90.0,-89.0,-89.0,2025-11-09T00:30:00,1489.0,"{'StadiumID': 377, 'Active': True, 'Name': 'America First Events Center', 'Address': None, 'City': 'Cedar City', 'State': 'UT', 'Zip': None, 'Country': None, 'Capacity': 5300, 'GeoLat': 37.675556, 'GeoLong': -113.073056}","[{'PeriodID': 116815, 'GameID': 70350, 'Number': 1, 'Name': '1', 'Type': 'Half', 'AwayScore': 32, 'HomeScore': 28}, {'PeriodID': 116826, 'GameID': 70350, 'Number': 2, 'Name': '2', 'Type': 'Half', 'AwayScore': 45, 'HomeScore': 30}]"
45,70351,2026,1,Final,2025-11-08T00:00:00,2025-11-08T21:00:00,ARPB,LOYMRY,310,343,58.0,76.0,2025-11-09T04:20:55,F,0.0,0.0,-16.2,127.9,987.0,-2580.0,60070351,60000310,60000343,,,,,,,,,,,Scrambled,True,2025-11-08T23:02:19,248951.0,248950.0,,,ESPN+,False,-92.0,-89.0,-89.0,-90.0,2025-11-09T02:00:00,877.0,"{'StadiumID': 257, 'Active': True, 'Name': 'Gersten Pavilion', 'Address': None, 'City': 'Los Angeles', 'State': 'CA', 'Zip': None, 'Country': None, 'Capacity': 4156, 'GeoLat': 33.9675, 'GeoLong': -118.415556}","[{'PeriodID': 116817, 'GameID': 70351, 'Number': 1, 'Name': '1', 'Type': 'Half', 'AwayScore': 25, 'HomeScore': 31}, {'PeriodID': 116829, 'GameID': 70351, 'Number': 2, 'Name': '2', 'Type': 'Half', 'AwayScore': 33, 'HomeScore': 45}]"
46,70568,2026,1,Final,2025-11-08T00:00:00,2025-11-08T18:00:00,ETNST,PRESB,282,89,52.0,55.0,2025-11-09T04:20:55,F,0.0,0.0,4.0,114.9,-200.0,161.0,60070568,60000282,60000089,,,,,,,,,,,Scrambled,True,2025-11-08T20:05:52,248940.0,248939.0,,,ESPN+,False,-89.0,-92.0,-93.0,-85.0,2025-11-08T23:00:00,279.0,"{'StadiumID': 301, 'Active': True, 'Name': 'Ross E. Templeton P.E. Center', 'Address': None, 'City': 'Clinton', 'State': 'SC', 'Zip': None, 'Country': None, 'Capacity': 2500, 'GeoLat': 34.465, 'GeoLong': -81.869}","[{'PeriodID': 116783, 'GameID': 70568, 'Number': 1, 'Name': '1', 'Type': 'Half', 'AwayScore': 21, 'HomeScore': 20}, {'PeriodID': 116797, 'GameID': 70568, 'Number': 2, 'Name': '2', 'Type': 'Half', 'AwayScore': 31, 'HomeScore': 35}]"
47,70569,2026,1,Final,2025-11-08T00:00:00,2025-11-08T16:00:00,VAND,UCF,273,8,85.0,76.0,2025-11-09T04:20:55,F,0.0,0.0,6.6,135.2,-437.0,317.0,60070569,60000273,60000008,,,,,,,,,,,Scrambled,True,2025-11-08T18:14:35,520.0,519.0,,,ESPN+,False,-91.0,-89.0,-89.0,-92.0,2025-11-08T21:00:00,6018.0,"{'StadiumID': 20, 'Active': True, 'Name': 'Addition Financial Arena', 'Address': None, 'City': 'Orlando', 'State': 'FL', 'Zip': None, 'Country': None, 'Capacity': 10000, 'GeoLat': 28.6068, 'GeoLong': -81.1976}","[{'PeriodID': 116743, 'GameID': 70569, 'Number': 1, 'Name': '1', 'Type': 'Half', 'AwayScore': 42, 'HomeScore': 29}, {'PeriodID': 116772, 'GameID': 70569, 'Number': 2, 'Name': '2', 'Type': 'Half', 'AwayScore': 43, 'HomeScore': 46}]"
48,70570,2026,1,Final,2025-11-08T00:00:00,2025-11-08T15:00:00,TOWS,HOU,127,6,39.0,53.0,2025-11-09T04:20:55,F,0.0,0.0,-21.5,106.0,2788.0,-12180.0,60070570,60000127,60000006,,,,,,,,,,,Scrambled,True,2025-11-08T17:06:00,503.0,503.0,,,ESPN+,False,-89.0,-93.0,-88.0,-91.0,2025-11-08T20:00:00,7035.0,"{'StadiumID': 343, 'Active': True, 'Name': 'Fertitta Center', 'Address': None, 'City': 'Houston', 'State': 'TX', 'Zip': None, 'Country': None, 'Capacity': 7035, 'GeoLat': 29.724722, 'GeoLong': -95.346944}","[{'PeriodID': 116732, 'GameID': 70570, 'Number': 1, 'Name': '1', 'Type': 'Half', 'AwayScore': 21, 'HomeScore': 27}, {'PeriodID': 116758, 'GameID': 70570, 'Number': 2, 'Name': '2', 'Type': 'Half', 'AwayScore': 18, 'HomeScore': 26}]"
49,70571,2026,1,Final,2025-11-08T00:00:00,2025-11-08T14:00:00,CCT,CARK,400,298,51.0,89.0,2025-11-09T04:20:55,F,0.0,0.0,,,,,60070571,60000400,60000298,,,,,,,,,,,Scrambled,True,2025-11-08T15:45:48,,,,,ESPN+,False,,,,,2025-11-08T19:00:00,936.0,"{'StadiumID': 308, 'Active': True, 'Name': 'Farris Center', 'Address': None, 'City': 'Conway', 'State': 'AR', 'Zip': None, 'Country': None, 'Capacity': 5500, 'GeoLat': 35.081667, 'GeoLong': -92.459444}","[{'PeriodID': 116717, 'GameID': 70571, 'Number': 1, 'Name': '1', 'Type': 'Half', 'AwayScore': 31, 'HomeScore': 43}, {'PeriodID': 116725, 'GameID': 70571, 'Number': 2, 'Name': '2', 'Type': 'Half', 'AwayScore': 20, 'HomeScore': 46}]"
50,70952,2026,1,Final,2025-11-08T00:00:00,2025-11-08T16:00:00,ELON,NCG,130,286,75.0,73.0,2025-11-09T04:20:55,F,0.0,0.0,-3.7,115.7,138.0,-167.0,60070952,60000130,60000286,,,,,,,,,,,Scrambled,True,2025-11-08T18:39:53,521.0,520.0,,,ESPN+,False,-89.0,-91.0,-92.0,-89.0,2025-11-08T21:00:00,1718.0,"{'StadiumID': 371, 'Active': True, 'Name': 'First Horizon Coliseum', 'Address': None, 'City': 'Greensboro', 'State': 'NC', 'Zip': None, 'Country': None, 'Capacity': 23500, 'GeoLat': 36.059722, 'GeoLong': -79.825556}","[{'PeriodID': 116749, 'GameID': 70952, 'Number': 1, 'Name': '1', 'Type': 'Half', 'AwayScore': 36, 'HomeScore': 36}, {'PeriodID': 116773, 'GameID': 70952, 'Number': 2, 'Name': '2', 'Type': 'Half', 'AwayScore': 34, 'HomeScore': 34}, {'PeriodID': 116791, 'GameID': 70952, 'Number': 3, 'Name': 'OT', 'Type': 'Overtime', 'AwayScore': 4, 'HomeScore': 3}]"
51,70953,2026,1,Final,2025-11-08T00:00:00,2025-11-08T13:00:00,PENNST,NHVN,101,1453,71.0,35.0,2025-11-09T04:20:55,F,0.0,0.0,15.0,116.5,-1705.0,879.0,60070953,60000101,60001453,,,,,,,,,,,Scrambled,True,2025-11-08T14:44:00,248920.0,248919.0,,,NEC,False,-89.0,-89.0,-89.0,-89.0,2025-11-08T18:00:00,1087.0,"{'StadiumID': 630, 'Active': True, 'Name': 'Jeffery P. Hazell Athletics Center', 'Address': None, 'City': 'West Haven', 'State': 'CT', 'Zip': None, 'Country': None, 'Capacity': None, 'GeoLat': None, 'GeoLong': None}","[{'PeriodID': 116702, 'GameID': 70953, 'Number': 1, 'Name': '1', 'Type': 'Half', 'AwayScore': 33, 'HomeScore': 17}, {'PeriodID': 116713, 'GameID': 70953, 'Number': 2, 'Name': '2', 'Type': 'Half', 'AwayScore': 37, 'HomeScore': 18}]"
52,70954,2026,1,Final,2025-11-08T00:00:00,2025-11-08T13:00:00,FLINT,NEBR,140,99,54.0,78.0,2025-11-09T04:20:55,F,0.0,0.0,-16.6,126.7,1215.0,-3620.0,60070954,60000140,60000099,,,,,,,,,,,Scrambled,True,2025-11-08T14:45:13,492.0,491.0,,,B1G+,False,-91.0,-91.0,-92.0,-89.0,2025-11-08T18:00:00,14023.0,"{'StadiumID': 60, 'Active': True, 'Name': 'Pinnacle Bank Arena', 'Address': None, 'City': 'Lincoln', 'State': 'NE', 'Zip': None, 'Country': None, 'Capacity': 15000, 'GeoLat': 40.817778, 'GeoLong': -96.713333}","[{'PeriodID': 116700, 'GameID': 70954, 'Number': 1, 'Name': '1', 'Type': 'Half', 'AwayScore': 23, 'HomeScore': 40}, {'PeriodID': 116711, 'GameID': 70954, 'Number': 2, 'Name': '2', 'Type': 'Half', 'AwayScore': 31, 'HomeScore': 38}]"
53,70955,2026,1,Final,2025-11-08T00:00:00,2025-11-08T12:00:00,ALCST,MINNST,307,104,41.0,77.0,2025-11-09T04:20:55,F,0.0,0.0,-24.4,123.4,3518.0,-60900.0,60070955,60000307,60000104,,,,,,,,,,,Scrambled,True,2025-11-08T13:58:59,248919.0,248918.0,,,PEAC,False,-92.0,-89.0,-92.0,-89.0,2025-11-08T17:00:00,7166.0,"{'StadiumID': 59, 'Active': True, 'Name': 'Williams Arena', 'Address': None, 'City': 'Minneapolis', 'State': 'MN', 'Zip': None, 'Country': None, 'Capacity': 14625, 'GeoLat': 44.976944, 'GeoLong': -93.228333}","[{'PeriodID': 116698, 'GameID': 70955, 'Number': 1, 'Name': '1', 'Type': 'Half', 'AwayScore': 14, 'HomeScore': 39}, {'PeriodID': 116707, 'GameID': 70955, 'Number': 2, 'Name': '2', 'Type': 'Half', 'AwayScore': 27, 'HomeScore': 38}]"
54,70956,2026,1,Final,2025-11-08T00:00:00,2025-11-08T19:00:00,PVAM,WICHST,313,202,50.0,85.0,2025-11-09T04:20:55,F,0.0,0.0,-15.8,127.1,995.0,-2446.0,60070956,60000313,60000202,,,,,,,,,,,Scrambled,True,2025-11-08T21:05:44,248943.0,248942.0,,,ESPN+,False,-90.0,-91.0,-92.0,-89.0,2025-11-09T00:00:00,5352.0,"{'StadiumID': 49, 'Active': True, 'Name': 'Charles Koch Arena', 'Address': None, 'City': 'Wichita', 'State': 'KS', 'Zip': None, 'Country': None, 'Capacity': 10506, 'GeoLat': 37.721667, 'GeoLong': -97.2975}","[{'PeriodID': 116795, 'GameID': 70956, 'Number': 1, 'Name': '1', 'Type': 'Half', 'AwayScore': 29, 'HomeScore': 43}, {'PeriodID': 116810, 'GameID': 70956, 'Number': 2, 'Name': '2', 'Type': 'Half', 'AwayScore': 21, 'HomeScore': 42}]"
55,70957,2026,1,Final,2025-11-08T00:00:00,2025-11-08T19:00:00,ARK,MST,276,97,54.0,56.0,2025-11-09T04:20:55,F,0.0,0.0,-2.0,125.9,99.0,-119.0,60070957,60000276,60000097,,,,,,,,,,,Scrambled,True,2025-11-08T21:22:02,534.0,533.0,,,FOX,False,-89.0,-91.0,-91.0,-89.0,2025-11-09T00:00:00,14797.0,"{'StadiumID': 175, 'Active': True, 'Name': 'Breslin Center', 'Address': None, 'City': 'East Lansing', 'State': 'MI', 'Zip': None, 'Country': None, 'Capacity': 14797, 'GeoLat': 42.728227, 'GeoLong': -84.492396}","[{'PeriodID': 116794, 'GameID': 70957, 'Number': 1, 'Name': '1', 'Type': 'Half', 'AwayScore': 32, 'HomeScore': 29}, {'PeriodID': 116809, 'GameID': 70957, 'Number': 2, 'Name': '2', 'Type': 'Half', 'AwayScore': 22, 'HomeScore': 27}]"
56,70958,2026,1,Final,2025-11-08T00:00:00,2025-11-08T18:00:00,FLATL,CHAR,145,129,76.0,63.0,2025-11-09T04:20:55,F,0.0,0.0,4.0,127.1,-211.0,170.0,60070958,60000145,60000129,,,,,,,,,,,Scrambled,True,2025-11-08T20:02:38,530.0,531.0,,,ESPN+,True,-89.0,-91.0,-91.0,-89.0,2025-11-08T23:00:00,303.0,"{'StadiumID': 493, 'Active': True, 'Name': 'Liberty Arena', 'Address': None, 'City': 'Lynchburg', 'State': 'VA', 'Zip': None, 'Country': None, 'Capacity': 4000, 'GeoLat': 37.349356, 'GeoLong': -79.180225}","[{'PeriodID': 116782, 'GameID': 70958, 'Number': 1, 'Name': '1', 'Type': 'Half', 'AwayScore': 39, 'HomeScore': 26}, {'PeriodID': 116800, 'GameID': 70958, 'Number': 2, 'Name': '2', 'Type': 'Half', 'AwayScore': 37, 'HomeScore': 37}]"
57,70959,2026,1,Final,2025-11-08T00:00:00,2025-11-08T15:00:00,SF,MPHS,338,7,57.0,62.0,2025-11-09T04:20:55,F,0.0,0.0,-1.6,127.9,92.0,-111.0,60070959,60000338,60000007,,,,,,,,,,,Scrambled,True,2025-11-08T17:25:08,505.0,504.0,,,ESPN+,False,-89.0,-92.0,-90.0,-89.0,2025-11-08T20:00:00,10389.0,"{'StadiumID': 47, 'Active': True, 'Name': 'FedExForum', 'Address': None, 'City': 'Memphis', 'State': 'TN', 'Zip': None, 'Country': None, 'Capacity': 18400, 'GeoLat': 35.138333, 'GeoLong': -90.050556}","[{'PeriodID': 116735, 'GameID': 70959, 'Number': 1, 'Name': '1', 'Type': 'Half', 'AwayScore': 18, 'HomeScore': 29}, {'PeriodID': 116759, 'GameID': 70959, 'Number': 2, 'Name': '2', 'Type': 'Half', 'AwayScore': 39, 'HomeScore': 32}]"
58,70960,2026,1,Final,2025-11-08T00:00:00,2025-11-08T12:00:00,SVK,SCUP,1098,43,37.0,85.0,2025-11-09T04:20:55,F,0.0,0.0,,,,,60070960,60001098,60000043,,,,,,,,,,,Scrambled,True,2025-11-08T13:44:35,,,,,ESPN+,False,,,,,2025-11-08T17:00:00,302.0,"{'StadiumID': 303, 'Active': True, 'Name': 'Hodge Center', 'Address': None, 'City': 'Spartanburg', 'State': 'SC', 'Zip': None, 'Country': None, 'Capacity': 837, 'GeoLat': 34.996696, 'GeoLong': -81.968774}","[{'PeriodID': 116697, 'GameID': 70960, 'Number': 1, 'Name': '1', 'Type': 'Half', 'AwayScore': 20, 'HomeScore': 45}, {'PeriodID': 116703, 'GameID': 70960, 'Number': 2, 'Name': '2', 'Type': 'Half', 'AwayScore': 17, 'HomeScore': 40}]"
59,70961,2026,1,Final,2025-11-08T00:00:00,2025-11-08T14:00:00,TXST,TULANE,332,10,58.0,64.0,2025-11-09T04:20:55,F,0.0,0.0,-10.2,119.0,460.0,-699.0,60070961,60000332,60000010,,,,,,,,,,,Scrambled,True,2025-11-08T16:08:44,502.0,501.0,,,ESPN+,False,-90.0,-90.0,-89.0,-93.0,2025-11-08T19:00:00,1059.0,"{'StadiumID': 176, 'Active': True, 'Name': 'Devlin Fieldhouse', 'Address': None, 'City': 'New Orleans', 'State': 'LA', 'Zip': None, 'Country': None, 'Capacity': 4100, 'GeoLat': 29.938611, 'GeoLong': -90.120556}","[{'PeriodID': 116716, 'GameID': 70961, 'Number': 1, 'Name': '1', 'Type': 'Half', 'AwayScore': 32, 'HomeScore': 21}, {'PeriodID': 116736, 'GameID': 70961, 'Number': 2, 'Name': '2', 'Type': 'Half', 'AwayScore': 26, 'HomeScore': 43}]"
60,70962,2026,1,Final,2025-11-08T00:00:00,2025-11-08T16:00:00,WM,NORFST,125,191,66.0,63.0,2025-11-09T04:20:55,F,0.0,0.0,1.0,128.7,-106.0,88.0,60070962,60000125,60000191,,,,,,,,,,,Scrambled,True,2025-11-08T18:25:51,248935.0,248934.0,,,ESPN+,False,-93.0,-88.0,-91.0,-89.0,2025-11-08T21:00:00,1863.0,"{'StadiumID': 289, 'Active': True, 'Name': 'Echols Hall', 'Address': None, 'City': 'Norfolk', 'State': 'VA', 'Zip': None, 'Country': None, 'Capacity': 4500, 'GeoLat': 36.847999, 'GeoLong': -76.258157}","[{'PeriodID': 116746, 'GameID': 70962, 'Number': 1, 'Name': '1', 'Type': 'Half', 'AwayScore': 29, 'HomeScore': 30}, {'PeriodID': 116778, 'GameID': 70962, 'Number': 2, 'Name': '2', 'Type': 'Half', 'AwayScore': 37, 'HomeScore': 33}]"
61,70963,2026,1,Final,2025-11-08T00:00:00,2025-11-08T16:00:00,AVC,HPNT,462,85,42.0,103.0,2025-11-09T04:20:55,F,0.0,0.0,,,,,60070963,60000462,60000085,,,,,,,,,,,Scrambled,True,2025-11-08T19:04:28,,,,,ESPN+,False,,,,,2025-11-08T21:00:00,4872.0,"{'StadiumID': 494, 'Active': True, 'Name': 'Nido and Mariana Qubein Arena', 'Address': None, 'City': 'High Point', 'State': 'NC', 'Zip': None, 'Country': None, 'Capacity': 4200, 'GeoLat': 35.978847, 'GeoLong': -79.996429}","[{'PeriodID': 116767, 'GameID': 70963, 'Number': 1, 'Name': '1', 'Type': 'Half', 'AwayScore': 18, 'HomeScore': 45}, {'PeriodID': 116788, 'GameID': 70963, 'Number': 2, 'Name': '2', 'Type': 'Half', 'AwayScore': 24, 'HomeScore': 58}]"
62,70964,2026,1,Final,2025-11-08T00:00:00,2025-11-08T20:00:00,ARMY,STMN,263,1112,62.0,67.0,2025-11-09T04:20:55,F,0.0,0.0,-15.0,123.0,761.0,-1543.0,60070964,60000263,60001112,,,,,,,,,,,Scrambled,True,2025-11-08T22:09:14,248949.0,248949.0,,,Summ,False,-89.0,-91.0,-89.0,-89.0,2025-11-09T01:00:00,5325.0,"{'StadiumID': 634, 'Active': True, 'Name': 'Lee & Penny Anderson Arena', 'Address': None, 'City': 'Saint Paul', 'State': 'MN', 'Zip': None, 'Country': None, 'Capacity': None, 'GeoLat': None, 'GeoLong': None}","[{'PeriodID': 116811, 'GameID': 70964, 'Number': 1, 'Name': '1', 'Type': 'Half', 'AwayScore': 24, 'HomeScore': 36}, {'PeriodID': 116823, 'GameID': 70964, 'Number': 2, 'Name': '2', 'Type': 'Half', 'AwayScore': 38, 'HomeScore': 32}]"
63,70965,2026,1,Final,2025-11-08T00:00:00,2025-11-08T21:00:00,HOUBAP,UCSD,293,1007,49.0,63.0,2025-11-09T04:20:55,F,0.0,0.0,-6.1,114.1,230.0,-288.0,60070965,60000293,60001007,,,,,,,,,,,Scrambled,True,2025-11-08T23:51:14,248954.0,248954.0,,,ESPN+,False,-89.0,-89.0,-89.0,-89.0,2025-11-09T02:00:00,3614.0,"{'StadiumID': 479, 'Active': True, 'Name': 'LionTree Arena', 'Address': None, 'City': 'San Diego', 'State': 'CA', 'Zip': None, 'Country': None, 'Capacity': 4000, 'GeoLat': 32.885278, 'GeoLong': -117.239223}","[{'PeriodID': 116827, 'GameID': 70965, 'Number': 1, 'Name': '1', 'Type': 'Half', 'AwayScore': 17, 'HomeScore': 28}, {'PeriodID': 116834, 'GameID': 70965, 'Number': 2, 'Name': '2', 'Type': 'Half', 'AwayScore': 32, 'HomeScore': 35}]"
64,71428,2026,1,Final,2025-11-08T00:00:00,2025-11-08T18:00:00,ALBNY,UMASS,13,55,50.0,67.0,2025-11-09T04:20:55,F,0.0,0.0,-8.1,126.3,313.0,-425.0,60071428,60000013,60000055,,,,,,,,,,,Scrambled,True,2025-11-08T20:08:11,248941.0,248941.0,,,ESPN+,False,-91.0,-90.0,-89.0,-89.0,2025-11-08T23:00:00,3025.0,"{'StadiumID': 296, 'Active': True, 'Name': 'William D. Mullins Memorial Center', 'Address': None, 'City': 'Amherst', 'State': 'MA', 'Zip': None, 'Country': None, 'Capacity': 9493, 'GeoLat': 42.389381, 'GeoLong': -72.533439}","[{'PeriodID': 116784, 'GameID': 71428, 'Number': 1, 'Name': '1', 'Type': 'Half', 'AwayScore': 26, 'HomeScore': 31}, {'PeriodID': 116799, 'GameID': 71428, 'Number': 2, 'Name': '2', 'Type': 'Half', 'AwayScore': 24, 'HomeScore': 37}]"
65,71610,2026,1,Final,2025-11-08T00:00:00,2025-11-08T19:00:00,JBROWN,ORAL,1190,320,41.0,68.0,2025-11-08T22:54:22,F,0.0,0.0,,,,,60071610,60001190,60000320,,,,,,,,,,,Scrambled,True,2025-11-08T22:04:53,,,,,KGEB,False,,,,,2025-11-09T00:00:00,,"{'StadiumID': 204, 'Active': True, 'Name': 'Mabee Center', 'Address': None, 'City': 'Tulsa', 'State': 'OK', 'Zip': None, 'Country': None, 'Capacity': 8781, 'GeoLat': 36.04789, 'GeoLong': -95.95573}","[{'PeriodID': 116806, 'GameID': 71610, 'Number': 1, 'Name': '1', 'Type': 'Half', 'AwayScore': 27, 'HomeScore': 32}, {'PeriodID': 116825, 'GameID': 71610, 'Number': 2, 'Name': '2', 'Type': 'Half', 'AwayScore': 14, 'HomeScore': 36}]"
66,71611,2026,1,Final,2025-11-08T00:00:00,2025-11-08T13:00:00,KENEST,FLAM,42,198,75.0,58.0,2025-11-09T04:20:55,F,0.0,0.0,7.3,135.2,-498.0,348.0,60071611,60000042,60000198,,,,,,,,,,,Scrambled,True,2025-11-08T15:11:17,248922.0,248921.0,,,ESPN+,False,-89.0,-92.0,-89.0,-91.0,2025-11-08T18:00:00,704.0,"{'StadiumID': 406, 'Active': True, 'Name': 'Al Lawson Center', 'Address': None, 'City': 'Tallahassee', 'State': 'FL', 'Zip': None, 'Country': None, 'Capacity': 9639, 'GeoLat': 30.424318, 'GeoLong': -84.290473}","[{'PeriodID': 116706, 'GameID': 71611, 'Number': 1, 'Name': '1', 'Type': 'Half', 'AwayScore': 39, 'HomeScore': 28}, {'PeriodID': 116723, 'GameID': 71611, 'Number': 2, 'Name': '2', 'Type': 'Half', 'AwayScore': 36, 'HomeScore': 31}]"
67,72040,2026,1,Final,2025-11-08T00:00:00,2025-11-08T15:00:00,LAFAY,TX,266,109,49.0,79.0,2025-11-09T04:20:55,F,0.0,0.0,-20.7,124.6,2290.0,-40600.0,60072040,60000266,60000109,,,,,,,,,,,Scrambled,True,2025-11-08T17:00:49,248932.0,248931.0,,,SEC,False,-89.0,-89.0,-89.0,-89.0,2025-11-08T20:00:00,10712.0,"{'StadiumID': 544, 'Active': True, 'Name': 'Moody Center', 'Address': None, 'City': 'Austin', 'State': 'TX', 'Zip': None, 'Country': None, 'Capacity': 10763, 'GeoLat': None, 'GeoLong': None}","[{'PeriodID': 116729, 'GameID': 72040, 'Number': 1, 'Name': '1', 'Type': 'Half', 'AwayScore': 23, 'HomeScore': 37}, {'PeriodID': 116757, 'GameID': 72040, 'Number': 2, 'Name': '2', 'Type': 'Half', 'AwayScore': 26, 'HomeScore': 41}]"
68,72041,2026,1,Final,2025-11-08T00:00:00,2025-11-08T16:00:00,SJST,USCB,222,119,60.0,69.0,2025-11-09T04:20:55,F,0.0,0.0,-7.7,119.0,288.0,-389.0,60072041,60000222,60000119,,,,,,,,,,,Scrambled,True,2025-11-08T18:04:35,512.0,511.0,,,ESPN+,False,-92.0,-89.0,-89.0,-90.0,2025-11-08T21:00:00,3024.0,"{'StadiumID': 318, 'Active': True, 'Name': 'The Thunderdome', 'Address': None, 'City': 'Santa Barbara', 'State': 'CA', 'Zip': None, 'Country': None, 'Capacity': 6000, 'GeoLat': 34.413792, 'GeoLong': -119.851147}","[{'PeriodID': 116752, 'GameID': 72041, 'Number': 1, 'Name': '1', 'Type': 'Half', 'AwayScore': 23, 'HomeScore': 37}, {'PeriodID': 116764, 'GameID': 72041, 'Number': 2, 'Name': '2', 'Type': 'Half', 'AwayScore': 37, 'HomeScore': 32}]"
69,72042,2026,1,Final,2025-11-08T00:00:00,2025-11-08T15:00:00,NCASHE,GAS,80,329,73.0,76.0,2025-11-09T04:20:55,F,0.0,0.0,-4.5,132.0,158.0,-197.0,60072042,60000080,60000329,,,,,,,,,,,Scrambled,True,2025-11-08T17:14:41,248956.0,248955.0,,,ESPN+,False,-89.0,-92.0,-89.0,-91.0,2025-11-08T20:00:00,1523.0,"{'StadiumID': 626, 'Active': True, 'Name': 'Jack and Ruth Ann Hill Convocation Center', 'Address': None, 'City': 'Statesboro', 'State': 'GA', 'Zip': None, 'Country': None, 'Capacity': None, 'GeoLat': None, 'GeoLong': None}","[{'PeriodID': 116734, 'GameID': 72042, 'Number': 1, 'Name': '1', 'Type': 'Half', 'AwayScore': 32, 'HomeScore': 26}, {'PeriodID': 116740, 'GameID': 72042, 'Number': 2, 'Name': '2', 'Type': 'Half', 'AwayScore': 41, 'HomeScore': 50}]"
70,72616,2026,1,Final,2025-11-08T00:00:00,2025-11-08T16:00:00,SPHIL,SALA,470,330,41.0,80.0,2025-11-09T04:20:55,F,0.0,0.0,,,,,60072616,60000470,60000330,,,,,,,,,,,Scrambled,True,2025-11-08T17:42:37,,,,,ESPN+,False,,,,,2025-11-08T21:00:00,1450.0,"{'StadiumID': 341, 'Active': True, 'Name': 'Mitchell Center', 'Address': None, 'City': 'Mobile', 'State': 'AL', 'Zip': None, 'Country': None, 'Capacity': 10000, 'GeoLat': 30.69229, 'GeoLong': -88.17975}","[{'PeriodID': 116747, 'GameID': 72616, 'Number': 1, 'Name': '1', 'Type': 'Half', 'AwayScore': 26, 'HomeScore': 49}, {'PeriodID': 116763, 'GameID': 72616, 'Number': 2, 'Name': '2', 'Type': 'Half', 'AwayScore': 15, 'HomeScore': 32}]"
0,67359,2026,1,Final,2025-11-07T00:00:00,2025-11-07T20:30:00,SELOU,LOULAF,300,324,48.0,54.0,2025-11-09T04:20:55,F,0.0,0.0,-3.2,125.7,130.0,-158.0,60067359,60000300,60000324,,,,,,,,,,,Scrambled,True,2025-11-07T23:03:00,284464.0,284463.0,,,ESPN+,False,-102.0,-102.0,-104.0,-100.0,2025-11-08T01:30:00,3304.0,"{'StadiumID': 342, 'Active': True, 'Name': 'Cajundome', 'Address': None, 'City': 'Lafayette', 'State': 'LA', 'Zip': None, 'Country': None, 'Capacity': 12362, 'GeoLat': 30.218444, 'GeoLong': -92.039056}","[{'PeriodID': 116650, 'GameID': 67359, 'Number': 1, 'Name': '1', 'Type': 'Half', 'AwayScore': 19, 'HomeScore': 32}, {'PeriodID': 116672, 'GameID': 67359, 'Number': 2, 'Name': '2', 'Type': 'Half', 'AwayScore': 30, 'HomeScore': 22}]"
1,67622,2026,1,Final,2025-11-07T00:00:00,2025-11-07T19:00:00,BUCK,MSTM,257,226,68.0,58.0,2025-11-09T04:20:55,F,0.0,0.0,-1.9,133.2,97.0,-119.0,60067622,60000257,60000226,,,,,,,,,,,Scrambled,True,2025-11-07T21:34:09,284447.0,284446.0,,,ESPN+,False,-106.0,-101.0,-102.0,-102.0,2025-11-08T00:00:00,2821.0,"{'StadiumID': 249, 'Active': True, 'Name': 'Knott Arena', 'Address': None, 'City': 'Emmitsburg', 'State': 'MD', 'Zip': None, 'Country': None, 'Capacity': 3121, 'GeoLat': 39.679492, 'GeoLong': -77.346435}","[{'PeriodID': 116593, 'GameID': 67622, 'Number': 1, 'Name': '1', 'Type': 'Half', 'AwayScore': 35, 'HomeScore': 28}, {'PeriodID': 116642, 'GameID': 67622, 'Number': 2, 'Name': '2', 'Type': 'Half', 'AwayScore': 32, 'HomeScore': 30}]"
2,68154,2026,1,Final,2025-11-07T00:00:00,2025-11-07T19:30:00,MASLOW,UCONN,16,3,44.0,102.0,2025-11-09T04:20:55,F,0.0,0.0,-33.9,140.6,3062.0,-9280.0,60068154,60000016,60000003,,,,,,,,,,,Scrambled,True,2025-11-07T21:33:44,284454.0,284453.0,,,PEAC,False,-104.0,-103.0,-102.0,-105.0,2025-11-08T00:30:00,15495.0,"{'StadiumID': 235, 'Active': True, 'Name': 'XL Center', 'Address': None, 'City': 'Hartford', 'State': 'CT', 'Zip': None, 'Country': None, 'Capacity': 15564, 'GeoLat': 41.768333, 'GeoLong': -72.676944}","[{'PeriodID': 116601, 'GameID': 68154, 'Number': 1, 'Name': '1', 'Type': 'Half', 'AwayScore': 16, 'HomeScore': 59}, {'PeriodID': 116649, 'GameID': 68154, 'Number': 2, 'Name': '2', 'Type': 'Half', 'AwayScore': 28, 'HomeScore': 43}]"
3,68155,2026,1,Final,2025-11-07T00:00:00,2025-11-07T16:00:00,MIT,HARVRD,610,164,46.0,73.0,2025-11-09T04:20:55,F,0.0,0.0,,,,,60068155,60000610,60000164,,,,,,,,,,,Scrambled,True,2025-11-07T18:56:58,,,,,ESPN+,False,,,,,2025-11-07T21:00:00,1265.0,"{'StadiumID': 118, 'Active': True, 'Name': 'Lavietes Pavilion', 'Address': None, 'City': 'Cambridge', 'State': 'MA', 'Zip': None, 'Country': None, 'Capacity': 1636, 'GeoLat': 42.368218, 'GeoLong': -71.125291}","[{'PeriodID': 116555, 'GameID': 68155, 'Number': 1, 'Name': '1', 'Type': 'Half', 'AwayScore': 17, 'HomeScore': 32}, {'PeriodID': 116556, 'GameID': 68155, 'Number': 2, 'Name': '2', 'Type': 'Half', 'AwayScore': 30, 'HomeScore': 42}]"
4,68291,2026,1,Final,2025-11-07T00:00:00,2025-11-07T19:00:00,SACRED,DUQ,227,51,74.0,85.0,2025-11-09T04:20:55,F,0.0,0.0,-11.6,146.2,533.0,-811.0,60068291,60000227,60000051,,,,,,,,,,,Scrambled,True,2025-11-07T21:24:19,642.0,641.0,,,ESPN+,False,-103.0,-102.0,-101.0,-106.0,2025-11-08T00:00:00,2112.0,"{'StadiumID': 159, 'Active': True, 'Name': 'UPMC Cooper Fieldhouse', 'Address': '600 Forbes Avenue', 'City': 'Pittsburgh', 'State': 'PA', 'Zip': '15282', 'Country': 'USA', 'Capacity': 3500, 'GeoLat': 40.4374, 'GeoLong': -79.9879}","[{'PeriodID': 116583, 'GameID': 68291, 'Number': 1, 'Name': '1', 'Type': 'Half', 'AwayScore': 39, 'HomeScore': 42}, {'PeriodID': 116639, 'GameID': 68291, 'Number': 2, 'Name': '2', 'Type': 'Half', 'AwayScore': 35, 'HomeScore': 44}]"
5,68292,2026,1,Final,2025-11-07T00:00:00,2025-11-07T19:00:00,GARDWB,CLMSN,83,27,55.0,90.0,2025-11-09T04:20:55,F,0.0,0.0,-27.8,135.0,3712.0,-18560.0,60068292,60000083,60000027,,,,,,,,,,,Scrambled,True,2025-11-07T21:00:50,284443.0,284442.0,,,ACCN,False,-106.0,-101.0,-102.0,-104.0,2025-11-08T00:00:00,7217.0,"{'StadiumID': 13, 'Active': True, 'Name': 'Littlejohn Coliseum', 'Address': None, 'City': 'Clemson', 'State': 'SC', 'Zip': None, 'Country': None, 'Capacity': 9000, 'GeoLat': 34.680278, 'GeoLong': -82.846389}","[{'PeriodID': 116568, 'GameID': 68292, 'Number': 1, 'Name': '1', 'Type': 'Half', 'AwayScore': 28, 'HomeScore': 42}, {'PeriodID': 116625, 'GameID': 68292, 'Number': 2, 'Name': '2', 'Type': 'Half', 'AwayScore': 27, 'HomeScore': 48}]"
6,68293,2026,1,Final,2025-11-07T00:00:00,2025-11-07T18:00:00,ROW,PENN,1454,161,67.0,110.0,2025-11-09T04:20:55,F,0.0,0.0,,,,,60068293,60001454,60000161,,,,,,,,,,,Scrambled,True,2025-11-07T21:04:34,,,,,ESPN+,False,,,,,2025-11-07T23:00:00,1568.0,"{'StadiumID': 331, 'Active': True, 'Name': 'The Palestra', 'Address': None, 'City': 'Philadelphia', 'State': 'PA', 'Zip': None, 'Country': None, 'Capacity': 8722, 'GeoLat': 39.951411, 'GeoLong': -75.188606}","[{'PeriodID': 116576, 'GameID': 68293, 'Number': 1, 'Name': '1', 'Type': 'Half', 'AwayScore': 30, 'HomeScore': 49}, {'PeriodID': 116616, 'GameID': 68293, 'Number': 2, 'Name': '2', 'Type': 'Half', 'AwayScore': 37, 'HomeScore': 61}]"
7,68484,2026,1,Final,2025-11-07T00:00:00,2025-11-07T22:30:00,PEPP,UCLA,337,253,58.0,69.0,2025-11-09T04:20:55,F,0.0,0.0,-27.4,141.5,3285.0,-18560.0,60068484,60000337,60000253,,,,,,,,,,,Scrambled,True,2025-11-08T00:36:16,690.0,690.0,,,BTN,False,-103.0,-103.0,-104.0,-102.0,2025-11-08T03:30:00,9103.0,"{'StadiumID': 109, 'Active': True, 'Name': 'Pauley Pavilion', 'Address': None, 'City': 'Los Angeles', 'State': 'CA', 'Zip': None, 'Country': None, 'Capacity': 13800, 'GeoLat': 34.070211, 'GeoLong': -118.446775}","[{'PeriodID': 116687, 'GameID': 68484, 'Number': 1, 'Name': '1', 'Type': 'Half', 'AwayScore': 26, 'HomeScore': 34}, {'PeriodID': 116695, 'GameID': 68484, 'Number': 2, 'Name': '2', 'Type': 'Half', 'AwayScore': 32, 'HomeScore': 34}]"
8,68511,2026,1,Final,2025-11-07T00:00:00,2025-11-07T19:00:00,KAN,NCAR,106,21,69.0,81.0,2025-11-09T04:20:55,F,0.0,0.0,-2.3,146.6,116.0,-145.0,60068511,60000106,60000021,,,,,,,,,,,Scrambled,True,2025-11-07T21:05:52,663.0,662.0,,,ESPN,False,-100.0,-106.0,-104.0,-104.0,2025-11-08T00:00:00,21750.0,"{'StadiumID': 185, 'Active': True, 'Name': 'Dean E. Smith Center', 'Address': None, 'City': 'Chapel Hill', 'State': 'NC', 'Zip': None, 'Country': None, 'Capacity': 21750, 'GeoLat': 35.899722, 'GeoLong': -79.043889}","[{'PeriodID': 116570, 'GameID': 68511, 'Number': 1, 'Name': '1', 'Type': 'Half', 'AwayScore': 34, 'HomeScore': 27}, {'PeriodID': 116633, 'GameID': 68511, 'Number': 2, 'Name': '2', 'Type': 'Half', 'AwayScore': 34, 'HomeScore': 54}]"
9,68512,2026,1,Final,2025-11-07T00:00:00,2025-11-07T21:00:00,UAB,NCST,134,33,65.0,87.0,2025-11-09T04:20:55,F,0.0,0.0,-18.6,150.8,1120.0,-3067.0,60068512,60000134,60000033,,,,,,,,,,,Scrambled,True,2025-11-07T23:03:31,677.0,677.0,,,ACCN,False,-105.0,-102.0,-104.0,-102.0,2025-11-08T02:00:00,15918.0,"{'StadiumID': 145, 'Active': True, 'Name': 'Lenovo Center', 'Address': None, 'City': 'Raleigh', 'State': 'NC', 'Zip': None, 'Country': None, 'Capacity': 19700, 'GeoLat': 35.803333, 'GeoLong': -78.721944}","[{'PeriodID': 116658, 'GameID': 68512, 'Number': 1, 'Name': '1', 'Type': 'Half', 'AwayScore': 31, 'HomeScore': 38}, {'PeriodID': 116683, 'GameID': 68512, 'Number': 2, 'Name': '2', 'Type': 'Half', 'AwayScore': 34, 'HomeScore': 49}]"
10,68513,2026,1,Final,2025-11-07T00:00:00,2025-11-07T18:00:00,RI,TULSA,50,5,60.0,76.0,2025-11-07T20:33:23,F,0.0,0.0,3.0,142.4,-160.0,132.0,60068513,60000050,60000005,,,,,,,,,,,Scrambled,True,2025-11-07T20:27:49,628.0,629.0,,,CBSS,True,-104.0,-102.0,-105.0,-101.0,2025-11-07T23:00:00,,"{'StadiumID': 113, 'Active': True, 'Name': 'Alumni Hall (Navy)', 'Address': None, 'City': 'Annapolis', 'State': 'MD', 'Zip': None, 'Country': None, 'Capacity': 5710, 'GeoLat': 38.984491, 'GeoLong': -76.487782}","[{'PeriodID': 116561, 'GameID': 68513, 'Number': 1, 'Name': '1', 'Type': 'Half', 'AwayScore': 27, 'HomeScore': 33}, {'PeriodID': 116594, 'GameID': 68513, 'Number': 2, 'Name': '2', 'Type': 'Half', 'AwayScore': 33, 'HomeScore': 43}]"
11,68742,2026,1,Final,2025-11-07T00:00:00,2025-11-07T19:00:00,MHST,WAKE,236,34,60.0,75.0,2025-11-09T04:20:55,F,0.0,0.0,-20.4,141.1,1601.0,-5568.0,60068742,60000236,60000034,,,,,,,,,,,Scrambled,True,2025-11-07T21:12:51,655.0,654.0,,,ACC,False,-106.0,-101.0,-102.0,-105.0,2025-11-08T00:00:00,6689.0,"{'StadiumID': 152, 'Active': True, 'Name': 'Lawrence Joel Coliseum', 'Address': None, 'City': 'Winston-Salem', 'State': 'NC', 'Zip': None, 'Country': None, 'Capacity': 14665, 'GeoLat': 36.127866, 'GeoLong': -80.257628}","[{'PeriodID': 116569, 'GameID': 68742, 'Number': 1, 'Name': '1', 'Type': 'Half', 'AwayScore': 29, 'HomeScore': 41}, {'PeriodID': 116638, 'GameID': 68742, 'Number': 2, 'Name': '2', 'Type': 'Half', 'AwayScore': 32, 'HomeScore': 34}]"
12,68743,2026,1,Final,2025-11-07T00:00:00,2025-11-07T19:00:00,NCC,VIR,197,22,58.0,75.0,2025-11-09T04:20:55,F,0.0,0.0,-32.0,141.5,5568.0,-92800.0,60068743,60000197,60000022,,,,,,,,,,,Scrambled,True,2025-11-07T21:08:48,284445.0,284444.0,,,ACC,False,-104.0,-102.0,-100.0,-105.0,2025-11-08T00:00:00,12576.0,"{'StadiumID': 4, 'Active': True, 'Name': 'John Paul Jones Arena', 'Address': None, 'City': 'Charlottesville', 'State': 'VA', 'Zip': None, 'Country': None, 'Capacity': 14623, 'GeoLat': 38.046, 'GeoLong': -78.507}","[{'PeriodID': 116572, 'GameID': 68743, 'Number': 1, 'Name': '1', 'Type': 'Half', 'AwayScore': 23, 'HomeScore': 39}, {'PeriodID': 116626, 'GameID': 68743, 'Number': 2, 'Name': '2', 'Type': 'Half', 'AwayScore': 34, 'HomeScore': 36}]"
13,68744,2026,1,Final,2025-11-07T00:00:00,2025-11-07T19:00:00,LONGWD,PITT,87,28,56.0,72.0,2025-11-09T04:20:55,F,0.0,0.0,-13.5,135.0,629.0,-1032.0,60068744,60000087,60000028,,,,,,,,,,,Scrambled,True,2025-11-07T21:11:09,284449.0,284448.0,,,ACC,False,-102.0,-104.0,-104.0,-101.0,2025-11-08T00:00:00,5134.0,"{'StadiumID': 31, 'Active': True, 'Name': 'Petersen Events Center', 'Address': None, 'City': 'Pittsburgh', 'State': 'PA', 'Zip': None, 'Country': None, 'Capacity': 12508, 'GeoLat': 40.443777, 'GeoLong': -79.962274}","[{'PeriodID': 116564, 'GameID': 68744, 'Number': 1, 'Name': '1', 'Type': 'Half', 'AwayScore': 26, 'HomeScore': 31}, {'PeriodID': 116636, 'GameID': 68744, 'Number': 2, 'Name': '2', 'Type': 'Half', 'AwayScore': 30, 'HomeScore': 42}]"
14,68745,2026,1,Final,2025-11-07T00:00:00,2025-11-07T19:00:00,DET,ND,153,25,65.0,95.0,2025-11-09T04:20:55,F,0.0,0.0,-20.0,136.9,1426.0,-4698.0,60068745,60000153,60000025,,,,,,,,,,,Scrambled,True,2025-11-07T20:59:14,651.0,651.0,,,ACC,False,-105.0,-101.0,-105.0,-102.0,2025-11-08T00:00:00,7608.0,"{'StadiumID': 32, 'Active': True, 'Name': 'Purcell Pavilion', 'Address': None, 'City': 'South Bend', 'State': 'IN', 'Zip': None, 'Country': None, 'Capacity': 9149, 'GeoLat': 41.698443, 'GeoLong': -86.231292}","[{'PeriodID': 116567, 'GameID': 68745, 'Number': 1, 'Name': '1', 'Type': 'Half', 'AwayScore': 29, 'HomeScore': 41}, {'PeriodID': 116623, 'GameID': 68745, 'Number': 2, 'Name': '2', 'Type': 'Half', 'AwayScore': 36, 'HomeScore': 54}]"
15,68932,2026,1,Final,2025-11-07T00:00:00,2025-11-07T13:00:00,COLMB,NHVN,159,1453,66.0,49.0,2025-11-09T04:20:55,F,0.0,0.0,6.5,137.8,-315.0,249.0,60068932,60000159,60001453,,,,,,,,,,,Scrambled,True,2025-11-07T15:01:35,284434.0,284433.0,,,NEC,False,-104.0,-100.0,-104.0,-100.0,2025-11-07T18:00:00,783.0,"{'StadiumID': 630, 'Active': True, 'Name': 'Jeffery P. Hazell Athletics Center', 'Address': None, 'City': 'West Haven', 'State': 'CT', 'Zip': None, 'Country': None, 'Capacity': None, 'GeoLat': None, 'GeoLong': None}","[{'PeriodID': 116548, 'GameID': 68932, 'Number': 1, 'Name': '1', 'Type': 'Half', 'AwayScore': 39, 'HomeScore': 17}, {'PeriodID': 116550, 'GameID': 68932, 'Number': 2, 'Name': '2', 'Type': 'Half', 'AwayScore': 27, 'HomeScore': 32}]"
16,68933,2026,1,Final,2025-11-07T00:00:00,2025-11-07T18:00:00,SIENA,BROWN,168,163,58.0,43.0,2025-11-09T04:20:55,F,0.0,0.0,3.0,132.7,-184.0,150.0,60068933,60000168,60000163,,,,,,,,,,,Scrambled,True,2025-11-07T20:56:10,648.0,647.0,,,ESPN+,False,-105.0,-102.0,-104.0,-104.0,2025-11-07T23:00:00,564.0,"{'StadiumID': 285, 'Active': True, 'Name': 'Pizzitola Sports Center', 'Address': None, 'City': 'Providence', 'State': 'RI', 'Zip': None, 'Country': None, 'Capacity': 2800, 'GeoLat': 41.831743, 'GeoLong': -71.398043}","[{'PeriodID': 116582, 'GameID': 68933, 'Number': 1, 'Name': '1', 'Type': 'Half', 'AwayScore': 27, 'HomeScore': 18}, {'PeriodID': 116617, 'GameID': 68933, 'Number': 2, 'Name': '2', 'Type': 'Half', 'AwayScore': 31, 'HomeScore': 25}]"
17,68934,2026,1,Final,2025-11-07T00:00:00,2025-11-07T20:30:00,YALE,NAVY,158,258,90.0,63.0,2025-11-09T04:20:55,F,0.0,0.0,5.2,136.9,-265.0,210.0,60068934,60000158,60000258,,,,,,,,,,,Scrambled,True,2025-11-07T23:04:01,284469.0,284468.0,,,CBSS,False,-102.0,-105.0,-102.0,-102.0,2025-11-08T01:30:00,1958.0,"{'StadiumID': 113, 'Active': True, 'Name': 'Alumni Hall (Navy)', 'Address': None, 'City': 'Annapolis', 'State': 'MD', 'Zip': None, 'Country': None, 'Capacity': 5710, 'GeoLat': 38.984491, 'GeoLong': -76.487782}","[{'PeriodID': 116657, 'GameID': 68934, 'Number': 1, 'Name': '1', 'Type': 'Half', 'AwayScore': 43, 'HomeScore': 29}, {'PeriodID': 116680, 'GameID': 68934, 'Number': 2, 'Name': '2', 'Type': 'Half', 'AwayScore': 47, 'HomeScore': 34}]"
18,69074,2026,1,Final,2025-11-07T00:00:00,2025-11-07T20:00:00,SMHO,TXTECH,295,111,71.0,91.0,2025-11-09T04:20:55,F,0.0,0.0,-28.8,146.6,3712.0,-18560.0,60069074,60000295,60000111,,,,,,,,,,,Scrambled,True,2025-11-07T22:22:09,672.0,671.0,,,ESPN+,False,-104.0,-102.0,-102.0,-105.0,2025-11-08T01:00:00,13440.0,"{'StadiumID': 43, 'Active': True, 'Name': 'United Supermarkets Arena', 'Address': None, 'City': 'Lubbock', 'State': 'TX', 'Zip': None, 'Country': None, 'Capacity': 15098, 'GeoLat': 33.581261, 'GeoLong': -101.886636}","[{'PeriodID': 116607, 'GameID': 69074, 'Number': 1, 'Name': '1', 'Type': 'Half', 'AwayScore': 34, 'HomeScore': 44}, {'PeriodID': 116667, 'GameID': 69074, 'Number': 2, 'Name': '2', 'Type': 'Half', 'AwayScore': 37, 'HomeScore': 47}]"
19,69075,2026,1,Final,2025-11-07T00:00:00,2025-11-07T19:00:00,GAST,CIN,328,4,59.0,69.0,2025-11-09T04:20:55,F,0.0,0.0,-27.4,139.7,3341.0,-18560.0,60069075,60000328,60000004,,,,,,,,,,,Scrambled,True,2025-11-07T21:09:40,657.0,656.0,,,ESPN+,False,-102.0,-102.0,-105.0,-102.0,2025-11-08T00:00:00,10009.0,"{'StadiumID': 86, 'Active': True, 'Name': 'Fifth Third Arena', 'Address': None, 'City': 'Cincinnati', 'State': 'OH', 'Zip': None, 'Country': None, 'Capacity': 12012, 'GeoLat': 39.131101, 'GeoLong': -84.514207}","[{'PeriodID': 116573, 'GameID': 69075, 'Number': 1, 'Name': '1', 'Type': 'Half', 'AwayScore': 28, 'HomeScore': 36}, {'PeriodID': 116635, 'GameID': 69075, 'Number': 2, 'Name': '2', 'Type': 'Half', 'AwayScore': 32, 'HomeScore': 32}]"
20,69256,2026,1,Final,2025-11-07T00:00:00,2025-11-07T19:00:00,TENTCH,CHARLT,234,142,60.0,65.0,2025-11-09T04:20:55,F,0.0,0.0,-11.6,136.9,561.0,-977.0,60069256,60000234,60000142,,,,,,,,,,,Scrambled,True,2025-11-07T21:07:28,644.0,643.0,,,ESPN+,False,-103.0,-101.0,-100.0,-105.0,2025-11-08T00:00:00,2699.0,"{'StadiumID': 36, 'Active': True, 'Name': 'Halton Arena', 'Address': None, 'City': 'Charlotte', 'State': 'NC', 'Zip': None, 'Country': None, 'Capacity': 9105, 'GeoLat': 35.306111, 'GeoLong': -80.734444}","[{'PeriodID': 116578, 'GameID': 69256, 'Number': 1, 'Name': '1', 'Type': 'Half', 'AwayScore': 20, 'HomeScore': 31}, {'PeriodID': 116631, 'GameID': 69256, 'Number': 2, 'Name': '2', 'Type': 'Half', 'AwayScore': 40, 'HomeScore': 34}]"
21,69257,2026,1,Final,2025-11-07T00:00:00,2025-11-07T19:30:00,BRYANT,GTECH,231,32,42.0,69.0,2025-11-09T04:20:55,F,0.0,0.0,-14.4,128.5,737.0,-1296.0,60069257,60000231,60000032,,,,,,,,,,,Scrambled,True,2025-11-07T21:29:49,284456.0,284455.0,,,ACC,False,-103.0,-104.0,-103.0,-102.0,2025-11-08T00:30:00,4886.0,"{'StadiumID': 129, 'Active': True, 'Name': 'McCamish Pavilion', 'Address': None, 'City': 'Atlanta', 'State': 'GA', 'Zip': None, 'Country': None, 'Capacity': 8600, 'GeoLat': 33.780833, 'GeoLong': -84.392778}","[{'PeriodID': 116597, 'GameID': 69257, 'Number': 1, 'Name': '1', 'Type': 'Half', 'AwayScore': 20, 'HomeScore': 36}, {'PeriodID': 116648, 'GameID': 69257, 'Number': 2, 'Name': '2', 'Type': 'Half', 'AwayScore': 21, 'HomeScore': 32}]"
22,69584,2026,1,Final,2025-11-07T00:00:00,2025-11-07T20:00:00,UTAHST,VCU,220,45,74.0,71.0,2025-11-09T04:20:55,F,0.0,0.0,2.6,152.2,-145.0,120.0,60069584,60000220,60000045,,,,,,,,,,,Scrambled,True,2025-11-07T22:17:22,670.0,669.0,,,UEN,True,-105.0,-102.0,-102.0,-104.0,2025-11-08T01:00:00,2049.0,"{'StadiumID': 485, 'Active': True, 'Name': 'Comerica Center', 'Address': None, 'City': 'Frisco', 'State': 'TX', 'Zip': None, 'Country': None, 'Capacity': 4500, 'GeoLat': 33.101026, 'GeoLong': -96.819624}","[{'PeriodID': 116609, 'GameID': 69584, 'Number': 1, 'Name': '1', 'Type': 'Half', 'AwayScore': 42, 'HomeScore': 33}, {'PeriodID': 116663, 'GameID': 69584, 'Number': 2, 'Name': '2', 'Type': 'Half', 'AwayScore': 32, 'HomeScore': 38}]"
23,69585,2026,1,Final,2025-11-07T00:00:00,2025-11-07T19:00:00,VALP,UK,148,268,55.0,99.0,2025-11-09T04:20:55,F,0.0,0.0,-30.2,146.2,4292.0,-69600.0,60069585,60000148,60000268,,,,,,,,,,,Scrambled,True,2025-11-07T20:57:02,653.0,652.0,,,SEC,False,-102.0,-102.0,-101.0,-105.0,2025-11-08T00:00:00,20016.0,"{'StadiumID': 103, 'Active': True, 'Name': 'Rupp Arena', 'Address': None, 'City': 'Lexington', 'State': 'KY', 'Zip': None, 'Country': None, 'Capacity': 20500, 'GeoLat': 38.049444, 'GeoLong': -84.502778}","[{'PeriodID': 116565, 'GameID': 69585, 'Number': 1, 'Name': '1', 'Type': 'Half', 'AwayScore': 24, 'HomeScore': 54}, {'PeriodID': 116614, 'GameID': 69585, 'Number': 2, 'Name': '2', 'Type': 'Half', 'AwayScore': 31, 'HomeScore': 45}]"
24,69586,2026,1,Final,2025-11-07T00:00:00,2025-11-07T19:00:00,MANS,BALLST,1295,184,50.0,78.0,2025-11-09T04:20:55,F,0.0,0.0,,,,,60069586,60001295,60000184,,,,,,,,,,,Scrambled,True,2025-11-07T21:07:47,,,,,ESPN+,False,,,,,2025-11-08T00:00:00,2605.0,"{'StadiumID': 23, 'Active': True, 'Name': 'Worthen Arena', 'Address': None, 'City': 'Muncie', 'State': 'IN', 'Zip': None, 'Country': None, 'Capacity': 11500, 'GeoLat': 40.206944, 'GeoLong': -85.406111}","[{'PeriodID': 116584, 'GameID': 69586, 'Number': 1, 'Name': '1', 'Type': 'Half', 'AwayScore': 26, 'HomeScore': 30}, {'PeriodID': 116637, 'GameID': 69586, 'Number': 2, 'Name': '2', 'Type': 'Half', 'AwayScore': 24, 'HomeScore': 48}]"
25,69587,2026,1,Final,2025-11-07T00:00:00,2025-11-07T19:30:00,MSMBK,FORDM,1290,53,34.0,98.0,2025-11-09T04:20:55,F,0.0,0.0,,,,,60069587,60001290,60000053,,,,,,,,,,,Scrambled,True,2025-11-07T21:21:31,,,,,ESPN+,False,,,,,2025-11-08T00:30:00,726.0,"{'StadiumID': 279, 'Active': True, 'Name': 'Rose Hill Gymnasium', 'Address': None, 'City': 'Bronx', 'State': 'NY', 'Zip': None, 'Country': None, 'Capacity': 3200, 'GeoLat': 40.862148, 'GeoLong': -73.883824}","[{'PeriodID': 116603, 'GameID': 69587, 'Number': 1, 'Name': '1', 'Type': 'Half', 'AwayScore': 19, 'HomeScore': 60}, {'PeriodID': 116647, 'GameID': 69587, 'Number': 2, 'Name': '2', 'Type': 'Half', 'AwayScore': 16, 'HomeScore': 38}]"
26,69588,2026,1,Final,2025-11-07T00:00:00,2025-11-07T20:00:00,NICHLS,EILL,302,239,53.0,60.0,2025-11-09T04:20:55,F,0.0,0.0,2.6,125.3,-146.0,120.0,60069588,60000302,60000239,,,,,,,,,,,Scrambled,True,2025-11-07T22:13:21,284460.0,284459.0,,,ESPN+,False,-100.0,-107.0,-104.0,-104.0,2025-11-08T01:00:00,1024.0,"{'StadiumID': 413, 'Active': True, 'Name': 'Groniger Arena', 'Address': None, 'City': 'Charleston', 'State': 'IL', 'Zip': None, 'Country': None, 'Capacity': 5300, 'GeoLat': 39.480403, 'GeoLong': -88.178844}","[{'PeriodID': 116613, 'GameID': 69588, 'Number': 1, 'Name': '1', 'Type': 'Half', 'AwayScore': 15, 'HomeScore': 23}, {'PeriodID': 116659, 'GameID': 69588, 'Number': 2, 'Name': '2', 'Type': 'Half', 'AwayScore': 38, 'HomeScore': 37}]"
27,69717,2026,1,Final,2025-11-07T00:00:00,2025-11-07T21:00:00,IDHST,SD,72,342,66.0,63.0,2025-11-09T04:20:55,F,0.0,0.0,-4.2,141.5,161.0,-200.0,60069717,60000072,60000342,,,,,,,,,,,Scrambled,True,2025-11-07T23:02:04,683.0,682.0,,,ESPN+,False,-101.0,-103.0,-104.0,-102.0,2025-11-08T02:00:00,781.0,"{'StadiumID': 78, 'Active': True, 'Name': 'Jenny Craig Pavilion', 'Address': None, 'City': 'San Diego', 'State': 'CA', 'Zip': None, 'Country': None, 'Capacity': 5100, 'GeoLat': 32.7745, 'GeoLong': -117.1837}","[{'PeriodID': 116656, 'GameID': 69717, 'Number': 1, 'Name': '1', 'Type': 'Half', 'AwayScore': 32, 'HomeScore': 23}, {'PeriodID': 116677, 'GameID': 69717, 'Number': 2, 'Name': '2', 'Type': 'Half', 'AwayScore': 34, 'HomeScore': 40}]"
28,69718,2026,1,Final,2025-11-07T00:00:00,2025-11-07T22:30:00,CABAP,UCIRV,394,116,64.0,57.0,2025-11-09T04:20:55,F,0.0,0.0,-7.9,136.4,307.0,-413.0,60069718,60000394,60000116,,,,,,,,,,,Scrambled,True,2025-11-08T00:43:39,689.0,688.0,,,ESPN+,False,-99.0,-107.0,-103.0,-103.0,2025-11-08T03:30:00,2360.0,"{'StadiumID': 81, 'Active': True, 'Name': 'Bren Events Center', 'Address': None, 'City': 'Irvine', 'State': 'CA', 'Zip': None, 'Country': None, 'Capacity': 5000, 'GeoLat': 33.649167, 'GeoLong': -117.846944}","[{'PeriodID': 116685, 'GameID': 69718, 'Number': 1, 'Name': '1', 'Type': 'Half', 'AwayScore': 27, 'HomeScore': 24}, {'PeriodID': 116694, 'GameID': 69718, 'Number': 2, 'Name': '2', 'Type': 'Half', 'AwayScore': 37, 'HomeScore': 32}]"
29,69719,2026,1,Final,2025-11-07T00:00:00,2025-11-07T19:30:00,VAMIL,USI,290,1212,72.0,69.0,2025-11-09T04:20:55,F,0.0,0.0,2.2,142.0,-133.0,110.0,60069719,60000290,60001212,,,,,,,,,,,Scrambled,True,2025-11-07T22:49:36,674.0,673.0,,,ESPN+,False,-100.0,-104.0,-105.0,-102.0,2025-11-08T00:30:00,1669.0,"{'StadiumID': 541, 'Active': True, 'Name': 'Screaming Eagles Arena', 'Address': None, 'City': 'Evansville', 'State': 'IN', 'Zip': None, 'Country': None, 'Capacity': 4800, 'GeoLat': None, 'GeoLong': None}","[{'PeriodID': 116651, 'GameID': 69719, 'Number': 1, 'Name': '1', 'Type': 'Half', 'AwayScore': 28, 'HomeScore': 34}, {'PeriodID': 116671, 'GameID': 69719, 'Number': 2, 'Name': '2', 'Type': 'Half', 'AwayScore': 45, 'HomeScore': 34}]"
30,69720,2026,1,Final,2025-11-07T00:00:00,2025-11-07T20:30:00,NILL,WISC,186,96,67.0,90.0,2025-11-09T04:20:55,F,0.0,0.0,-26.4,146.2,2761.0,-55680.0,60069720,60000186,60000096,,,,,,,,,,,Scrambled,True,2025-11-07T22:43:24,676.0,675.0,,,BTN,False,-101.0,-105.0,-104.0,-102.0,2025-11-08T01:30:00,15222.0,"{'StadiumID': 61, 'Active': True, 'Name': 'Kohl Center', 'Address': None, 'City': 'Madison', 'State': 'WI', 'Zip': None, 'Country': None, 'Capacity': 17287, 'GeoLat': 43.06942, 'GeoLong': -89.396972}","[{'PeriodID': 116644, 'GameID': 69720, 'Number': 1, 'Name': '1', 'Type': 'Half', 'AwayScore': 31, 'HomeScore': 48}, {'PeriodID': 116670, 'GameID': 69720, 'Number': 2, 'Name': '2', 'Type': 'Half', 'AwayScore': 36, 'HomeScore': 42}]"
31,69721,2026,1,Final,2025-11-07T00:00:00,2025-11-07T18:30:00,GB,BUF,152,179,71.0,77.0,2025-11-09T04:20:55,F,0.0,0.0,-3.2,136.9,158.0,-188.0,60069721,60000152,60000179,,,,,,,,,,,Scrambled,True,2025-11-07T20:41:51,638.0,638.0,,,ESPN+,False,-100.0,-107.0,-103.0,-103.0,2025-11-07T23:30:00,1373.0,"{'StadiumID': 16, 'Active': True, 'Name': 'Alumni Arena', 'Address': None, 'City': 'Buffalo', 'State': 'NY', 'Zip': None, 'Country': None, 'Capacity': 6783, 'GeoLat': 43.0, 'GeoLong': -78.781111}","[{'PeriodID': 116563, 'GameID': 69721, 'Number': 1, 'Name': '1', 'Type': 'Half', 'AwayScore': 26, 'HomeScore': 30}, {'PeriodID': 116602, 'GameID': 69721, 'Number': 2, 'Name': '2', 'Type': 'Half', 'AwayScore': 45, 'HomeScore': 47}]"
32,69722,2026,1,Final,2025-11-07T00:00:00,2025-11-07T18:30:00,IPFW,OHIOST,315,98,63.0,87.0,2025-11-09T04:20:55,F,0.0,0.0,-22.3,148.0,1763.0,-8749.0,60069722,60000315,60000098,,,,,,,,,,,Scrambled,True,2025-11-07T20:33:08,635.0,634.0,,,BTN,False,-102.0,-105.0,-102.0,-102.0,2025-11-07T23:30:00,8926.0,"{'StadiumID': 233, 'Active': True, 'Name': 'Value City Arena', 'Address': None, 'City': 'Columbus', 'State': 'OH', 'Zip': None, 'Country': None, 'Capacity': 19049, 'GeoLat': 40.007511, 'GeoLong': -83.025102}","[{'PeriodID': 116562, 'GameID': 69722, 'Number': 1, 'Name': '1', 'Type': 'Half', 'AwayScore': 28, 'HomeScore': 42}, {'PeriodID': 116599, 'GameID': 69722, 'Number': 2, 'Name': '2', 'Type': 'Half', 'AwayScore': 35, 'HomeScore': 45}]"
33,69723,2026,1,Final,2025-11-07T00:00:00,2025-11-07T18:00:00,GEORGE,MARY,62,92,65.0,56.0,2025-11-09T04:20:55,F,0.0,0.0,-4.2,133.2,166.0,-206.0,60069723,60000062,60000092,,,,,,,,,,,Scrambled,True,2025-11-07T20:32:27,631.0,630.0,,,FS1,False,-101.0,-104.0,-102.0,-102.0,2025-11-07T23:00:00,16594.0,"{'StadiumID': 41, 'Active': True, 'Name': 'XFINITY Center', 'Address': None, 'City': 'College Park', 'State': 'MD', 'Zip': None, 'Country': None, 'Capacity': 17950, 'GeoLat': 38.995417, 'GeoLong': -76.941556}","[{'PeriodID': 116558, 'GameID': 69723, 'Number': 1, 'Name': '1', 'Type': 'Half', 'AwayScore': 30, 'HomeScore': 25}, {'PeriodID': 116595, 'GameID': 69723, 'Number': 2, 'Name': '2', 'Type': 'Half', 'AwayScore': 35, 'HomeScore': 31}]"
34,69724,2026,1,Final,2025-11-07T00:00:00,2025-11-07T18:00:00,LANE,NAL,1307,396,78.0,84.0,2025-11-09T04:20:55,F,0.0,0.0,,,,,60069724,60001307,60000396,,,,,,,,,,,Scrambled,True,2025-11-07T21:03:09,,,,,ESPN+,False,,,,,2025-11-07T23:00:00,2423.0,"{'StadiumID': 327, 'Active': True, 'Name': 'Flowers Hall', 'Address': None, 'City': 'Florence', 'State': 'AL', 'Zip': None, 'Country': None, 'Capacity': 2229, 'GeoLat': 34.80569, 'GeoLong': -87.68113}","[{'PeriodID': 116592, 'GameID': 69724, 'Number': 1, 'Name': '1', 'Type': 'Half', 'AwayScore': 38, 'HomeScore': 36}, {'PeriodID': 116628, 'GameID': 69724, 'Number': 2, 'Name': '2', 'Type': 'Half', 'AwayScore': 40, 'HomeScore': 47}]"
35,69725,2026,1,Final,2025-11-07T00:00:00,2025-11-07T20:30:00,FLGC,ILL,38,102,65.0,105.0,2025-11-09T04:20:55,F,0.0,0.0,-27.4,148.9,2900.0,-23200.0,60069725,60000038,60000102,,,,,,,,,,,Scrambled,True,2025-11-07T22:34:05,284465.0,284464.0,,,PEAC,False,-105.0,-102.0,-103.0,-103.0,2025-11-08T01:30:00,15544.0,"{'StadiumID': 98, 'Active': True, 'Name': 'State Farm Center', 'Address': None, 'City': 'Champaign', 'State': 'IL', 'Zip': None, 'Country': None, 'Capacity': 15544, 'GeoLat': 40.096259, 'GeoLong': -88.235956}","[{'PeriodID': 116643, 'GameID': 69725, 'Number': 1, 'Name': '1', 'Type': 'Half', 'AwayScore': 25, 'HomeScore': 55}, {'PeriodID': 116668, 'GameID': 69725, 'Number': 2, 'Name': '2', 'Type': 'Half', 'AwayScore': 40, 'HomeScore': 50}]"
36,69726,2026,1,Final,2025-11-07T00:00:00,2025-11-07T19:00:00,CORNEL,KENTST,162,178,95.0,102.0,2025-11-09T04:20:55,F,0.0,0.0,-5.6,152.7,181.0,-227.0,60069726,60000162,60000178,,,,,,,,,,,Scrambled,True,2025-11-07T21:18:05,661.0,660.0,,,ESPN+,False,-106.0,-101.0,-102.0,-102.0,2025-11-08T00:00:00,1870.0,"{'StadiumID': 240, 'Active': True, 'Name': 'MAC Center', 'Address': None, 'City': 'Kent', 'State': 'OH', 'Zip': None, 'Country': None, 'Capacity': 6327, 'GeoLat': 41.148, 'GeoLong': -81.344}","[{'PeriodID': 116579, 'GameID': 69726, 'Number': 1, 'Name': '1', 'Type': 'Half', 'AwayScore': 51, 'HomeScore': 54}, {'PeriodID': 116627, 'GameID': 69726, 'Number': 2, 'Name': '2', 'Type': 'Half', 'AwayScore': 44, 'HomeScore': 48}]"
37,69727,2026,1,Final,2025-11-07T00:00:00,2025-11-07T21:00:00,YNGST,GCAN,155,345,84.0,75.0,2025-11-09T04:20:55,F,0.0,0.0,-14.4,141.5,752.0,-1594.0,60069727,60000155,60000345,,,,,,,,,,,Scrambled,True,2025-11-07T23:27:12,679.0,678.0,,,MWN,False,-105.0,-101.0,-99.0,-106.0,2025-11-08T02:00:00,7142.0,"{'StadiumID': 172, 'Active': True, 'Name': 'GCU Arena', 'Address': None, 'City': 'Phoenix', 'State': 'AZ', 'Zip': None, 'Country': None, 'Capacity': 7000, 'GeoLat': 33.510152, 'GeoLong': -112.128884}","[{'PeriodID': 116662, 'GameID': 69727, 'Number': 1, 'Name': '1', 'Type': 'Half', 'AwayScore': 35, 'HomeScore': 34}, {'PeriodID': 116684, 'GameID': 69727, 'Number': 2, 'Name': '2', 'Type': 'Half', 'AwayScore': 48, 'HomeScore': 41}]"
38,70205,2026,1,Final,2025-11-07T00:00:00,2025-11-07T19:00:00,WILL,IOWA,322,91,54.0,71.0,2025-11-09T04:20:55,F,0.0,0.0,-28.3,135.0,3990.0,-18560.0,60070205,60000322,60000091,,,,,,,,,,,Scrambled,True,2025-11-07T20:56:54,659.0,658.0,,,B1G+,False,-103.0,-102.0,-102.0,-103.0,2025-11-08T00:00:00,10978.0,"{'StadiumID': 99, 'Active': True, 'Name': 'Carver-Hawkeye Arena', 'Address': None, 'City': 'Iowa City', 'State': 'IA', 'Zip': None, 'Country': None, 'Capacity': 15056, 'GeoLat': 41.663611, 'GeoLong': -91.554444}","[{'PeriodID': 116575, 'GameID': 70205, 'Number': 1, 'Name': '1', 'Type': 'Half', 'AwayScore': 31, 'HomeScore': 38}, {'PeriodID': 116621, 'GameID': 70205, 'Number': 2, 'Name': '2', 'Type': 'Half', 'AwayScore': 23, 'HomeScore': 33}]"
39,70206,2026,1,Final,2025-11-07T00:00:00,2025-11-07T20:00:00,WHITM,IDAHO,1459,73,45.0,87.0,2025-11-09T04:20:55,F,0.0,0.0,,,,,60070206,60001459,60000073,,,,,,,,,,,Scrambled,True,2025-11-07T22:48:33,,,,,ESPN+,False,,,,,2025-11-08T01:00:00,2295.0,"{'StadiumID': 525, 'Active': True, 'Name': 'ICCU Arena', 'Address': None, 'City': 'Moscow', 'State': 'ID', 'Zip': None, 'Country': None, 'Capacity': 4200, 'GeoLat': None, 'GeoLong': None}","[{'PeriodID': 116655, 'GameID': 70206, 'Number': 1, 'Name': '1', 'Type': 'Half', 'AwayScore': 27, 'HomeScore': 34}, {'PeriodID': 116673, 'GameID': 70206, 'Number': 2, 'Name': '2', 'Type': 'Half', 'AwayScore': 19, 'HomeScore': 53}]"
40,70342,2026,1,Final,2025-11-07T00:00:00,2025-11-07T19:00:00,WASHST,DAVID,256,49,64.0,79.0,2025-11-09T04:20:55,F,0.0,0.0,-4.2,142.4,151.0,-186.0,60070342,60000256,60000049,,,,,,,,,,,Scrambled,True,2025-11-07T21:04:55,646.0,645.0,,,ESPN+,False,-104.0,-104.0,-106.0,-100.0,2025-11-08T00:00:00,2646.0,"{'StadiumID': 22, 'Active': True, 'Name': 'John M. Belk Arena', 'Address': None, 'City': 'Davidson', 'State': 'NC', 'Zip': None, 'Country': None, 'Capacity': 4300, 'GeoLat': 35.499278, 'GeoLong': -80.840521}","[{'PeriodID': 116590, 'GameID': 70342, 'Number': 1, 'Name': '1', 'Type': 'Half', 'AwayScore': 22, 'HomeScore': 37}, {'PeriodID': 116624, 'GameID': 70342, 'Number': 2, 'Name': '2', 'Type': 'Half', 'AwayScore': 42, 'HomeScore': 42}]"
41,70343,2026,1,Final,2025-11-07T00:00:00,2025-11-07T22:00:00,ILLCHI,OREGST,157,252,68.0,71.0,2025-11-09T04:20:55,F,0.0,0.0,-5.6,136.9,203.0,-256.0,60070343,60000157,60000252,,,,,,,,,,,Scrambled,True,2025-11-08T00:08:35,685.0,684.0,,,ESPN+,False,-103.0,-104.0,-102.0,-105.0,2025-11-08T03:00:00,3476.0,"{'StadiumID': 70, 'Active': True, 'Name': 'Gill Coliseum', 'Address': None, 'City': 'Corvallis', 'State': 'OR', 'Zip': None, 'Country': None, 'Capacity': 9301, 'GeoLat': 44.5613, 'GeoLong': -123.2805}","[{'PeriodID': 116675, 'GameID': 70343, 'Number': 1, 'Name': '1', 'Type': 'Half', 'AwayScore': 34, 'HomeScore': 39}, {'PeriodID': 116692, 'GameID': 70343, 'Number': 2, 'Name': '2', 'Type': 'Half', 'AwayScore': 33, 'HomeScore': 32}]"
42,70344,2026,1,Final,2025-11-07T00:00:00,2025-11-07T21:00:00,DXST,ARZ,750,247,62.0,86.0,2025-11-09T04:20:55,F,0.0,0.0,-31.1,150.8,4176.0,-18560.0,60070344,60000750,60000247,,,,,,,,,,,Scrambled,True,2025-11-07T22:59:47,681.0,680.0,,,TNT,False,-100.0,-106.0,-102.0,-102.0,2025-11-08T02:00:00,14082.0,"{'StadiumID': 94, 'Active': True, 'Name': 'McKale Center', 'Address': None, 'City': 'Tucson', 'State': 'AZ', 'Zip': None, 'Country': None, 'Capacity': 14644, 'GeoLat': 32.23, 'GeoLong': -110.946}","[{'PeriodID': 116653, 'GameID': 70344, 'Number': 1, 'Name': '1', 'Type': 'Half', 'AwayScore': 34, 'HomeScore': 41}, {'PeriodID': 116682, 'GameID': 70344, 'Number': 2, 'Name': '2', 'Type': 'Half', 'AwayScore': 28, 'HomeScore': 45}]"
43,70345,2026,1,Final,2025-11-07T00:00:00,2025-11-07T22:00:00,MCNST,SANCLR,299,341,62.0,73.0,2025-11-09T04:20:55,F,0.0,0.0,-5.1,140.6,197.0,-247.0,60070345,60000299,60000341,,,,,,,,,,,Scrambled,True,2025-11-08T00:13:16,284471.0,284470.0,,,ESPN+,False,-101.0,-104.0,-102.0,-105.0,2025-11-08T03:00:00,1205.0,"{'StadiumID': 139, 'Active': True, 'Name': 'Leavey Center', 'Address': None, 'City': 'Santa Clara', 'State': 'CA', 'Zip': None, 'Country': None, 'Capacity': 4200, 'GeoLat': 37.349111, 'GeoLong': -121.935303}","[{'PeriodID': 116674, 'GameID': 70345, 'Number': 1, 'Name': '1', 'Type': 'Half', 'AwayScore': 31, 'HomeScore': 34}, {'PeriodID': 116690, 'GameID': 70345, 'Number': 2, 'Name': '2', 'Type': 'Half', 'AwayScore': 32, 'HomeScore': 39}]"
44,70514,2026,1,Final,2025-11-07T00:00:00,2025-11-07T18:00:00,BOSTU,NW,259,100,48.0,71.0,2025-11-09T04:20:55,F,0.0,0.0,-16.2,126.7,922.0,-1983.0,60070514,60000259,60000100,,,,,,,,,,,Scrambled,True,2025-11-07T19:53:53,284438.0,284437.0,,,PEAC,False,-101.0,-104.0,-105.0,-100.0,2025-11-07T23:00:00,4995.0,"{'StadiumID': 100, 'Active': True, 'Name': 'Welsh-Ryan Arena', 'Address': None, 'City': 'Evanston', 'State': 'IL', 'Zip': None, 'Country': None, 'Capacity': 7039, 'GeoLat': 42.066944, 'GeoLong': -87.692778}","[{'PeriodID': 116560, 'GameID': 70514, 'Number': 1, 'Name': '1', 'Type': 'Half', 'AwayScore': 24, 'HomeScore': 42}, {'PeriodID': 116581, 'GameID': 70514, 'Number': 2, 'Name': '2', 'Type': 'Half', 'AwayScore': 24, 'HomeScore': 29}]"
45,70515,2026,1,Final,2025-11-07T00:00:00,2025-11-07T19:00:00,HOFST,IONA,128,167,68.0,75.0,2025-11-09T04:20:55,F,0.0,0.0,1.3,134.1,-118.0,97.0,60070515,60000128,60000167,,,,,,,,,,,Scrambled,True,2025-11-07T21:09:28,640.0,639.0,,,ESPN+,False,-104.0,-102.0,-102.0,-105.0,2025-11-08T00:00:00,2327.0,"{'StadiumID': 132, 'Active': True, 'Name': 'Hynes Athletics Center', 'Address': None, 'City': 'New Rochelle', 'State': 'NY', 'Zip': None, 'Country': None, 'Capacity': 2578, 'GeoLat': 40.92664, 'GeoLong': -73.784325}","[{'PeriodID': 116591, 'GameID': 70515, 'Number': 1, 'Name': '1', 'Type': 'Half', 'AwayScore': 25, 'HomeScore': 41}, {'PeriodID': 116622, 'GameID': 70515, 'Number': 2, 'Name': '2', 'Type': 'Half', 'AwayScore': 43, 'HomeScore': 34}]"
46,70566,2026,1,Final,2025-11-07T00:00:00,2025-11-07T20:00:00,STNH,DEPAUL,1213,66,59.0,67.0,2025-11-09T04:20:55,F,0.0,0.0,-21.3,136.0,1630.0,-7821.0,60070566,60001213,60000066,,,,,,,,,,,Scrambled,True,2025-11-07T22:06:43,284458.0,284457.0,,,ESPN+,False,-105.0,-102.0,-102.0,-105.0,2025-11-08T01:00:00,3162.0,"{'StadiumID': 93, 'Active': True, 'Name': 'Wintrust Arena', 'Address': None, 'City': 'Chicago', 'State': 'IL', 'Zip': None, 'Country': None, 'Capacity': 10387, 'GeoLat': 41.853611, 'GeoLong': -87.621389}","[{'PeriodID': 116615, 'GameID': 70566, 'Number': 1, 'Name': '1', 'Type': 'Half', 'AwayScore': 22, 'HomeScore': 34}, {'PeriodID': 116661, 'GameID': 70566, 'Number': 2, 'Name': '2', 'Type': 'Half', 'AwayScore': 37, 'HomeScore': 32}]"
47,70567,2026,1,Final,2025-11-07T00:00:00,2025-11-07T18:00:00,TROY,FURMAN,333,283,59.0,57.0,2025-11-09T04:20:55,F,0.0,0.0,-2.3,142.0,106.0,-128.0,60070567,60000333,60000283,,,,,,,,,,,Scrambled,True,2025-11-07T21:00:43,637.0,636.0,,,ESPN+,False,-104.0,-102.0,-104.0,-104.0,2025-11-07T23:00:00,2207.0,"{'StadiumID': 199, 'Active': True, 'Name': 'Timmons Arena', 'Address': None, 'City': 'Greenville', 'State': 'SC', 'Zip': None, 'Country': None, 'Capacity': 2500, 'GeoLat': 34.925833, 'GeoLong': -82.435556}","[{'PeriodID': 116589, 'GameID': 70567, 'Number': 1, 'Name': '1', 'Type': 'Half', 'AwayScore': 33, 'HomeScore': 21}, {'PeriodID': 116606, 'GameID': 70567, 'Number': 2, 'Name': '2', 'Type': 'Half', 'AwayScore': 26, 'HomeScore': 35}]"
48,70632,2026,1,Final,2025-11-07T00:00:00,2025-11-07T18:00:00,FTLAUD,STETSN,1060,41,71.0,98.0,2025-11-09T04:20:55,F,0.0,0.0,,,,,60070632,60001060,60000041,,,,,,,,,,,Scrambled,True,2025-11-07T21:08:13,,,,,ESPN+,False,,,,,2025-11-07T23:00:00,633.0,"{'StadiumID': 264, 'Active': True, 'Name': 'Edmunds Center', 'Address': None, 'City': 'DeLand', 'State': 'FL', 'Zip': None, 'Country': None, 'Capacity': 4000, 'GeoLat': 29.039584, 'GeoLong': -81.301819}","[{'PeriodID': 116574, 'GameID': 70632, 'Number': 1, 'Name': '1', 'Type': 'Half', 'AwayScore': 37, 'HomeScore': 55}, {'PeriodID': 116632, 'GameID': 70632, 'Number': 2, 'Name': '2', 'Type': 'Half', 'AwayScore': 34, 'HomeScore': 44}]"
49,70633,2026,1,Final,2025-11-07T00:00:00,2025-11-07T20:00:00,JUST,NARZ,1397,79,51.0,81.0,2025-11-09T04:20:55,F,0.0,0.0,,,,,60070633,60001397,60000079,,,,,,,,,,,Scrambled,True,2025-11-07T22:05:23,,,,,ESPN+,False,,,,,2025-11-08T01:00:00,522.0,"{'StadiumID': 151, 'Active': True, 'Name': 'J. Lawrence Walkup Skydome', 'Address': None, 'City': 'Flagstaff', 'State': 'AZ', 'Zip': None, 'Country': None, 'Capacity': 7000, 'GeoLat': 35.1805, 'GeoLong': -111.6525}","[{'PeriodID': 116611, 'GameID': 70633, 'Number': 1, 'Name': '1', 'Type': 'Half', 'AwayScore': 21, 'HomeScore': 44}, {'PeriodID': 116666, 'GameID': 70633, 'Number': 2, 'Name': '2', 'Type': 'Half', 'AwayScore': 30, 'HomeScore': 37}]"
50,70851,2026,1,Final,2025-11-07T00:00:00,2025-11-07T19:00:00,HNTGDN,UWG,512,1391,77.0,111.0,2025-11-09T04:20:55,F,0.0,0.0,,,,,60070851,60000512,60001391,,,,,,,,,,,Scrambled,True,2025-11-07T20:55:45,,,,,ESPN+,False,,,,,2025-11-08T00:00:00,824.0,"{'StadiumID': 607, 'Active': True, 'Name': 'The Coliseum', 'Address': None, 'City': 'Carrollton', 'State': 'GA', 'Zip': None, 'Country': None, 'Capacity': None, 'GeoLat': None, 'GeoLong': None}","[{'PeriodID': 116577, 'GameID': 70851, 'Number': 1, 'Name': '1', 'Type': 'Half', 'AwayScore': 32, 'HomeScore': 64}, {'PeriodID': 116619, 'GameID': 70851, 'Number': 2, 'Name': '2', 'Type': 'Half', 'AwayScore': 45, 'HomeScore': 47}]"
51,70867,2026,1,Final,2025-11-07T00:00:00,2025-11-07T19:00:00,WVWSL,RADF,1257,86,57.0,92.0,2025-11-09T04:20:55,F,0.0,0.0,,,,,60070867,60001257,60000086,,,,,,,,,,,Scrambled,True,2025-11-07T20:52:10,,,,,ESPN+,False,,,,,2025-11-08T00:00:00,1549.0,"{'StadiumID': 135, 'Active': True, 'Name': 'Donald N. Dedmon Center', 'Address': None, 'City': 'Radford', 'State': 'VA', 'Zip': None, 'Country': None, 'Capacity': 3125, 'GeoLat': 37.1386, 'GeoLong': -80.541769}","[{'PeriodID': 116586, 'GameID': 70867, 'Number': 1, 'Name': '1', 'Type': 'Half', 'AwayScore': 25, 'HomeScore': 47}, {'PeriodID': 116620, 'GameID': 70867, 'Number': 2, 'Name': '2', 'Type': 'Half', 'AwayScore': 32, 'HomeScore': 45}]"
52,70941,2026,1,Final,2025-11-07T00:00:00,2025-11-07T18:00:00,CHAR,LIBRTY,129,84,70.0,84.0,2025-11-09T04:20:55,F,0.0,0.0,-8.8,135.0,351.0,-479.0,60070941,60000129,60000084,,,,,,,,,,,Scrambled,True,2025-11-07T19:57:44,633.0,632.0,,,YT,False,-101.0,-106.0,-103.0,-101.0,2025-11-07T23:00:00,3998.0,"{'StadiumID': 493, 'Active': True, 'Name': 'Liberty Arena', 'Address': None, 'City': 'Lynchburg', 'State': 'VA', 'Zip': None, 'Country': None, 'Capacity': 4000, 'GeoLat': 37.349356, 'GeoLong': -79.180225}","[{'PeriodID': 116559, 'GameID': 70941, 'Number': 1, 'Name': '1', 'Type': 'Half', 'AwayScore': 32, 'HomeScore': 36}, {'PeriodID': 116580, 'GameID': 70941, 'Number': 2, 'Name': '2', 'Type': 'Half', 'AwayScore': 38, 'HomeScore': 47}]"
53,70942,2026,1,Final,2025-11-07T00:00:00,2025-11-07T19:30:00,WAG,SETON,223,60,57.0,63.0,2025-11-09T04:20:55,F,0.0,0.0,-20.4,124.4,1624.0,-7656.0,60070942,60000223,60000060,,,,,,,,,,,Scrambled,True,2025-11-07T21:39:45,284452.0,284451.0,,,ESPN+,False,-105.0,-102.0,-102.0,-105.0,2025-11-08T00:30:00,1308.0,"{'StadiumID': 18, 'Active': True, 'Name': 'Walsh Gymnasium', 'Address': None, 'City': 'South Orange', 'State': 'NJ', 'Zip': None, 'Country': None, 'Capacity': 1284, 'GeoLat': 40.74169, 'GeoLong': -74.244921}","[{'PeriodID': 116598, 'GameID': 70942, 'Number': 1, 'Name': '1', 'Type': 'Half', 'AwayScore': 29, 'HomeScore': 28}, {'PeriodID': 116646, 'GameID': 70942, 'Number': 2, 'Name': '2', 'Type': 'Half', 'AwayScore': 28, 'HomeScore': 35}]"
54,70943,2026,1,Final,2025-11-07T00:00:00,2025-11-07T19:00:00,OAK,PUR,149,94,71.0,81.0,2025-11-09T04:20:55,F,0.0,0.0,-29.2,148.0,3712.0,-18560.0,60070943,60000149,60000094,,,,,,,,,,,Scrambled,True,2025-11-07T20:58:49,650.0,649.0,,,PEAC,False,-102.0,-102.0,-102.0,-102.0,2025-11-08T00:00:00,14876.0,"{'StadiumID': 14, 'Active': True, 'Name': 'Mackey Arena', 'Address': None, 'City': 'West Lafayette', 'State': 'IN', 'Zip': None, 'Country': None, 'Capacity': 14876, 'GeoLat': 40.433322, 'GeoLong': -86.916144}","[{'PeriodID': 116587, 'GameID': 70943, 'Number': 1, 'Name': '1', 'Type': 'Half', 'AwayScore': 32, 'HomeScore': 32}, {'PeriodID': 116612, 'GameID': 70943, 'Number': 2, 'Name': '2', 'Type': 'Half', 'AwayScore': 39, 'HomeScore': 48}]"
55,70944,2026,1,Final,2025-11-07T00:00:00,2025-11-07T22:00:00,RICE,ORE,146,245,58.0,62.0,2025-11-09T04:20:55,F,0.0,0.0,-14.4,135.0,761.0,-1334.0,60070944,60000146,60000245,,,,,,,,,,,Scrambled,True,2025-11-08T00:17:58,687.0,686.0,,,B1G+,False,-102.0,-104.0,-103.0,-101.0,2025-11-08T03:00:00,5619.0,"{'StadiumID': 9, 'Active': True, 'Name': 'Matthew Knight Arena', 'Address': None, 'City': 'Eugene', 'State': 'OR', 'Zip': None, 'Country': None, 'Capacity': 12364, 'GeoLat': 44.045, 'GeoLong': -123.066}","[{'PeriodID': 116678, 'GameID': 70944, 'Number': 1, 'Name': '1', 'Type': 'Half', 'AwayScore': 30, 'HomeScore': 25}, {'PeriodID': 116691, 'GameID': 70944, 'Number': 2, 'Name': '2', 'Type': 'Half', 'AwayScore': 29, 'HomeScore': 37}]"
56,70945,2026,1,Final,2025-11-07T00:00:00,2025-11-07T19:00:00,ALAST,FLST,311,29,59.0,94.0,2025-11-09T04:20:55,F,0.0,0.0,-22.7,154.5,1829.0,-9147.0,60070945,60000311,60000029,,,,,,,,,,,Scrambled,True,2025-11-07T21:04:57,284451.0,284450.0,,,ACC,False,-103.0,-103.0,-103.0,-102.0,2025-11-08T00:00:00,6137.0,"{'StadiumID': 11, 'Active': True, 'Name': 'Donald L. Tucker Center', 'Address': None, 'City': 'Tallahassee', 'State': 'FL', 'Zip': None, 'Country': None, 'Capacity': 11500, 'GeoLat': 30.437842, 'GeoLong': -84.28669}","[{'PeriodID': 116566, 'GameID': 70945, 'Number': 1, 'Name': '1', 'Type': 'Half', 'AwayScore': 28, 'HomeScore': 43}, {'PeriodID': 116630, 'GameID': 70945, 'Number': 2, 'Name': '2', 'Type': 'Half', 'AwayScore': 32, 'HomeScore': 51}]"
57,70946,2026,1,Final,2025-11-07T00:00:00,2025-11-07T19:00:00,WINTH,GMSN,82,56,84.0,89.0,2025-11-09T04:20:55,F,0.0,0.0,-8.8,136.0,345.0,-496.0,60070946,60000082,60000056,,,,,,,,,,,Scrambled,True,2025-11-07T21:28:06,284441.0,284440.0,,,ESPN+,False,-104.0,-101.0,-102.0,-102.0,2025-11-08T00:00:00,2933.0,"{'StadiumID': 121, 'Active': True, 'Name': 'EagleBank Arena', 'Address': None, 'City': 'Fairfax', 'State': 'VA', 'Zip': None, 'Country': None, 'Capacity': 7860, 'GeoLat': 38.827, 'GeoLong': -77.31}","[{'PeriodID': 116585, 'GameID': 70946, 'Number': 1, 'Name': '1', 'Type': 'Half', 'AwayScore': 44, 'HomeScore': 40}, {'PeriodID': 116629, 'GameID': 70946, 'Number': 2, 'Name': '2', 'Type': 'Half', 'AwayScore': 40, 'HomeScore': 49}]"
58,70947,2026,1,Final,2025-11-07T00:00:00,2025-11-07T17:00:00,NEAST,COLG,131,261,63.0,60.0,2025-11-09T04:20:55,F,0.0,0.0,-4.6,136.9,163.0,-201.0,60070947,60000131,60000261,,,,,,,,,,,Scrambled,True,2025-11-07T19:00:22,284436.0,284435.0,,,ESPN+,False,-103.0,-104.0,-102.0,-102.0,2025-11-07T22:00:00,766.0,"{'StadiumID': 120, 'Active': True, 'Name': 'Cotterell Court', 'Address': None, 'City': 'Hamilton', 'State': 'NY', 'Zip': None, 'Country': None, 'Capacity': 1750, 'GeoLat': 42.814957, 'GeoLong': -75.542754}","[{'PeriodID': 116554, 'GameID': 70947, 'Number': 1, 'Name': '1', 'Type': 'Half', 'AwayScore': 25, 'HomeScore': 32}, {'PeriodID': 116557, 'GameID': 70947, 'Number': 2, 'Name': '2', 'Type': 'Half', 'AwayScore': 38, 'HomeScore': 28}]"
59,70948,2026,1,Final,2025-11-07T00:00:00,2025-11-07T19:00:00,COLCHR,NCOL,644,75,60.0,94.0,2025-11-09T04:20:55,F,0.0,0.0,,,,,60070948,60000644,60000075,,,,,,,,,,,Scrambled,True,2025-11-07T21:46:18,,,,,ESPN+,False,,,,,2025-11-08T00:00:00,1430.0,"{'StadiumID': 207, 'Active': True, 'Name': 'Bank of Colorado Arena', 'Address': None, 'City': 'Greeley', 'State': 'CO', 'Zip': None, 'Country': None, 'Capacity': 2950, 'GeoLat': 40.402251, 'GeoLong': -104.703097}","[{'PeriodID': 116608, 'GameID': 70948, 'Number': 1, 'Name': '1', 'Type': 'Half', 'AwayScore': 25, 'HomeScore': 45}, {'PeriodID': 116652, 'GameID': 70948, 'Number': 2, 'Name': '2', 'Type': 'Half', 'AwayScore': 35, 'HomeScore': 49}]"
60,70949,2026,1,Final,2025-11-07T00:00:00,2025-11-07T20:00:00,MSVLST,MURST,308,240,56.0,100.0,2025-11-09T04:20:55,F,0.0,0.0,-35.7,147.6,,,60070949,60000308,60000240,,,,,,,,,,,Scrambled,True,2025-11-07T22:16:56,284462.0,284461.0,,,ESPN+,False,-103.0,-103.0,-102.0,-105.0,2025-11-08T01:00:00,5214.0,"{'StadiumID': 170, 'Active': True, 'Name': 'CFSB Center', 'Address': None, 'City': 'Murray', 'State': 'KY', 'Zip': None, 'Country': None, 'Capacity': 8600, 'GeoLat': 36.62267, 'GeoLong': -88.32031}","[{'PeriodID': 116618, 'GameID': 70949, 'Number': 1, 'Name': '1', 'Type': 'Half', 'AwayScore': 21, 'HomeScore': 44}, {'PeriodID': 116665, 'GameID': 70949, 'Number': 2, 'Name': '2', 'Type': 'Half', 'AwayScore': 34, 'HomeScore': 57}]"
61,70950,2026,1,Final,2025-11-07T00:00:00,2025-11-07T21:00:00,WJU,SACST,467,77,71.0,80.0,2025-11-09T04:20:55,F,0.0,0.0,,,,,60070950,60000467,60000077,,,,,,,,,,,Scrambled,True,2025-11-08T00:01:14,,,,,ESPN+,False,,,,,2025-11-08T02:00:00,2312.0,"{'StadiumID': 628, 'Active': True, 'Name': 'The Well', 'Address': None, 'City': 'Sacramento', 'State': 'CA', 'Zip': None, 'Country': None, 'Capacity': None, 'GeoLat': None, 'GeoLong': None}","[{'PeriodID': 116676, 'GameID': 70950, 'Number': 1, 'Name': '1', 'Type': 'Half', 'AwayScore': 31, 'HomeScore': 34}, {'PeriodID': 116688, 'GameID': 70950, 'Number': 2, 'Name': '2', 'Type': 'Half', 'AwayScore': 40, 'HomeScore': 45}]"
62,70951,2026,1,Final,2025-11-07T00:00:00,2025-11-07T21:00:00,NWIN,PORTST,1232,76,69.0,113.0,2025-11-09T04:20:55,F,0.0,0.0,,,,,60070951,60001232,60000076,,,,,,,,,,,Scrambled,True,2025-11-07T23:55:36,,,,,ESPN+,False,,,,,2025-11-08T02:00:00,700.0,"{'StadiumID': 174, 'Active': True, 'Name': 'Viking Pavilion', 'Address': None, 'City': 'Portland', 'State': 'OR', 'Zip': None, 'Country': None, 'Capacity': 3094, 'GeoLat': 45.510987, 'GeoLong': -122.687471}","[{'PeriodID': 116679, 'GameID': 70951, 'Number': 1, 'Name': '1', 'Type': 'Half', 'AwayScore': 29, 'HomeScore': 53}, {'PeriodID': 116689, 'GameID': 70951, 'Number': 2, 'Name': '2', 'Type': 'Half', 'AwayScore': 40, 'HomeScore': 60}]"
63,71606,2026,1,Final,2025-11-07T00:00:00,2025-11-07T14:00:00,JARVCH,INCAR,661,294,56.0,97.0,2025-11-07T16:11:54,F,0.0,0.0,,,,,60071606,60000661,60000294,,,,,,,,,,,Scrambled,True,2025-11-07T16:06:47,,,,,ESPN+,False,,,,,2025-11-07T19:00:00,,"{'StadiumID': 255, 'Active': True, 'Name': 'McDermott Convocation Center', 'Address': None, 'City': 'San Antonio', 'State': 'TX', 'Zip': None, 'Country': None, 'Capacity': 2000, 'GeoLat': 29.468139, 'GeoLong': -98.469417}","[{'PeriodID': 116551, 'GameID': 71606, 'Number': 1, 'Name': '1', 'Type': 'Half', 'AwayScore': 26, 'HomeScore': 45}, {'PeriodID': 116553, 'GameID': 71606, 'Number': 2, 'Name': '2', 'Type': 'Half', 'AwayScore': 30, 'HomeScore': 52}]"
64,71607,2026,1,Final,2025-11-07T00:00:00,2025-11-07T11:00:00,WILMDE,DEL,486,133,66.0,58.0,2025-11-09T04:20:55,F,0.0,0.0,,,,,60071607,60000486,60000133,,,,,,,,,,,Scrambled,True,2025-11-07T12:53:05,,,,,ESPN+,False,,,,,2025-11-07T16:00:00,1187.0,"{'StadiumID': 268, 'Active': True, 'Name': 'Bob Carpenter Center', 'Address': None, 'City': 'Newark', 'State': 'DE', 'Zip': None, 'Country': None, 'Capacity': 5000, 'GeoLat': 39.660556, 'GeoLong': -75.748639}","[{'PeriodID': 116544, 'GameID': 71607, 'Number': 1, 'Name': '1', 'Type': 'Half', 'AwayScore': 35, 'HomeScore': 34}, {'PeriodID': 116546, 'GameID': 71607, 'Number': 2, 'Name': '2', 'Type': 'Half', 'AwayScore': 31, 'HomeScore': 23}]"
65,71608,2026,1,Final,2025-11-07T00:00:00,2025-11-07T19:30:00,LAMON,MISS,326,274,60.0,80.0,2025-11-09T04:20:55,F,0.0,0.0,-34.8,138.7,3062.0,-9280.0,60071608,60000326,60000274,,,,,,,,,,,Scrambled,True,2025-11-07T21:27:29,664.0,664.0,,,SEC,False,-102.0,-102.0,-104.0,-102.0,2025-11-08T00:30:00,8212.0,"{'StadiumID': 157, 'Active': True, 'Name': 'The Sandy and John Black Pavilion at Ole Miss', 'Address': '762 All American Drive', 'City': 'Oxford', 'State': 'MS', 'Zip': '38655', 'Country': 'USA', 'Capacity': 9500, 'GeoLat': 34.363164, 'GeoLong': -89.535453}","[{'PeriodID': 116596, 'GameID': 71608, 'Number': 1, 'Name': '1', 'Type': 'Half', 'AwayScore': 26, 'HomeScore': 44}, {'PeriodID': 116645, 'GameID': 71608, 'Number': 2, 'Name': '2', 'Type': 'Half', 'AwayScore': 34, 'HomeScore': 36}]"
66,71609,2026,1,Final,2025-11-07T00:00:00,2025-11-07T21:00:00,WNM,UTEP,903,139,65.0,99.0,2025-11-09T04:20:55,F,0.0,0.0,,,,,60071609,60000903,60000139,,,,,,,,,,,Scrambled,True,2025-11-07T23:05:03,,,,,ESPN+,False,,,,,2025-11-08T02:00:00,3516.0,"{'StadiumID': 313, 'Active': True, 'Name': 'Don Haskins Center', 'Address': None, 'City': 'El Paso', 'State': 'TX', 'Zip': None, 'Country': None, 'Capacity': 12000, 'GeoLat': 31.777608, 'GeoLong': -106.505718}","[{'PeriodID': 116654, 'GameID': 71609, 'Number': 1, 'Name': '1', 'Type': 'Half', 'AwayScore': 25, 'HomeScore': 48}, {'PeriodID': 116681, 'GameID': 71609, 'Number': 2, 'Name': '2', 'Type': 'Half', 'AwayScore': 40, 'HomeScore': 51}]"
67,71992,2026,1,Final,2025-11-07T00:00:00,2025-11-07T20:00:00,UMKC,SILL,362,205,72.0,94.0,2025-11-09T04:20:55,F,0.0,0.0,-11.6,131.3,612.0,-995.0,60071992,60000362,60000205,,,,,,,,,,,Scrambled,True,2025-11-07T22:06:09,666.0,665.0,,,ESPN+,False,-103.0,-102.0,-102.0,-104.0,2025-11-08T01:00:00,3704.0,"{'StadiumID': 186, 'Active': True, 'Name': 'Banterra Center', 'Address': None, 'City': 'Carbondale', 'State': 'IL', 'Zip': None, 'Country': None, 'Capacity': 8284, 'GeoLat': 37.708333, 'GeoLong': -89.218611}","[{'PeriodID': 116610, 'GameID': 71992, 'Number': 1, 'Name': '1', 'Type': 'Half', 'AwayScore': 32, 'HomeScore': 45}, {'PeriodID': 116664, 'GameID': 71992, 'Number': 2, 'Name': '2', 'Type': 'Half', 'AwayScore': 41, 'HomeScore': 49}]"
68,71993,2026,1,Final,2025-11-07T00:00:00,2025-11-07T12:00:00,CLM,EVANS,1285,203,46.0,85.0,2025-11-09T04:20:55,F,0.0,0.0,,,,,60071993,60001285,60000203,,,,,,,,,,,Scrambled,True,2025-11-07T13:47:47,,,,,ESPN+,False,,,,,2025-11-07T17:00:00,5561.0,"{'StadiumID': 297, 'Active': True, 'Name': 'Ford Center', 'Address': None, 'City': 'Evansville', 'State': 'IN', 'Zip': None, 'Country': None, 'Capacity': 8930, 'GeoLat': 37.972189, 'GeoLong': -87.567844}","[{'PeriodID': 116545, 'GameID': 71993, 'Number': 1, 'Name': '1', 'Type': 'Half', 'AwayScore': 23, 'HomeScore': 41}, {'PeriodID': 116547, 'GameID': 71993, 'Number': 2, 'Name': '2', 'Type': 'Half', 'AwayScore': 23, 'HomeScore': 45}]"
69,72034,2026,1,Final,2025-11-07T00:00:00,2025-11-07T18:00:00,VULYN,COAST,1147,81,41.0,112.0,2025-11-09T04:20:55,F,0.0,0.0,,,,,60072034,60001147,60000081,,,,,,,,,,,Scrambled,True,2025-11-07T20:49:54,,,,,ESPN+,False,,,,,2025-11-07T23:00:00,2230.0,"{'StadiumID': 220, 'Active': True, 'Name': 'The HTC Center', 'Address': None, 'City': 'Conway', 'State': 'SC', 'Zip': None, 'Country': None, 'Capacity': 3212, 'GeoLat': 33.799167, 'GeoLong': -79.015556}","[{'PeriodID': 116571, 'GameID': 72034, 'Number': 1, 'Name': '1', 'Type': 'Half', 'AwayScore': 11, 'HomeScore': 63}, {'PeriodID': 116604, 'GameID': 72034, 'Number': 2, 'Name': '2', 'Type': 'Half', 'AwayScore': 30, 'HomeScore': 49}]"
70,72035,2026,1,Final,2025-11-07T00:00:00,2025-11-07T20:00:00,SEMST,MISSR,243,280,78.0,83.0,2025-11-09T04:20:55,F,0.0,0.0,-24.1,146.2,2784.0,-9280.0,60072035,60000243,60000280,,,,,,,,,,,Scrambled,True,2025-11-07T22:19:40,668.0,667.0,,,SEC,False,-105.0,-102.0,-102.0,-102.0,2025-11-08T01:00:00,11314.0,"{'StadiumID': 62, 'Active': True, 'Name': 'Mizzou Arena', 'Address': None, 'City': 'Columbia', 'State': 'MO', 'Zip': None, 'Country': None, 'Capacity': 15061, 'GeoLat': 38.93237, 'GeoLong': -92.33303}","[{'PeriodID': 116605, 'GameID': 72035, 'Number': 1, 'Name': '1', 'Type': 'Half', 'AwayScore': 47, 'HomeScore': 43}, {'PeriodID': 116660, 'GameID': 72035, 'Number': 2, 'Name': '2', 'Type': 'Half', 'AwayScore': 31, 'HomeScore': 40}]"
71,72036,2026,1,Final,2025-11-07T00:00:00,2025-11-07T13:30:00,SIUE,UTSA,244,147,71.0,56.0,2025-11-09T04:20:55,F,0.0,0.0,-6.5,142.0,228.0,-293.0,60072036,60000244,60000147,,,,,,,,,,,Scrambled,True,2025-11-07T15:30:41,627.0,626.0,,,ESPN+,False,-101.0,-105.0,-105.0,-102.0,2025-11-07T18:30:00,840.0,"{'StadiumID': 193, 'Active': True, 'Name': 'UTSA Convocation Center', 'Address': None, 'City': 'San Antonio', 'State': 'TX', 'Zip': None, 'Country': None, 'Capacity': 2650, 'GeoLat': 29.582222, 'GeoLong': -98.621389}","[{'PeriodID': 116549, 'GameID': 72036, 'Number': 1, 'Name': '1', 'Type': 'Half', 'AwayScore': 32, 'HomeScore': 27}, {'PeriodID': 116552, 'GameID': 72036, 'Number': 2, 'Name': '2', 'Type': 'Half', 'AwayScore': 40, 'HomeScore': 29}]"
72,72037,2026,1,Final,2025-11-07T00:00:00,2025-11-07T19:30:00,SCARST,SAMF,190,289,67.0,76.0,2025-11-09T04:20:55,F,0.0,0.0,-13.5,143.4,666.0,-1193.0,60072037,60000190,60000289,,,,,,,,,,,Scrambled,True,2025-11-07T22:44:24,284467.0,284466.0,,,ESPN+,False,-102.0,-102.0,-103.0,-103.0,2025-11-08T00:30:00,2371.0,"{'StadiumID': 44, 'Active': True, 'Name': 'Pete Hanna Center', 'Address': None, 'City': 'Homewood', 'State': 'AL', 'Zip': None, 'Country': None, 'Capacity': 5000, 'GeoLat': 33.4638, 'GeoLong': -86.7973}","[{'PeriodID': 116641, 'GameID': 72037, 'Number': 1, 'Name': '1', 'Type': 'Half', 'AwayScore': 36, 'HomeScore': 34}, {'PeriodID': 116669, 'GameID': 72037, 'Number': 2, 'Name': '2', 'Type': 'Half', 'AwayScore': 31, 'HomeScore': 42}]"
73,72038,2026,1,Final,2025-11-07T00:00:00,2025-11-07T19:00:00,ARKST,SFAUS,327,291,60.0,84.0,2025-11-09T04:20:55,F,0.0,0.0,1.3,144.3,-113.0,94.0,60072038,60000327,60000291,,,,,,,,,,,Scrambled,True,2025-11-07T21:09:51,284439.0,284438.0,,,ESPN+,False,-101.0,-104.0,-103.0,-102.0,2025-11-08T00:00:00,1923.0,"{'StadiumID': 241, 'Active': True, 'Name': 'Johnson Coliseum', 'Address': None, 'City': 'Nacogdoches', 'State': 'TX', 'Zip': None, 'Country': None, 'Capacity': 7203, 'GeoLat': 31.622222, 'GeoLong': -94.640833}","[{'PeriodID': 116588, 'GameID': 72038, 'Number': 1, 'Name': '1', 'Type': 'Half', 'AwayScore': 29, 'HomeScore': 43}, {'PeriodID': 116634, 'GameID': 72038, 'Number': 2, 'Name': '2', 'Type': 'Half', 'AwayScore': 32, 'HomeScore': 41}]"
74,72039,2026,1,Final,2025-11-07T00:00:00,2025-11-07T22:30:00,CHAT,STMRY,281,335,61.0,81.0,2025-11-09T04:20:55,F,0.0,0.0,-13.9,135.0,796.0,-1414.0,60072039,60000281,60000335,,,,,,,,,,,Scrambled,True,2025-11-08T00:30:26,692.0,691.0,,,ESPN+,False,-102.0,-105.0,-102.0,-104.0,2025-11-08T03:30:00,3381.0,"{'StadiumID': 96, 'Active': True, 'Name': 'University Credit Union Pavilion', 'Address': ""1928 Saint Mary's Road"", 'City': 'Moraga', 'State': 'CA', 'Zip': '94575', 'Country': 'USA', 'Capacity': 3500, 'GeoLat': 37.841247, 'GeoLong': -122.106409}","[{'PeriodID': 116686, 'GameID': 72039, 'Number': 1, 'Name': '1', 'Type': 'Half', 'AwayScore': 31, 'HomeScore': 45}, {'PeriodID': 116693, 'GameID': 72039, 'Number': 2, 'Name': '2', 'Type': 'Half', 'AwayScore': 31, 'HomeScore': 36}]"
75,72598,2026,1,Final,2025-11-07T00:00:00,2025-11-07T19:30:00,TRINIL,MIAOH,933,182,45.0,120.0,2025-11-09T04:20:55,F,0.0,0.0,,,,,60072598,60000933,60000182,,,,,,,,,,,Scrambled,True,2025-11-07T21:21:04,,,,,ESPN+,False,,,,,2025-11-08T00:30:00,2087.0,"{'StadiumID': 272, 'Active': True, 'Name': 'Millett Hall', 'Address': None, 'City': 'Oxford', 'State': 'OH', 'Zip': None, 'Country': None, 'Capacity': 6400, 'GeoLat': 39.517236, 'GeoLong': -84.734544}","[{'PeriodID': 116600, 'GameID': 72598, 'Number': 1, 'Name': '1', 'Type': 'Half', 'AwayScore': 20, 'HomeScore': 55}, {'PeriodID': 116640, 'GameID': 72598, 'Number': 2, 'Name': '2', 'Type': 'Half', 'AwayScore': 25, 'HomeScore': 65}]"
0,67714,2026,1,Final,2025-11-06T00:00:00,2025-11-06T19:00:00,BCOOK,MIA,192,23,100.0,165.0,2025-11-07T02:44:47,F,0.0,0.0,-27.0,252.6,1571.0,-3324.0,60067714,60000192,60000023,,,,,,,,,,,Scrambled,True,2025-11-06T21:11:24,501373.0,501371.0,,,ACC,False,-180.0,-183.0,-183.0,-183.0,2025-11-07T00:00:00,4508.0,"{'StadiumID': 115, 'Active': True, 'Name': 'Watsco Center', 'Address': None, 'City': 'Coral Gables', 'State': 'FL', 'Zip': None, 'Country': None, 'Capacity': 7972, 'GeoLat': 25.715, 'GeoLong': -80.279167}","[{'PeriodID': 116464, 'GameID': 67714, 'Number': 1, 'Name': '1', 'Type': 'Half', 'AwayScore': 51, 'HomeScore': 82}, {'PeriodID': 116516, 'GameID': 67714, 'Number': 2, 'Name': '2', 'Type': 'Half', 'AwayScore': 49, 'HomeScore': 83}]"
1,67852,2026,1,Final,2025-11-06T00:00:00,2025-11-06T18:30:00,LIUB,IUPUI,229,317,154.0,147.0,2025-11-07T02:44:47,F,0.0,0.0,-7.4,303.3,258.0,-319.0,60067852,60000229,60000317,,,,,,,,,,,Scrambled,True,2025-11-06T20:30:48,501360.0,501358.0,,,ESPN+,False,-178.0,-185.0,-180.0,-185.0,2025-11-06T23:30:00,768.0,"{'StadiumID': 533, 'Active': True, 'Name': 'The Jungle', 'Address': '901 West New York Street', 'City': 'Indianapolis', 'State': 'IN', 'Zip': '46202', 'Country': 'USA', 'Capacity': 1215, 'GeoLat': 39.770556, 'GeoLong': -86.175}","[{'PeriodID': 116461, 'GameID': 67852, 'Number': 1, 'Name': '1', 'Type': 'Half', 'AwayScore': 75, 'HomeScore': 87}, {'PeriodID': 116483, 'GameID': 67852, 'Number': 2, 'Name': '2', 'Type': 'Half', 'AwayScore': 78, 'HomeScore': 60}]"
2,67853,2026,1,Final,2025-11-06T00:00:00,2025-11-06T19:00:00,LEMYN,XAV,427,59,113.0,121.0,2025-11-07T02:44:47,F,0.0,0.0,-40.1,255.9,3950.0,-15259.0,60067853,60000427,60000059,,,,,,,,,,,Scrambled,True,2025-11-06T21:07:18,501366.0,501365.0,,,ESPN+,False,-180.0,-181.0,-180.0,-181.0,2025-11-07T00:00:00,9480.0,"{'StadiumID': 66, 'Active': True, 'Name': 'Cintas Center', 'Address': None, 'City': 'Cincinnati', 'State': 'OH', 'Zip': None, 'Country': None, 'Capacity': 10224, 'GeoLat': 39.150148, 'GeoLong': -84.471881}","[{'PeriodID': 116467, 'GameID': 67853, 'Number': 1, 'Name': '1', 'Type': 'Half', 'AwayScore': 59, 'HomeScore': 70}, {'PeriodID': 116505, 'GameID': 67853, 'Number': 2, 'Name': '2', 'Type': 'Half', 'AwayScore': 54, 'HomeScore': 51}]"
3,68152,2026,1,Final,2025-11-06T00:00:00,2025-11-06T19:00:00,CENCON,QUIN,232,174,80.0,116.0,2025-11-07T02:44:47,F,0.0,0.0,-14.7,245.2,553.0,-741.0,60068152,60000232,60000174,,,,,,,,,,,Scrambled,True,2025-11-06T20:52:40,501369.0,501368.0,,,ESPN+,False,-180.0,-185.0,-181.0,-181.0,2025-11-07T00:00:00,2581.0,"{'StadiumID': 224, 'Active': True, 'Name': 'M&T Bank Arena', 'Address': '305 Sherman Ave', 'City': 'Hamden', 'State': 'CT', 'Zip': '06518', 'Country': 'USA', 'Capacity': 3570, 'GeoLat': 41.413833, 'GeoLong': -72.911157}","[{'PeriodID': 116465, 'GameID': 68152, 'Number': 1, 'Name': '1', 'Type': 'Half', 'AwayScore': 44, 'HomeScore': 60}, {'PeriodID': 116511, 'GameID': 68152, 'Number': 2, 'Name': '2', 'Type': 'Half', 'AwayScore': 36, 'HomeScore': 56}]"
4,68153,2026,1,Final,2025-11-06T00:00:00,2025-11-06T20:00:00,STFPA,TCU,225,114,103.0,170.0,2025-11-07T02:44:47,F,0.0,0.0,-45.0,249.3,4088.0,-16350.0,60068153,60000225,60000114,,,,,,,,,,,Scrambled,True,2025-11-06T22:01:32,501392.0,501391.0,,,TNT,False,-180.0,-185.0,-181.0,-181.0,2025-11-07T01:00:00,4432.0,"{'StadiumID': 85, 'Active': True, 'Name': 'Ed and Rae Schollmaier Arena', 'Address': None, 'City': 'Fort Worth', 'State': 'TX', 'Zip': None, 'Country': None, 'Capacity': 6800, 'GeoLat': 32.708774, 'GeoLong': -97.36673}","[{'PeriodID': 116494, 'GameID': 68153, 'Number': 1, 'Name': '1', 'Type': 'Half', 'AwayScore': 47, 'HomeScore': 87}, {'PeriodID': 116527, 'GameID': 68153, 'Number': 2, 'Name': '2', 'Type': 'Half', 'AwayScore': 56, 'HomeScore': 83}]"
5,68289,2026,1,Final,2025-11-06T00:00:00,2025-11-06T18:00:00,CPENN,MORGST,511,199,126.0,165.0,2025-11-07T02:44:47,F,0.0,0.0,,,,,60068289,60000511,60000199,,,,,,,,,,,Scrambled,True,2025-11-06T19:59:30,,,,,,False,,,,,2025-11-06T23:00:00,750.0,"{'StadiumID': 237, 'Active': True, 'Name': 'Hill Field House', 'Address': None, 'City': 'Baltimore', 'State': 'MD', 'Zip': None, 'Country': None, 'Capacity': 4250, 'GeoLat': 39.3425, 'GeoLong': -76.585}","[{'PeriodID': 116460, 'GameID': 68289, 'Number': 1, 'Name': '1', 'Type': 'Half', 'AwayScore': 65, 'HomeScore': 85}, {'PeriodID': 116478, 'GameID': 68289, 'Number': 2, 'Name': '2', 'Type': 'Half', 'AwayScore': 60, 'HomeScore': 80}]"
6,68290,2026,1,Final,2025-11-06T00:00:00,2025-11-06T19:00:00,ILLST,OHIO,204,180,111.0,118.0,2025-11-07T02:44:47,F,0.0,0.0,-2.5,264.1,167.0,-201.0,60068290,60000204,60000180,,,,,,,,,,,Scrambled,True,2025-11-06T21:12:18,1073.0,1071.0,,,ESPN+,False,-181.0,-180.0,-180.0,-183.0,2025-11-07T00:00:00,3831.0,"{'StadiumID': 189, 'Active': True, 'Name': 'Convocation Center (OH)', 'Address': None, 'City': 'Athens', 'State': 'OH', 'Zip': None, 'Country': None, 'Capacity': 13080, 'GeoLat': 39.323056, 'GeoLong': -82.105556}","[{'PeriodID': 116480, 'GameID': 68290, 'Number': 1, 'Name': '1', 'Type': 'Half', 'AwayScore': 51, 'HomeScore': 51}, {'PeriodID': 116509, 'GameID': 68290, 'Number': 2, 'Name': '2', 'Type': 'Half', 'AwayScore': 60, 'HomeScore': 67}]"
7,68482,2026,1,Final,2025-11-06T00:00:00,2025-11-06T19:00:00,AC,CANS,1455,172,70.0,137.0,2025-11-07T02:44:47,F,0.0,0.0,,,,,60068482,60001455,60000172,,,,,,,,,,,Scrambled,True,2025-11-06T20:51:14,,,,,ESPN+,False,,,,,2025-11-07T00:00:00,674.0,"{'StadiumID': 354, 'Active': True, 'Name': 'Koessler Athletic Center', 'Address': None, 'City': 'Buffalo', 'State': 'NY', 'Zip': None, 'Country': None, 'Capacity': 2196, 'GeoLat': 42.920919, 'GeoLong': -78.85754}","[{'PeriodID': 116469, 'GameID': 68482, 'Number': 1, 'Name': '1', 'Type': 'Half', 'AwayScore': 38, 'HomeScore': 69}, {'PeriodID': 116498, 'GameID': 68482, 'Number': 2, 'Name': '2', 'Type': 'Half', 'AwayScore': 33, 'HomeScore': 69}]"
8,68506,2026,1,Final,2025-11-06T00:00:00,2025-11-06T19:00:00,JACKST,LOU,306,24,114.0,173.0,2025-11-07T02:44:47,F,0.0,0.0,-64.6,270.6,5396.0,-16350.0,60068506,60000306,60000024,,,,,,,,,,,Scrambled,True,2025-11-06T21:10:05,501363.0,501361.0,,,ACC,False,-185.0,-178.0,-180.0,-181.0,2025-11-07T00:00:00,14412.0,"{'StadiumID': 97, 'Active': True, 'Name': 'KFC Yum! Center', 'Address': None, 'City': 'Louisville', 'State': 'KY', 'Zip': None, 'Country': None, 'Capacity': 22090, 'GeoLat': 38.2575, 'GeoLong': -85.753889}","[{'PeriodID': 116462, 'GameID': 68506, 'Number': 1, 'Name': '1', 'Type': 'Half', 'AwayScore': 57, 'HomeScore': 90}, {'PeriodID': 116510, 'GameID': 68506, 'Number': 2, 'Name': '2', 'Type': 'Half', 'AwayScore': 57, 'HomeScore': 83}]"
9,68507,2026,1,Final,2025-11-06T00:00:00,2025-11-06T22:00:00,WRGHT,CAH,150,251,110.0,126.0,2025-11-07T02:44:47,F,0.0,0.0,-23.7,241.2,1367.0,-2670.0,60068507,60000150,60000251,,,,,,,,,,,Scrambled,True,2025-11-07T00:04:29,1092.0,1091.0,,,ACC,False,-178.0,-185.0,-183.0,-180.0,2025-11-07T03:00:00,2172.0,"{'StadiumID': 210, 'Active': True, 'Name': 'Haas Pavilion', 'Address': None, 'City': 'Berkeley', 'State': 'CA', 'Zip': None, 'Country': None, 'Capacity': 11858, 'GeoLat': 37.8694, 'GeoLong': -122.262}","[{'PeriodID': 116538, 'GameID': 68507, 'Number': 1, 'Name': '1', 'Type': 'Half', 'AwayScore': 46, 'HomeScore': 56}, {'PeriodID': 116542, 'GameID': 68507, 'Number': 2, 'Name': '2', 'Type': 'Half', 'AwayScore': 64, 'HomeScore': 70}]"
10,68508,2026,1,Final,2025-11-06T00:00:00,2025-11-06T19:00:00,CITA,BOSCOL,288,35,77.0,124.0,2025-11-07T02:44:47,F,0.0,0.0,-26.2,236.3,1653.0,-3414.0,60068508,60000288,60000035,,,,,,,,,,,Scrambled,True,2025-11-06T21:02:54,1069.0,1068.0,,,ACC,False,-183.0,-180.0,-185.0,-177.0,2025-11-07T00:00:00,2538.0,"{'StadiumID': 30, 'Active': True, 'Name': 'Silvio Conte Forum', 'Address': None, 'City': 'Chestnut Hill', 'State': 'MA', 'Zip': None, 'Country': None, 'Capacity': 8606, 'GeoLat': 42.335, 'GeoLong': -71.1675}","[{'PeriodID': 116466, 'GameID': 68508, 'Number': 1, 'Name': '1', 'Type': 'Half', 'AwayScore': 39, 'HomeScore': 62}, {'PeriodID': 116507, 'GameID': 68508, 'Number': 2, 'Name': '2', 'Type': 'Half', 'AwayScore': 38, 'HomeScore': 62}]"
11,68509,2026,1,Final,2025-11-06T00:00:00,2025-11-06T20:00:00,CHIST,STLOU,351,54,141.0,177.0,2025-11-07T02:44:47,F,0.0,0.0,-48.2,253.4,4905.0,-57225.0,60068509,60000351,60000054,,,,,,,,,,,Scrambled,True,2025-11-06T22:22:40,501396.0,501394.0,,,ESPN+,False,-185.0,-180.0,-185.0,-180.0,2025-11-07T01:00:00,3522.0,"{'StadiumID': 50, 'Active': True, 'Name': 'Chaifetz Arena', 'Address': None, 'City': 'St. Louis', 'State': 'MO', 'Zip': None, 'Country': None, 'Capacity': 10600, 'GeoLat': 38.63246, 'GeoLong': -90.22797}","[{'PeriodID': 116503, 'GameID': 68509, 'Number': 1, 'Name': '1', 'Type': 'Half', 'AwayScore': 65, 'HomeScore': 83}, {'PeriodID': 116535, 'GameID': 68509, 'Number': 2, 'Name': '2', 'Type': 'Half', 'AwayScore': 75, 'HomeScore': 93}]"
12,68510,2026,1,Final,2025-11-06T00:00:00,2025-11-06T21:00:00,MRCY,LOYCH,1062,209,119.0,106.0,2025-11-07T02:44:47,F,0.0,0.0,-36.0,234.6,3012.0,-11445.0,60068510,60001062,60000209,,,,,,,,,,,Scrambled,True,2025-11-06T23:05:41,501405.0,501404.0,,,ESPN+,False,-183.0,-180.0,-181.0,-181.0,2025-11-07T02:00:00,2016.0,"{'StadiumID': 71, 'Active': True, 'Name': 'Joseph J. Gentile Arena', 'Address': None, 'City': 'Chicago', 'State': 'IL', 'Zip': None, 'Country': None, 'Capacity': 4557, 'GeoLat': 42.000556, 'GeoLong': -87.658889}","[{'PeriodID': 116521, 'GameID': 68510, 'Number': 1, 'Name': '1', 'Type': 'Half', 'AwayScore': 56, 'HomeScore': 44}, {'PeriodID': 116539, 'GameID': 68510, 'Number': 2, 'Name': '2', 'Type': 'Half', 'AwayScore': 64, 'HomeScore': 62}]"
13,68741,2026,1,Final,2025-11-06T00:00:00,2025-11-06T20:00:00,TAMU,SMU,292,1,95.0,113.0,2025-11-07T02:44:47,F,0.0,0.0,-38.4,262.4,2984.0,-11731.0,60068741,60000292,60000001,,,,,,,,,,,Scrambled,True,2025-11-06T22:21:24,501402.0,501401.0,,,ACC,False,-181.0,-180.0,-181.0,-181.0,2025-11-07T01:00:00,4222.0,"{'StadiumID': 101, 'Active': True, 'Name': 'Moody Coliseum', 'Address': None, 'City': 'Dallas', 'State': 'TX', 'Zip': None, 'Country': None, 'Capacity': 7000, 'GeoLat': 32.840278, 'GeoLong': -96.780556}","[{'PeriodID': 116486, 'GameID': 68741, 'Number': 1, 'Name': '1', 'Type': 'Half', 'AwayScore': 46, 'HomeScore': 52}, {'PeriodID': 116528, 'GameID': 68741, 'Number': 2, 'Name': '2', 'Type': 'Half', 'AwayScore': 49, 'HomeScore': 60}]"
14,69072,2026,1,Final,2025-11-06T00:00:00,2025-11-06T19:00:00,CAMP,WVIR,90,107,106.0,119.0,2025-11-07T02:44:47,F,0.0,0.0,-25.3,226.4,1432.0,-2814.0,60069072,60000090,60000107,,,,,,,,,,,Scrambled,True,2025-11-06T21:22:44,1076.0,1074.0,,,ESPN+,False,-185.0,-180.0,-183.0,-178.0,2025-11-07T00:00:00,9251.0,"{'StadiumID': 106, 'Active': True, 'Name': 'WVU Coliseum', 'Address': None, 'City': 'Morgantown', 'State': 'WV', 'Zip': None, 'Country': None, 'Capacity': 14000, 'GeoLat': 39.649167, 'GeoLong': -79.981111}","[{'PeriodID': 116463, 'GameID': 69072, 'Number': 1, 'Name': '1', 'Type': 'Half', 'AwayScore': 41, 'HomeScore': 54}, {'PeriodID': 116517, 'GameID': 69072, 'Number': 2, 'Name': '2', 'Type': 'Half', 'AwayScore': 65, 'HomeScore': 65}]"
15,69073,2026,1,Final,2025-11-06T00:00:00,2025-11-06T20:00:00,GRMBST,IOWAST,312,110,101.0,167.0,2025-11-07T02:44:47,F,0.0,0.0,-55.6,237.1,,,60069073,60000312,60000110,,,,,,,,,,,Scrambled,True,2025-11-06T22:06:44,501386.0,501384.0,,,ESPN+,False,-185.0,-180.0,-183.0,-181.0,2025-11-07T01:00:00,13609.0,"{'StadiumID': 56, 'Active': True, 'Name': 'Hilton Coliseum', 'Address': None, 'City': 'Ames', 'State': 'IA', 'Zip': None, 'Country': None, 'Capacity': 14384, 'GeoLat': 42.02101, 'GeoLong': -93.634763}","[{'PeriodID': 116487, 'GameID': 69073, 'Number': 1, 'Name': '1', 'Type': 'Half', 'AwayScore': 49, 'HomeScore': 72}, {'PeriodID': 116534, 'GameID': 69073, 'Number': 2, 'Name': '2', 'Type': 'Half', 'AwayScore': 52, 'HomeScore': 95}]"
16,69167,2026,1,Final,2025-11-06T00:00:00,2025-11-06T11:30:00,PSABI,LOYMD,1338,262,98.0,157.0,2025-11-07T02:44:47,F,0.0,0.0,,,,,60069167,60001338,60000262,,,,,,,,,,,Scrambled,True,2025-11-06T13:16:35,,,,,ESPN+,False,,,,,2025-11-06T16:30:00,768.0,"{'StadiumID': 181, 'Active': True, 'Name': 'Reitz Arena', 'Address': None, 'City': 'Baltimore', 'State': 'MD', 'Zip': None, 'Country': None, 'Capacity': 2100, 'GeoLat': 39.346803, 'GeoLong': -76.618615}","[{'PeriodID': 116455, 'GameID': 69167, 'Number': 1, 'Name': '1', 'Type': 'Half', 'AwayScore': 62, 'HomeScore': 72}, {'PeriodID': 116456, 'GameID': 69167, 'Number': 2, 'Name': '2', 'Type': 'Half', 'AwayScore': 36, 'HomeScore': 85}]"
17,69254,2026,1,Final,2025-11-06T00:00:00,2025-11-06T20:00:00,CSUNR,NIOWA,121,206,93.0,141.0,2025-11-07T02:44:47,F,0.0,0.0,-16.4,249.3,577.0,-767.0,60069254,60000121,60000206,,,,,,,,,,,Scrambled,True,2025-11-06T21:56:07,1086.0,1084.0,,,ESPN+,False,-183.0,-180.0,-185.0,-178.0,2025-11-07T01:00:00,3173.0,"{'StadiumID': 397, 'Active': True, 'Name': 'McLeod Center', 'Address': None, 'City': 'Cedar Falls', 'State': 'IA', 'Zip': None, 'Country': None, 'Capacity': 6650, 'GeoLat': 42.51395, 'GeoLong': -92.46714}","[{'PeriodID': 116491, 'GameID': 69254, 'Number': 1, 'Name': '1', 'Type': 'Half', 'AwayScore': 52, 'HomeScore': 75}, {'PeriodID': 116533, 'GameID': 69254, 'Number': 2, 'Name': '2', 'Type': 'Half', 'AwayScore': 41, 'HomeScore': 65}]"
18,69255,2026,1,Final,2025-11-06T00:00:00,2025-11-06T19:00:00,TOCCOA,CHSOU,942,88,116.0,173.0,2025-11-07T02:44:47,F,0.0,0.0,,,,,60069255,60000942,60000088,,,,,,,,,,,Scrambled,True,2025-11-06T20:55:20,,,,,ESPN+,False,,,,,2025-11-07T00:00:00,802.0,"{'StadiumID': 202, 'Active': True, 'Name': 'Buccaneer Fieldhouse', 'Address': None, 'City': 'Charleston', 'State': 'SC', 'Zip': None, 'Country': None, 'Capacity': 881, 'GeoLat': 32.980822, 'GeoLong': -80.067125}","[{'PeriodID': 116476, 'GameID': 69255, 'Number': 1, 'Name': '1', 'Type': 'Half', 'AwayScore': 62, 'HomeScore': 95}, {'PeriodID': 116512, 'GameID': 69255, 'Number': 2, 'Name': '2', 'Type': 'Half', 'AwayScore': 54, 'HomeScore': 78}]"
19,69583,2026,1,Final,2025-11-06T00:00:00,2025-11-06T19:00:00,STE,JAC,878,741,83.0,190.0,2025-11-07T02:44:47,F,0.0,0.0,,,,,60069583,60000878,60000741,,,,,,,,,,,Scrambled,True,2025-11-06T20:49:08,,,,,ESPN+,False,,,,,2025-11-07T00:00:00,867.0,"{'StadiumID': 540, 'Active': True, 'Name': 'Hyland Arena', 'Address': None, 'City': 'Saint Charles', 'State': 'MO', 'Zip': None, 'Country': None, 'Capacity': 3270, 'GeoLat': None, 'GeoLong': None}","[{'PeriodID': 116475, 'GameID': 69583, 'Number': 1, 'Name': '1', 'Type': 'Half', 'AwayScore': 39, 'HomeScore': 101}, {'PeriodID': 116501, 'GameID': 69583, 'Number': 2, 'Name': '2', 'Type': 'Half', 'AwayScore': 44, 'HomeScore': 88}]"
20,69711,2026,1,Final,2025-11-06T00:00:00,2025-11-06T20:00:00,MERRI,AUBRN,817,279,93.0,155.0,2025-11-07T02:44:47,F,0.0,0.0,-39.2,242.0,3868.0,-15259.0,60069711,60000817,60000279,,,,,,,,,,,Scrambled,True,2025-11-06T22:06:05,501376.0,501374.0,,,SEC,False,-180.0,-183.0,-180.0,-185.0,2025-11-07T01:00:00,9121.0,"{'StadiumID': 8, 'Active': True, 'Name': 'Neville Arena', 'Address': None, 'City': 'Auburn', 'State': 'AL', 'Zip': None, 'Country': None, 'Capacity': 9121, 'GeoLat': 32.60253, 'GeoLong': -85.49301}","[{'PeriodID': 116490, 'GameID': 69711, 'Number': 1, 'Name': '1', 'Type': 'Half', 'AwayScore': 36, 'HomeScore': 64}, {'PeriodID': 116532, 'GameID': 69711, 'Number': 2, 'Name': '2', 'Type': 'Half', 'AwayScore': 57, 'HomeScore': 92}]"
21,69712,2026,1,Final,2025-11-06T00:00:00,2025-11-06T20:00:00,NFL,FL,36,271,105.0,170.0,2025-11-09T04:20:55,F,0.0,0.0,-71.1,277.1,,,60069712,60000036,60000271,,,,,,,,,,,Scrambled,True,2025-11-06T21:56:42,501389.0,501387.0,,,SEC,False,-183.0,-180.0,-180.0,-181.0,2025-11-07T01:00:00,10065.0,"{'StadiumID': 119, 'Active': True, 'Name': 'Exactech Arena', 'Address': None, 'City': 'Gainesville', 'State': 'FL', 'Zip': None, 'Country': None, 'Capacity': 10151, 'GeoLat': 29.649444, 'GeoLong': -82.351111}","[{'PeriodID': 116485, 'GameID': 69712, 'Number': 1, 'Name': '1', 'Type': 'Half', 'AwayScore': 46, 'HomeScore': 85}, {'PeriodID': 116520, 'GameID': 69712, 'Number': 2, 'Name': '2', 'Type': 'Half', 'AwayScore': 59, 'HomeScore': 85}]"
22,69713,2026,1,Final,2025-11-06T00:00:00,2025-11-06T19:00:00,BTHWV,BOWLGR,1319,181,106.0,196.0,2025-11-07T02:44:47,F,0.0,0.0,,,,,60069713,60001319,60000181,,,,,,,,,,,Scrambled,True,2025-11-06T21:03:29,,,,,ESPN+,False,,,,,2025-11-07T00:00:00,1813.0,"{'StadiumID': 222, 'Active': True, 'Name': 'Stroh Center', 'Address': None, 'City': 'Bowling Green', 'State': 'OH', 'Zip': None, 'Country': None, 'Capacity': 4387, 'GeoLat': 41.375343, 'GeoLong': -83.624711}","[{'PeriodID': 116471, 'GameID': 69713, 'Number': 1, 'Name': '1', 'Type': 'Half', 'AwayScore': 56, 'HomeScore': 92}, {'PeriodID': 116506, 'GameID': 69713, 'Number': 2, 'Name': '2', 'Type': 'Half', 'AwayScore': 51, 'HomeScore': 105}]"
23,69714,2026,1,Final,2025-11-06T00:00:00,2025-11-06T19:30:00,ROBMS,DRAKE,230,211,132.0,129.0,2025-11-07T02:44:47,F,0.0,0.0,-12.3,247.7,463.0,-595.0,60069714,60000230,60000211,,,,,,,,,,,Scrambled,True,2025-11-06T21:43:47,1079.0,1077.0,,,ESPN+,False,-180.0,-180.0,-178.0,-185.0,2025-11-07T00:30:00,3142.0,"{'StadiumID': 293, 'Active': True, 'Name': 'The Knapp Center', 'Address': None, 'City': 'Des Moines', 'State': 'IA', 'Zip': None, 'Country': None, 'Capacity': 7152, 'GeoLat': 41.604444, 'GeoLong': -93.651944}","[{'PeriodID': 116482, 'GameID': 69714, 'Number': 1, 'Name': '1', 'Type': 'Half', 'AwayScore': 65, 'HomeScore': 57}, {'PeriodID': 116518, 'GameID': 69714, 'Number': 2, 'Name': '2', 'Type': 'Half', 'AwayScore': 46, 'HomeScore': 54}, {'PeriodID': 116536, 'GameID': 69714, 'Number': 3, 'Name': 'OT', 'Type': 'Overtime', 'AwayScore': 21, 'HomeScore': 18}]"
24,69715,2026,1,Final,2025-11-06T00:00:00,2025-11-06T20:00:00,TRIFL,JAX,484,37,74.0,216.0,2025-11-07T02:44:47,F,0.0,0.0,,,,,60069715,60000484,60000037,,,,,,,,,,,Scrambled,True,2025-11-06T21:56:49,,,,,ESPN+,False,,,,,2025-11-07T01:00:00,350.0,"{'StadiumID': 35, 'Active': True, 'Name': 'Swisher Gymnasium', 'Address': None, 'City': 'Jacksonville', 'State': 'FL', 'Zip': None, 'Country': None, 'Capacity': 1452, 'GeoLat': 30.350278, 'GeoLong': -81.605}","[{'PeriodID': 116488, 'GameID': 69715, 'Number': 1, 'Name': '1', 'Type': 'Half', 'AwayScore': 41, 'HomeScore': 121}, {'PeriodID': 116519, 'GameID': 69715, 'Number': 2, 'Name': '2', 'Type': 'Half', 'AwayScore': 33, 'HomeScore': 95}]"
25,69716,2026,1,Final,2025-11-06T00:00:00,2025-11-06T20:00:00,NEOM,ABCHR,316,296,116.0,119.0,2025-11-07T02:44:47,F,0.0,0.0,-7.4,246.1,270.0,-330.0,60069716,60000316,60000296,,,,,,,,,,,Scrambled,True,2025-11-06T22:17:50,1082.0,1081.0,,,ESPN+,False,-181.0,-181.0,-185.0,-180.0,2025-11-07T01:00:00,1025.0,"{'StadiumID': 133, 'Active': True, 'Name': 'Moody Coliseum (Abilene)', 'Address': None, 'City': 'Abilene', 'State': 'TX', 'Zip': None, 'Country': None, 'Capacity': 3600, 'GeoLat': 32.470333, 'GeoLong': -99.70925}","[{'PeriodID': 116492, 'GameID': 69716, 'Number': 1, 'Name': '1', 'Type': 'Half', 'AwayScore': 60, 'HomeScore': 60}, {'PeriodID': 116530, 'GameID': 69716, 'Number': 2, 'Name': '2', 'Type': 'Half', 'AwayScore': 56, 'HomeScore': 59}]"
26,70204,2026,1,Final,2025-11-06T00:00:00,2025-11-06T14:00:00,WHIT,CSU,976,346,100.0,136.0,2025-11-07T02:44:47,F,0.0,0.0,,,,,60070204,60000976,60000346,,,,,,,,,,,Scrambled,True,2025-11-06T16:02:40,,,,,ESPN+,False,,,,,2025-11-06T19:00:00,1735.0,"{'StadiumID': 375, 'Active': True, 'Name': 'Icardo Center', 'Address': None, 'City': 'Bakersfield', 'State': 'CA', 'Zip': None, 'Country': None, 'Capacity': 3497, 'GeoLat': 35.3475, 'GeoLong': -119.102778}","[{'PeriodID': 116457, 'GameID': 70204, 'Number': 1, 'Name': '1', 'Type': 'Half', 'AwayScore': 43, 'HomeScore': 72}, {'PeriodID': 116458, 'GameID': 70204, 'Number': 2, 'Name': '2', 'Type': 'Half', 'AwayScore': 57, 'HomeScore': 64}]"
27,70341,2026,1,Final,2025-11-06T00:00:00,2025-11-06T22:30:00,ARPB,PORT,310,340,121.0,136.0,2025-11-07T02:44:47,F,0.0,0.0,-20.4,269.0,978.0,-1530.0,60070341,60000310,60000340,,,,,,,,,,,Scrambled,True,2025-11-07T00:52:22,501409.0,501407.0,,,ESPN+,False,-186.0,-177.0,-180.0,-181.0,2025-11-07T03:30:00,792.0,"{'StadiumID': 254, 'Active': True, 'Name': 'Chiles Center', 'Address': None, 'City': 'Portland', 'State': 'OR', 'Zip': None, 'Country': None, 'Capacity': 4852, 'GeoLat': 45.575, 'GeoLong': -122.728}","[{'PeriodID': 116540, 'GameID': 70341, 'Number': 1, 'Name': '1', 'Type': 'Half', 'AwayScore': 47, 'HomeScore': 74}, {'PeriodID': 116543, 'GameID': 70341, 'Number': 2, 'Name': '2', 'Type': 'Half', 'AwayScore': 74, 'HomeScore': 62}]"
28,70854,2026,1,Final,2025-11-06T00:00:00,2025-11-06T20:00:00,UCRVS,NDAK,120,71,121.0,114.0,2025-11-09T04:20:55,F,0.0,0.0,-2.5,239.5,170.0,-206.0,60070854,60000120,60000071,,,,,,,,,,,Scrambled,True,2025-11-06T22:05:14,1089.0,1087.0,,,Summ,False,-180.0,-181.0,-180.0,-181.0,2025-11-07T01:00:00,1533.0,"{'StadiumID': 336, 'Active': True, 'Name': 'Betty Engelstad Sioux Center', 'Address': None, 'City': 'Grand Forks', 'State': 'ND', 'Zip': None, 'Country': None, 'Capacity': 3140, 'GeoLat': 47.927641, 'GeoLong': -97.071438}","[{'PeriodID': 116502, 'GameID': 70854, 'Number': 1, 'Name': '1', 'Type': 'Half', 'AwayScore': 60, 'HomeScore': 56}, {'PeriodID': 116526, 'GameID': 70854, 'Number': 2, 'Name': '2', 'Type': 'Half', 'AwayScore': 60, 'HomeScore': 59}]"
29,70935,2026,1,Final,2025-11-06T00:00:00,2025-11-06T20:00:00,TXS,TXAM,304,270,114.0,170.0,2025-11-07T02:44:47,F,0.0,0.0,-48.2,264.1,4905.0,-49050.0,60070935,60000304,60000270,,,,,,,,,,,Scrambled,True,2025-11-06T22:11:41,501383.0,501381.0,,,SEC,False,-178.0,-183.0,-186.0,-178.0,2025-11-07T01:00:00,6821.0,"{'StadiumID': 95, 'Active': True, 'Name': 'Reed Arena', 'Address': None, 'City': 'College Station', 'State': 'TX', 'Zip': None, 'Country': None, 'Capacity': 12989, 'GeoLat': 30.60578, 'GeoLong': -96.34619}","[{'PeriodID': 116495, 'GameID': 70935, 'Number': 1, 'Name': '1', 'Type': 'Half', 'AwayScore': 59, 'HomeScore': 67}, {'PeriodID': 116531, 'GameID': 70935, 'Number': 2, 'Name': '2', 'Type': 'Half', 'AwayScore': 56, 'HomeScore': 103}]"
30,70936,2026,1,Final,2025-11-06T00:00:00,2025-11-06T22:00:00,DEN,WASH,319,249,114.0,137.0,2025-11-07T02:44:47,F,0.0,0.0,-45.0,251.0,6540.0,-32700.0,60070936,60000319,60000249,,,,,,,,,,,Scrambled,True,2025-11-06T23:54:20,1095.0,1094.0,,,BTN,False,-181.0,-180.0,-180.0,-183.0,2025-11-07T03:00:00,5134.0,"{'StadiumID': 15, 'Active': True, 'Name': 'Alaska Airlines Arena', 'Address': None, 'City': 'Seattle', 'State': 'WA', 'Zip': None, 'Country': None, 'Capacity': 10000, 'GeoLat': 47.652, 'GeoLong': -122.302}","[{'PeriodID': 116537, 'GameID': 70936, 'Number': 1, 'Name': '1', 'Type': 'Half', 'AwayScore': 46, 'HomeScore': 60}, {'PeriodID': 116541, 'GameID': 70936, 'Number': 2, 'Name': '2', 'Type': 'Half', 'AwayScore': 69, 'HomeScore': 77}]"
31,70937,2026,1,Final,2025-11-06T00:00:00,2025-11-06T18:00:00,CURR,NHAMP,888,14,51.0,185.0,2025-11-07T02:44:47,F,0.0,0.0,,,,,60070937,60000888,60000014,,,,,,,,,,,Scrambled,True,2025-11-06T19:47:50,,,,,ESPN+,False,,,,,2025-11-06T23:00:00,271.0,"{'StadiumID': 231, 'Active': True, 'Name': 'Lundholm Gymnasium', 'Address': None, 'City': 'Durham', 'State': 'NH', 'Zip': None, 'Country': None, 'Capacity': 2500, 'GeoLat': 43.138611, 'GeoLong': -70.938056}","[{'PeriodID': 116459, 'GameID': 70937, 'Number': 1, 'Name': '1', 'Type': 'Half', 'AwayScore': 39, 'HomeScore': 75}, {'PeriodID': 116481, 'GameID': 70937, 'Number': 2, 'Name': '2', 'Type': 'Half', 'AwayScore': 11, 'HomeScore': 110}]"
32,70938,2026,1,Final,2025-11-06T00:00:00,2025-11-06T19:00:00,MID-,HAMP,616,189,70.0,168.0,2025-11-07T02:44:47,F,0.0,0.0,,,,,60070938,60000616,60000189,,,,,,,,,,,Scrambled,True,2025-11-06T21:00:57,,,,,FloC,False,,,,,2025-11-07T00:00:00,1251.0,"{'StadiumID': 362, 'Active': True, 'Name': 'Convocation Center (VA)', 'Address': None, 'City': 'Hampton', 'State': 'VA', 'Zip': None, 'Country': None, 'Capacity': 7200, 'GeoLat': 37.01974, 'GeoLong': -76.33108}","[{'PeriodID': 116479, 'GameID': 70938, 'Number': 1, 'Name': '1', 'Type': 'Half', 'AwayScore': 34, 'HomeScore': 95}, {'PeriodID': 116513, 'GameID': 70938, 'Number': 2, 'Name': '2', 'Type': 'Half', 'AwayScore': 36, 'HomeScore': 74}]"
33,70939,2026,1,Final,2025-11-06T00:00:00,2025-11-06T19:00:00,CAP,CLVST,1396,156,114.0,116.0,2025-11-07T02:44:47,F,0.0,0.0,,,,,60070939,60001396,60000156,,,,,,,,,,,Scrambled,True,2025-11-06T20:57:00,,,,,ESPN+,False,,,,,2025-11-07T00:00:00,1450.0,"{'StadiumID': 158, 'Active': True, 'Name': 'Wolstein Center', 'Address': None, 'City': 'Cleveland', 'State': 'OH', 'Zip': None, 'Country': None, 'Capacity': 13610, 'GeoLat': 41.499167, 'GeoLong': -81.676944}","[{'PeriodID': 116472, 'GameID': 70939, 'Number': 1, 'Name': '1', 'Type': 'Half', 'AwayScore': 54, 'HomeScore': 65}, {'PeriodID': 116497, 'GameID': 70939, 'Number': 2, 'Name': '2', 'Type': 'Half', 'AwayScore': 60, 'HomeScore': 51}]"
34,70940,2026,1,Final,2025-11-06T00:00:00,2025-11-06T20:00:00,TOUGAL,SOUMIS,727,143,93.0,152.0,2025-11-07T02:44:47,F,0.0,0.0,,,,,60070940,60000727,60000143,,,,,,,,,,,Scrambled,True,2025-11-06T22:00:08,,,,,ESPN+,False,,,,,2025-11-07T01:00:00,2176.0,"{'StadiumID': 309, 'Active': True, 'Name': 'Reed Green Coliseum', 'Address': None, 'City': 'Hattiesburg', 'State': 'MS', 'Zip': None, 'Country': None, 'Capacity': 8095, 'GeoLat': 31.330833, 'GeoLong': -89.337778}","[{'PeriodID': 116489, 'GameID': 70940, 'Number': 1, 'Name': '1', 'Type': 'Half', 'AwayScore': 57, 'HomeScore': 85}, {'PeriodID': 116525, 'GameID': 70940, 'Number': 2, 'Name': '2', 'Type': 'Half', 'AwayScore': 36, 'HomeScore': 67}]"
35,71604,2026,1,Final,2025-11-06T00:00:00,2025-11-06T20:00:00,NWST,NTX,301,141,87.0,131.0,2025-11-07T02:44:47,F,0.0,0.0,-18.8,224.8,943.0,-1548.0,60071604,60000301,60000141,,,,,,,,,,,Scrambled,True,2025-11-06T22:08:10,501399.0,501397.0,,,ESPN+,False,-181.0,-180.0,-185.0,-178.0,2025-11-07T01:00:00,3030.0,"{'StadiumID': 218, 'Active': True, 'Name': 'UNT Coliseum', 'Address': None, 'City': 'Denton', 'State': 'TX', 'Zip': None, 'Country': None, 'Capacity': 10500, 'GeoLat': 33.208333, 'GeoLong': -97.153889}","[{'PeriodID': 116496, 'GameID': 71604, 'Number': 1, 'Name': '1', 'Type': 'Half', 'AwayScore': 33, 'HomeScore': 46}, {'PeriodID': 116529, 'GameID': 71604, 'Number': 2, 'Name': '2', 'Type': 'Half', 'AwayScore': 54, 'HomeScore': 85}]"
36,71605,2026,1,Final,2025-11-06T00:00:00,2025-11-06T20:00:00,MIDW,EKENT,678,237,98.0,199.0,2025-11-07T02:44:47,F,0.0,0.0,,,,,60071605,60000678,60000237,,,,,,,,,,,Scrambled,True,2025-11-06T21:57:03,,,,,ESPN+,False,,,,,2025-11-07T01:00:00,700.0,"{'StadiumID': 91, 'Active': True, 'Name': 'Baptist Health Arena', 'Address': None, 'City': 'Richmond', 'State': 'KY', 'Zip': None, 'Country': None, 'Capacity': 6500, 'GeoLat': 37.737222, 'GeoLong': -84.301389}","[{'PeriodID': 116493, 'GameID': 71605, 'Number': 1, 'Name': '1', 'Type': 'Half', 'AwayScore': 29, 'HomeScore': 98}, {'PeriodID': 116524, 'GameID': 71605, 'Number': 2, 'Name': '2', 'Type': 'Half', 'AwayScore': 69, 'HomeScore': 101}]"
37,71991,2026,1,Final,2025-11-06T00:00:00,2025-11-06T19:00:00,ILTECH,INDST,716,207,119.0,170.0,2025-11-07T02:44:47,F,0.0,0.0,,,,,60071991,60000716,60000207,,,,,,,,,,,Scrambled,True,2025-11-06T21:02:02,,,,,ESPN+,False,,,,,2025-11-07T00:00:00,5426.0,"{'StadiumID': 273, 'Active': True, 'Name': 'Hulman Center', 'Address': None, 'City': 'Terre Haute', 'State': 'IN', 'Zip': None, 'Country': None, 'Capacity': 10200, 'GeoLat': 39.468333, 'GeoLong': -87.405}","[{'PeriodID': 116470, 'GameID': 71991, 'Number': 1, 'Name': '1', 'Type': 'Half', 'AwayScore': 70, 'HomeScore': 96}, {'PeriodID': 116499, 'GameID': 71991, 'Number': 2, 'Name': '2', 'Type': 'Half', 'AwayScore': 49, 'HomeScore': 74}]"
38,72030,2026,1,Final,2025-11-06T00:00:00,2025-11-06T19:00:00,VF,LEHI,887,260,85.0,149.0,2025-11-07T02:44:47,F,0.0,0.0,,,,,60072030,60000887,60000260,,,,,,,,,,,Scrambled,True,2025-11-06T20:50:01,,,,,ESPN+,False,,,,,2025-11-07T00:00:00,817.0,"{'StadiumID': 196, 'Active': True, 'Name': 'Stabler Arena', 'Address': None, 'City': 'Bethlehem', 'State': 'PA', 'Zip': None, 'Country': None, 'Capacity': 5600, 'GeoLat': 40.584444, 'GeoLong': -75.356944}","[{'PeriodID': 116477, 'GameID': 72030, 'Number': 1, 'Name': '1', 'Type': 'Half', 'AwayScore': 36, 'HomeScore': 72}, {'PeriodID': 116484, 'GameID': 72030, 'Number': 2, 'Name': '2', 'Type': 'Half', 'AwayScore': 49, 'HomeScore': 77}]"
39,72031,2026,1,Final,2025-11-06T00:00:00,2025-11-06T19:00:00,NTHW,WMICH,1012,188,139.0,132.0,2025-11-07T02:44:47,F,0.0,0.0,,,,,60072031,60001012,60000188,,,,,,,,,,,Scrambled,True,2025-11-06T21:21:25,,,,,ESPN+,False,,,,,2025-11-07T00:00:00,1222.0,"{'StadiumID': 328, 'Active': True, 'Name': 'University Arena (MI)', 'Address': None, 'City': 'Kalamazoo', 'State': 'MI', 'Zip': None, 'Country': None, 'Capacity': 5421, 'GeoLat': 42.283372, 'GeoLong': -85.60845}","[{'PeriodID': 116473, 'GameID': 72031, 'Number': 1, 'Name': '1', 'Type': 'Half', 'AwayScore': 72, 'HomeScore': 64}, {'PeriodID': 116515, 'GameID': 72031, 'Number': 2, 'Name': '2', 'Type': 'Half', 'AwayScore': 67, 'HomeScore': 69}]"
40,72032,2026,1,Final,2025-11-06T00:00:00,2025-11-06T19:00:00,RAND,OLD,617,138,87.0,152.0,2025-11-07T02:44:47,F,0.0,0.0,,,,,60072032,60000617,60000138,,,,,,,,,,,Scrambled,True,2025-11-06T20:56:00,,,,,ESPN+,False,,,,,2025-11-07T00:00:00,4411.0,"{'StadiumID': 37, 'Active': True, 'Name': 'Chartway Arena', 'Address': None, 'City': 'Norfolk', 'State': 'VA', 'Zip': None, 'Country': None, 'Capacity': 8472, 'GeoLat': 36.884169, 'GeoLong': -76.301231}","[{'PeriodID': 116474, 'GameID': 72032, 'Number': 1, 'Name': '1', 'Type': 'Half', 'AwayScore': 43, 'HomeScore': 65}, {'PeriodID': 116508, 'GameID': 72032, 'Number': 2, 'Name': '2', 'Type': 'Half', 'AwayScore': 44, 'HomeScore': 87}]"
41,72033,2026,1,Final,2025-11-06T00:00:00,2025-11-06T20:00:00,DAKST,SDKST,1286,314,101.0,111.0,2025-11-07T02:44:47,F,0.0,0.0,,,,,60072033,60001286,60000314,,,,,,,,,,,Scrambled,True,2025-11-06T21:55:38,,,,,Summ,False,,,,,2025-11-07T01:00:00,1887.0,"{'StadiumID': 624, 'Active': True, 'Name': 'First Bank & Trust Arena', 'Address': None, 'City': 'Brookings', 'State': 'SD', 'Zip': None, 'Country': None, 'Capacity': None, 'GeoLat': None, 'GeoLong': None}","[{'PeriodID': 116504, 'GameID': 72033, 'Number': 1, 'Name': '1', 'Type': 'Half', 'AwayScore': 54, 'HomeScore': 62}, {'PeriodID': 116522, 'GameID': 72033, 'Number': 2, 'Name': '2', 'Type': 'Half', 'AwayScore': 47, 'HomeScore': 49}]"
42,72314,2026,1,Final,2025-11-06T00:00:00,2025-11-06T20:00:00,ALCST,SALA,307,330,114.0,124.0,2025-11-07T02:44:47,F,0.0,0.0,-30.2,231.4,2022.0,-4987.0,60072314,60000307,60000330,,,,,,,,,,,Scrambled,True,2025-11-06T21:57:06,501379.0,501378.0,,,ESPN+,False,-180.0,-181.0,-183.0,-180.0,2025-11-07T01:00:00,1654.0,"{'StadiumID': 341, 'Active': True, 'Name': 'Mitchell Center', 'Address': None, 'City': 'Mobile', 'State': 'AL', 'Zip': None, 'Country': None, 'Capacity': 10000, 'GeoLat': 30.69229, 'GeoLong': -88.17975}","[{'PeriodID': 116500, 'GameID': 72314, 'Number': 1, 'Name': '1', 'Type': 'Half', 'AwayScore': 65, 'HomeScore': 56}, {'PeriodID': 116523, 'GameID': 72314, 'Number': 2, 'Name': '2', 'Type': 'Half', 'AwayScore': 49, 'HomeScore': 69}]"
43,72350,2026,1,Final,2025-11-06T00:00:00,2025-11-06T19:00:00,UDC,HOWRD,1151,195,116.0,168.0,2025-11-07T02:44:47,F,0.0,0.0,,,,,60072350,60001151,60000195,,,,,,,,,,,Scrambled,True,2025-11-06T21:09:45,,,,,ESPN+,False,,,,,2025-11-07T00:00:00,1162.0,"{'StadiumID': 363, 'Active': True, 'Name': 'Burr Gymnasium', 'Address': None, 'City': 'Washington', 'State': 'DC', 'Zip': None, 'Country': None, 'Capacity': 2700, 'GeoLat': 38.9264, 'GeoLong': -77.0221}","[{'PeriodID': 116468, 'GameID': 72350, 'Number': 1, 'Name': '1', 'Type': 'Half', 'AwayScore': 54, 'HomeScore': 98}, {'PeriodID': 116514, 'GameID': 72350, 'Number': 2, 'Name': '2', 'Type': 'Half', 'AwayScore': 62, 'HomeScore': 70}]"
0,67829,2026,1,Final,2025-11-05T00:00:00,2025-11-05T20:00:00,SDAK,CREIGH,321,61,93.0,113.0,2025-11-06T00:22:57,F,0.0,0.0,-36.1,208.7,3427.0,-61200.0,60067829,60000321,60000061,,,,,,,,,,,Scrambled,True,2025-11-05T21:55:12,786.0,785.0,,,PEAC,False,-132.0,-138.0,-136.0,-136.0,2025-11-06T01:00:00,16404.0,"{'StadiumID': 65, 'Active': True, 'Name': 'CHI Health Center Omaha', 'Address': None, 'City': 'Omaha', 'State': 'NE', 'Zip': None, 'Country': None, 'Capacity': 17352, 'GeoLat': 41.263, 'GeoLong': -95.928}","[{'PeriodID': 116417, 'GameID': 67829, 'Number': 1, 'Name': '1', 'Type': 'Half', 'AwayScore': 43, 'HomeScore': 59}, {'PeriodID': 116435, 'GameID': 67829, 'Number': 2, 'Name': '2', 'Type': 'Half', 'AwayScore': 50, 'HomeScore': 54}]"
1,68151,2026,1,Final,2025-11-05T00:00:00,2025-11-05T18:00:00,RIDER,RUTGER,173,103,65.0,99.0,2025-11-05T20:46:29,F,0.0,0.0,-22.6,170.7,1485.0,-3345.0,60068151,60000173,60000103,,,,,,,,,,,Scrambled,True,2025-11-05T20:09:39,781.0,780.0,,,BTN,False,-135.0,-135.0,-136.0,-135.0,2025-11-05T23:00:00,8000.0,"{'StadiumID': 114, 'Active': True, 'Name': ""Jersey Mike's Arena"", 'Address': None, 'City': 'Piscataway', 'State': 'NJ', 'Zip': None, 'Country': None, 'Capacity': 8000, 'GeoLat': 40.525278, 'GeoLong': -74.441111}","[{'PeriodID': 116387, 'GameID': 68151, 'Number': 1, 'Name': '1', 'Type': 'Half', 'AwayScore': 29, 'HomeScore': 43}, {'PeriodID': 116408, 'GameID': 68151, 'Number': 2, 'Name': '2', 'Type': 'Half', 'AwayScore': 35, 'HomeScore': 56}]"
2,68505,2026,1,Final,2025-11-05T00:00:00,2025-11-05T19:00:00,SVK,RICH,1098,52,69.0,103.0,2025-11-06T00:22:57,F,0.0,0.0,,,,,60068505,60001098,60000052,,,,,,,,,,,Scrambled,True,2025-11-05T20:58:34,,,,,ESPN+,False,,,,,2025-11-06T00:00:00,3736.0,"{'StadiumID': 116, 'Active': True, 'Name': 'Robins Center', 'Address': None, 'City': 'Richmond', 'State': 'VA', 'Zip': None, 'Country': None, 'Capacity': 7201, 'GeoLat': 37.580701, 'GeoLong': -77.538987}","[{'PeriodID': 116405, 'GameID': 68505, 'Number': 1, 'Name': '1', 'Type': 'Half', 'AwayScore': 31, 'HomeScore': 51}, {'PeriodID': 116425, 'GameID': 68505, 'Number': 2, 'Name': '2', 'Type': 'Half', 'AwayScore': 38, 'HomeScore': 51}]"
3,69252,2026,1,Final,2025-11-05T00:00:00,2025-11-05T19:00:00,USI,BUTL,1212,64,71.0,108.0,2025-11-06T00:22:57,F,0.0,0.0,-27.5,190.9,2072.0,-7083.0,60069252,60001212,60000064,,,,,,,,,,,Scrambled,True,2025-11-05T21:01:49,783.0,782.0,,,ESPN+,False,-136.0,-136.0,-135.0,-137.0,2025-11-06T00:00:00,6855.0,"{'StadiumID': 161, 'Active': True, 'Name': 'Hinkle Fieldhouse', 'Address': None, 'City': 'Indianapolis', 'State': 'IN', 'Zip': None, 'Country': None, 'Capacity': 9100, 'GeoLat': 39.843611, 'GeoLong': -86.167222}","[{'PeriodID': 116395, 'GameID': 69252, 'Number': 1, 'Name': '1', 'Type': 'Half', 'AwayScore': 32, 'HomeScore': 64}, {'PeriodID': 116427, 'GameID': 69252, 'Number': 2, 'Name': '2', 'Type': 'Half', 'AwayScore': 39, 'HomeScore': 44}]"
4,69253,2026,1,Final,2025-11-05T00:00:00,2025-11-05T18:07:00,RIT,BING,1239,20,69.0,81.0,2025-11-05T20:46:29,F,0.0,0.0,,,,,60069253,60001239,60000020,,,,,,,,,,,Scrambled,True,2025-11-05T19:55:38,,,,,ESPN+,False,,,,,2025-11-05T23:07:00,1435.0,"{'StadiumID': 52, 'Active': True, 'Name': 'Events Center (Binghamton)', 'Address': None, 'City': 'Binghamton', 'State': 'NY', 'Zip': None, 'Country': None, 'Capacity': 4923, 'GeoLat': 42.093333, 'GeoLong': -75.971944}","[{'PeriodID': 116389, 'GameID': 69253, 'Number': 1, 'Name': '1', 'Type': 'Half', 'AwayScore': 33, 'HomeScore': 42}, {'PeriodID': 116407, 'GameID': 69253, 'Number': 2, 'Name': '2', 'Type': 'Half', 'AwayScore': 35, 'HomeScore': 39}]"
5,69582,2026,1,Final,2025-11-05T00:00:00,2025-11-05T18:30:00,COPPST,LASAL,200,57,72.0,106.0,2025-11-06T00:22:57,F,0.0,0.0,-22.0,170.7,1425.0,-3305.0,60069582,60000200,60000057,,,,,,,,,,,Scrambled,True,2025-11-05T20:38:00,375305.0,375304.0,,,ESPN+,False,-138.0,-135.0,-136.0,-137.0,2025-11-05T23:30:00,1587.0,"{'StadiumID': 616, 'Active': True, 'Name': 'John Glaser Arena', 'Address': None, 'City': 'Philadelphia', 'State': 'PA', 'Zip': None, 'Country': None, 'Capacity': None, 'GeoLat': None, 'GeoLong': None}","[{'PeriodID': 116390, 'GameID': 69582, 'Number': 1, 'Name': '1', 'Type': 'Half', 'AwayScore': 28, 'HomeScore': 58}, {'PeriodID': 116410, 'GameID': 69582, 'Number': 2, 'Name': '2', 'Type': 'Half', 'AwayScore': 44, 'HomeScore': 49}]"
6,69704,2026,1,Final,2025-11-05T00:00:00,2025-11-05T22:30:00,EWASH,LOYMRY,70,343,76.0,86.0,2025-11-06T01:09:18,F,0.0,0.0,-11.6,187.9,460.0,-640.0,60069704,60000070,60000343,,,,,,,,,,,Scrambled,True,2025-11-06T00:39:32,793.0,792.0,,,ESPN+,False,-135.0,-136.0,-136.0,-137.0,2025-11-06T03:30:00,892.0,"{'StadiumID': 257, 'Active': True, 'Name': 'Gersten Pavilion', 'Address': None, 'City': 'Los Angeles', 'State': 'CA', 'Zip': None, 'Country': None, 'Capacity': 4156, 'GeoLat': 33.9675, 'GeoLong': -118.415556}","[{'PeriodID': 116451, 'GameID': 69704, 'Number': 1, 'Name': '1', 'Type': 'Half', 'AwayScore': 35, 'HomeScore': 39}, {'PeriodID': 116454, 'GameID': 69704, 'Number': 2, 'Name': '2', 'Type': 'Half', 'AwayScore': 40, 'HomeScore': 47}]"
7,69705,2026,1,Final,2025-11-05T00:00:00,2025-11-05T19:00:00,CCAR,MERC,674,284,76.0,124.0,2025-11-06T00:22:57,F,0.0,0.0,,,,,60069705,60000674,60000284,,,,,,,,,,,Scrambled,True,2025-11-05T20:47:28,,,,,ESPN+,False,,,,,2025-11-06T00:00:00,825.0,"{'StadiumID': 236, 'Active': True, 'Name': 'Hawkins Arena', 'Address': None, 'City': 'Macon', 'State': 'GA', 'Zip': None, 'Country': None, 'Capacity': 3500, 'GeoLat': 32.829722, 'GeoLong': -83.651944}","[{'PeriodID': 116397, 'GameID': 69705, 'Number': 1, 'Name': '1', 'Type': 'Half', 'AwayScore': 34, 'HomeScore': 69}, {'PeriodID': 116419, 'GameID': 69705, 'Number': 2, 'Name': '2', 'Type': 'Half', 'AwayScore': 42, 'HomeScore': 55}]"
8,69706,2026,1,Final,2025-11-05T00:00:00,2025-11-05T21:00:00,NAL,MSPST,396,278,76.0,105.0,2025-11-06T00:22:57,F,0.0,0.0,-30.0,185.4,2220.0,-9442.0,60069706,60000396,60000278,,,,,,,,,,,Scrambled,True,2025-11-05T23:04:12,375318.0,375316.0,,,SECN,False,-133.0,-138.0,-136.0,-136.0,2025-11-06T02:00:00,9060.0,"{'StadiumID': 108, 'Active': True, 'Name': 'Humphrey Coliseum', 'Address': None, 'City': 'Starkville', 'State': 'MS', 'Zip': None, 'Country': None, 'Capacity': 10575, 'GeoLat': 33.461667, 'GeoLong': -88.794444}","[{'PeriodID': 116437, 'GameID': 69706, 'Number': 1, 'Name': '1', 'Type': 'Half', 'AwayScore': 45, 'HomeScore': 47}, {'PeriodID': 116449, 'GameID': 69706, 'Number': 2, 'Name': '2', 'Type': 'Half', 'AwayScore': 31, 'HomeScore': 59}]"
9,69707,2026,1,Final,2025-11-05T00:00:00,2025-11-05T19:00:00,MDES,GA,193,272,35.0,115.0,2025-11-06T00:22:57,F,0.0,0.0,-42.2,174.4,7895.0,-36720.0,60069707,60000193,60000272,,,,,,,,,,,Scrambled,True,2025-11-05T21:02:46,375310.0,375309.0,,,SEC,False,-136.0,-136.0,-135.0,-138.0,2025-11-06T00:00:00,5595.0,"{'StadiumID': 134, 'Active': True, 'Name': 'Stegeman Coliseum', 'Address': None, 'City': 'Athens', 'State': 'GA', 'Zip': None, 'Country': None, 'Capacity': 10523, 'GeoLat': 33.9428, 'GeoLong': -83.378}","[{'PeriodID': 116394, 'GameID': 69707, 'Number': 1, 'Name': '1', 'Type': 'Half', 'AwayScore': 21, 'HomeScore': 53}, {'PeriodID': 116429, 'GameID': 69707, 'Number': 2, 'Name': '2', 'Type': 'Half', 'AwayScore': 15, 'HomeScore': 62}]"
10,69708,2026,1,Final,2025-11-05T00:00:00,2025-11-05T20:00:00,SOUTH,MARQ,305,65,100.0,122.0,2025-11-06T00:22:57,F,0.0,0.0,-30.0,189.7,2430.0,-11890.0,60069708,60000305,60000065,,,,,,,,,,,Scrambled,True,2025-11-05T22:05:45,375313.0,375311.0,,,ESPN+,False,-132.0,-140.0,-138.0,-135.0,2025-11-06T01:00:00,13002.0,"{'StadiumID': 74, 'Active': True, 'Name': 'Fiserv Forum', 'Address': None, 'City': 'Milwaukee', 'State': 'WI', 'Zip': None, 'Country': None, 'Capacity': 17341, 'GeoLat': 43.045028, 'GeoLong': -87.918167}","[{'PeriodID': 116420, 'GameID': 69708, 'Number': 1, 'Name': '1', 'Type': 'Half', 'AwayScore': 45, 'HomeScore': 53}, {'PeriodID': 116440, 'GameID': 69708, 'Number': 2, 'Name': '2', 'Type': 'Half', 'AwayScore': 55, 'HomeScore': 70}]"
11,69709,2026,1,Final,2025-11-05T00:00:00,2025-11-05T11:30:00,MILLIG,MTNST,464,135,62.0,122.0,2025-11-05T13:32:17,F,0.0,0.0,,,,,60069709,60000464,60000135,,,,,,,,,,,Scrambled,True,2025-11-05T13:18:29,,,,,ESPN+,False,,,,,2025-11-05T16:30:00,7813.0,"{'StadiumID': 324, 'Active': True, 'Name': 'Murphy Athletic Center', 'Address': None, 'City': 'Murfreesboro', 'State': 'TN', 'Zip': None, 'Country': None, 'Capacity': 11520, 'GeoLat': 35.852467, 'GeoLong': -86.369803}","[{'PeriodID': 116381, 'GameID': 69709, 'Number': 1, 'Name': '1', 'Type': 'Half', 'AwayScore': 32, 'HomeScore': 59}, {'PeriodID': 116382, 'GameID': 69709, 'Number': 2, 'Name': '2', 'Type': 'Half', 'AwayScore': 31, 'HomeScore': 64}]"
12,69710,2026,1,Final,2025-11-05T00:00:00,2025-11-05T19:00:00,LCHB,QUEEN,1214,962,93.0,106.0,2025-11-05T21:34:51,F,0.0,0.0,,,,,60069710,60001214,60000962,,,,,,,,,,,Scrambled,True,2025-11-05T21:23:56,,,,,ESPN+,False,,,,,2025-11-06T00:00:00,,"{'StadiumID': 538, 'Active': True, 'Name': 'Curry Arena', 'Address': None, 'City': 'Charlotte', 'State': 'NC', 'Zip': None, 'Country': None, 'Capacity': 2500, 'GeoLat': None, 'GeoLong': None}","[{'PeriodID': 116403, 'GameID': 69710, 'Number': 1, 'Name': '1', 'Type': 'Half', 'AwayScore': 44, 'HomeScore': 40}, {'PeriodID': 116411, 'GameID': 69710, 'Number': 2, 'Name': '2', 'Type': 'Half', 'AwayScore': 49, 'HomeScore': 66}]"
13,70339,2026,1,Final,2025-11-05T00:00:00,2025-11-05T21:00:00,BETH,DXST,412,750,80.0,135.0,2025-11-06T00:22:57,F,0.0,0.0,,,,,60070339,60000412,60000750,,,,,,,,,,,Scrambled,True,2025-11-05T22:58:21,,,,,ESPN+,False,,,,,2025-11-06T02:00:00,1575.0,"{'StadiumID': 482, 'Active': True, 'Name': 'Burns Arena', 'Address': None, 'City': 'St. George', 'State': 'UT', 'Zip': None, 'Country': None, 'Capacity': 4779, 'GeoLat': 37.101389, 'GeoLong': -113.566944}","[{'PeriodID': 116430, 'GameID': 70339, 'Number': 1, 'Name': '1', 'Type': 'Half', 'AwayScore': 44, 'HomeScore': 62}, {'PeriodID': 116444, 'GameID': 70339, 'Number': 2, 'Name': '2', 'Type': 'Half', 'AwayScore': 35, 'HomeScore': 72}]"
14,70340,2026,1,Final,2025-11-05T00:00:00,2025-11-05T22:00:00,LIFE,PACFC,460,339,69.0,102.0,2025-11-06T00:22:57,F,0.0,0.0,,,,,60070340,60000460,60000339,,,,,,,,,,,Scrambled,True,2025-11-05T23:53:05,,,,,ESPN+,False,,,,,2025-11-06T03:00:00,1447.0,"{'StadiumID': 261, 'Active': True, 'Name': 'Alex G. Spanos Center', 'Address': None, 'City': 'Stockton', 'State': 'CA', 'Zip': None, 'Country': None, 'Capacity': 6150, 'GeoLat': 37.976669, 'GeoLong': -121.315095}","[{'PeriodID': 116446, 'GameID': 70340, 'Number': 1, 'Name': '1', 'Type': 'Half', 'AwayScore': 35, 'HomeScore': 50}, {'PeriodID': 116453, 'GameID': 70340, 'Number': 2, 'Name': '2', 'Type': 'Half', 'AwayScore': 33, 'HomeScore': 51}]"
15,70631,2026,1,Final,2025-11-05T00:00:00,2025-11-05T21:00:00,NWIN,MONST,1232,74,54.0,140.0,2025-11-06T00:22:57,F,0.0,0.0,,,,,60070631,60001232,60000074,,,,,,,,,,,Scrambled,True,2025-11-05T22:35:37,,,,,ESPN+,False,,,,,2025-11-06T02:00:00,2262.0,"{'StadiumID': 73, 'Active': True, 'Name': 'Brick Breeden Fieldhouse ', 'Address': None, 'City': 'Bozeman', 'State': 'MT', 'Zip': None, 'Country': None, 'Capacity': 6772, 'GeoLat': 45.6633, 'GeoLong': -111.0506}","[{'PeriodID': 116432, 'GameID': 70631, 'Number': 1, 'Name': '1', 'Type': 'Half', 'AwayScore': 26, 'HomeScore': 66}, {'PeriodID': 116442, 'GameID': 70631, 'Number': 2, 'Name': '2', 'Type': 'Half', 'AwayScore': 28, 'HomeScore': 73}]"
16,70866,2026,1,Final,2025-11-05T00:00:00,2025-11-05T21:00:00,NDKST,UCDV,318,118,83.0,98.0,2025-11-05T23:14:28,F,0.0,0.0,-2.4,175.6,136.0,-165.0,60070866,60000318,60000118,,,,,,,,,,,Scrambled,True,2025-11-05T23:08:47,791.0,789.0,,,ESPN+,False,-135.0,-137.0,-135.0,-138.0,2025-11-06T02:00:00,,"{'StadiumID': 80, 'Active': True, 'Name': 'University Credit Union Center', 'Address': None, 'City': 'Davis', 'State': 'CA', 'Zip': None, 'Country': None, 'Capacity': 6003, 'GeoLat': 38.541667, 'GeoLong': -121.759444}","[{'PeriodID': 116434, 'GameID': 70866, 'Number': 1, 'Name': '1', 'Type': 'Half', 'AwayScore': 32, 'HomeScore': 32}, {'PeriodID': 116448, 'GameID': 70866, 'Number': 2, 'Name': '2', 'Type': 'Half', 'AwayScore': 51, 'HomeScore': 66}]"
17,70925,2026,1,Final,2025-11-05T00:00:00,2025-11-05T19:00:00,BAC,ELON,958,130,62.0,121.0,2025-11-06T00:22:57,F,0.0,0.0,,,,,60070925,60000958,60000130,,,,,,,,,,,Scrambled,True,2025-11-05T20:51:44,,,,,FloC,False,,,,,2025-11-06T00:00:00,1344.0,"{'StadiumID': 329, 'Active': True, 'Name': 'Schar Center', 'Address': None, 'City': 'Elon', 'State': 'NC', 'Zip': None, 'Country': None, 'Capacity': 5100, 'GeoLat': 36.106998, 'GeoLong': -79.509392}","[{'PeriodID': 116404, 'GameID': 70925, 'Number': 1, 'Name': '1', 'Type': 'Half', 'AwayScore': 29, 'HomeScore': 78}, {'PeriodID': 116424, 'GameID': 70925, 'Number': 2, 'Name': '2', 'Type': 'Half', 'AwayScore': 33, 'HomeScore': 43}]"
18,70926,2026,1,Final,2025-11-05T00:00:00,2025-11-05T20:00:00,TARL,LSU,1024,269,73.0,118.0,2025-11-06T00:22:57,F,0.0,0.0,-19.6,181.8,1075.0,-2039.0,60070926,60001024,60000269,,,,,,,,,,,Scrambled,True,2025-11-05T22:08:20,788.0,787.0,,,SEC,False,-140.0,-133.0,-137.0,-135.0,2025-11-06T01:00:00,6252.0,"{'StadiumID': 110, 'Active': True, 'Name': 'Pete Maravich Assembly Center', 'Address': None, 'City': 'Baton Rouge', 'State': 'LA', 'Zip': None, 'Country': None, 'Capacity': 13215, 'GeoLat': 30.4142, 'GeoLong': -91.1845}","[{'PeriodID': 116414, 'GameID': 70926, 'Number': 1, 'Name': '1', 'Type': 'Half', 'AwayScore': 38, 'HomeScore': 58}, {'PeriodID': 116439, 'GameID': 70926, 'Number': 2, 'Name': '2', 'Type': 'Half', 'AwayScore': 35, 'HomeScore': 60}]"
19,70927,2026,1,Canceled,2025-11-05T00:00:00,2025-11-05T18:00:00,BLUE,PRESB,929,89,,,2025-10-31T20:40:41,,,,,,,,60070927,60000929,60000089,,,,,,,,,,,Scrambled,False,,,,,,,False,,,,,2025-11-05T23:00:00,,"{'StadiumID': 301, 'Active': True, 'Name': 'Ross E. Templeton P.E. Center', 'Address': None, 'City': 'Clinton', 'State': 'SC', 'Zip': None, 'Country': None, 'Capacity': 2500, 'GeoLat': 34.465, 'GeoLong': -81.869}",[]
20,70928,2026,1,Final,2025-11-05T00:00:00,2025-11-05T19:00:00,DELST,TEMPL,201,2,80.0,102.0,2025-11-06T00:22:57,F,0.0,0.0,-20.8,189.1,1279.0,-2760.0,60070928,60000201,60000002,,,,,,,,,,,Scrambled,True,2025-11-05T20:56:55,375308.0,375307.0,,,ESPN+,False,-136.0,-136.0,-137.0,-136.0,2025-11-06T00:00:00,3637.0,"{'StadiumID': 45, 'Active': True, 'Name': 'Liacouras Center', 'Address': None, 'City': 'Philadelphia', 'State': 'PA', 'Zip': None, 'Country': None, 'Capacity': 10206, 'GeoLat': 39.979722, 'GeoLong': -75.158611}","[{'PeriodID': 116398, 'GameID': 70928, 'Number': 1, 'Name': '1', 'Type': 'Half', 'AwayScore': 33, 'HomeScore': 43}, {'PeriodID': 116416, 'GameID': 70928, 'Number': 2, 'Name': '2', 'Type': 'Half', 'AwayScore': 47, 'HomeScore': 59}]"
21,70929,2026,1,Final,2025-11-05T00:00:00,2025-11-05T18:30:00,CARO,APPLST,1038,331,56.0,113.0,2025-11-06T00:22:57,F,0.0,0.0,,,,,60070929,60001038,60000331,,,,,,,,,,,Scrambled,True,2025-11-05T20:25:45,,,,,ESPN+,False,,,,,2025-11-05T23:30:00,1522.0,"{'StadiumID': 348, 'Active': True, 'Name': 'Holmes Convocation Center', 'Address': None, 'City': 'Boone', 'State': 'NC', 'Zip': None, 'Country': None, 'Capacity': 8325, 'GeoLat': 36.210624, 'GeoLong': -81.675952}","[{'PeriodID': 116391, 'GameID': 70929, 'Number': 1, 'Name': '1', 'Type': 'Half', 'AwayScore': 23, 'HomeScore': 65}, {'PeriodID': 116409, 'GameID': 70929, 'Number': 2, 'Name': '2', 'Type': 'Half', 'AwayScore': 33, 'HomeScore': 48}]"
22,70930,2026,1,Final,2025-11-05T00:00:00,2025-11-05T19:00:00,DALCRU,PVAM,1372,313,65.0,115.0,2025-11-06T00:22:57,F,0.0,0.0,,,,,60070930,60001372,60000313,,,,,,,,,,,Scrambled,True,2025-11-05T20:42:57,,,,,,False,,,,,2025-11-06T00:00:00,626.0,"{'StadiumID': 417, 'Active': True, 'Name': 'William Nicks Building', 'Address': None, 'City': 'Prairie View', 'State': 'TX', 'Zip': None, 'Country': None, 'Capacity': 3500, 'GeoLat': 30.092278, 'GeoLong': -95.993083}","[{'PeriodID': 116392, 'GameID': 70930, 'Number': 1, 'Name': '1', 'Type': 'Half', 'AwayScore': 29, 'HomeScore': 53}, {'PeriodID': 116412, 'GameID': 70930, 'Number': 2, 'Name': '2', 'Type': 'Half', 'AwayScore': 35, 'HomeScore': 62}]"
23,70931,2026,1,Final,2025-11-05T00:00:00,2025-11-05T19:00:00,PLATT,VERM,1342,15,76.0,138.0,2025-11-06T00:22:57,F,0.0,0.0,,,,,60070931,60001342,60000015,,,,,,,,,,,Scrambled,True,2025-11-05T20:52:19,,,,,ESPN+,False,,,,,2025-11-06T00:00:00,1732.0,"{'StadiumID': 252, 'Active': True, 'Name': 'Patrick Gymnasium', 'Address': None, 'City': 'Burlington', 'State': 'VT', 'Zip': None, 'Country': None, 'Capacity': 3266, 'GeoLat': 44.470264, 'GeoLong': -73.194705}","[{'PeriodID': 116400, 'GameID': 70931, 'Number': 1, 'Name': '1', 'Type': 'Half', 'AwayScore': 38, 'HomeScore': 54}, {'PeriodID': 116421, 'GameID': 70931, 'Number': 2, 'Name': '2', 'Type': 'Half', 'AwayScore': 38, 'HomeScore': 84}]"
24,70932,2026,1,Final,2025-11-05T00:00:00,2025-11-05T20:00:00,TAMSA,TXST,1398,332,67.0,140.0,2025-11-05T22:08:03,F,0.0,0.0,,,,,60070932,60001398,60000332,,,,,,,,,,,Scrambled,True,2025-11-05T22:00:42,,,,,ESPN+,False,,,,,2025-11-06T01:00:00,,"{'StadiumID': 131, 'Active': True, 'Name': 'Strahan Arena at the University Events Center', 'Address': None, 'City': 'San Marcos', 'State': 'TX', 'Zip': None, 'Country': None, 'Capacity': 10000, 'GeoLat': 29.888611, 'GeoLong': -97.932778}","[{'PeriodID': 116415, 'GameID': 70932, 'Number': 1, 'Name': '1', 'Type': 'Half', 'AwayScore': 31, 'HomeScore': 65}, {'PeriodID': 116433, 'GameID': 70932, 'Number': 2, 'Name': '2', 'Type': 'Half', 'AwayScore': 37, 'HomeScore': 75}]"
25,70933,2026,1,Final,2025-11-05T00:00:00,2025-11-05T20:00:00,ALAAM,IND,309,93,62.0,120.0,2025-11-06T00:22:57,F,0.0,0.0,-37.3,179.9,4814.0,-14076.0,60070933,60000309,60000093,,,,,,,,,,,Scrambled,True,2025-11-05T22:00:11,375315.0,375314.0,,,BTN,False,-140.0,-131.0,-136.0,-136.0,2025-11-06T01:00:00,17222.0,"{'StadiumID': 130, 'Active': True, 'Name': 'Simon Skjodt Assembly Hall', 'Address': '1001 E 17th Street', 'City': 'Bloomington', 'State': 'IN', 'Zip': '47408', 'Country': 'USA', 'Capacity': 17222, 'GeoLat': 39.180833, 'GeoLong': -86.522222}","[{'PeriodID': 116423, 'GameID': 70933, 'Number': 1, 'Name': '1', 'Type': 'Half', 'AwayScore': 27, 'HomeScore': 71}, {'PeriodID': 116441, 'GameID': 70933, 'Number': 2, 'Name': '2', 'Type': 'Half', 'AwayScore': 35, 'HomeScore': 49}]"
26,70934,2026,1,Final,2025-11-05T00:00:00,2025-11-05T21:00:00,SCUP,FREST,43,213,82.0,81.0,2025-11-06T00:22:57,F,0.0,0.0,-11.6,201.3,475.0,-689.0,60070934,60000043,60000213,,,,,,,,,,,Scrambled,True,2025-11-05T23:19:54,375320.0,375319.0,,,MWN,False,-133.0,-137.0,-136.0,-136.0,2025-11-06T02:00:00,2722.0,"{'StadiumID': 314, 'Active': True, 'Name': 'Save Mart Center', 'Address': None, 'City': 'Fresno', 'State': 'CA', 'Zip': None, 'Country': None, 'Capacity': 15596, 'GeoLat': 36.809722, 'GeoLong': -119.738611}","[{'PeriodID': 116438, 'GameID': 70934, 'Number': 1, 'Name': '1', 'Type': 'Half', 'AwayScore': 31, 'HomeScore': 44}, {'PeriodID': 116450, 'GameID': 70934, 'Number': 2, 'Name': '2', 'Type': 'Half', 'AwayScore': 51, 'HomeScore': 37}]"
27,71603,2026,1,Final,2025-11-05T00:00:00,2025-11-05T21:00:00,OTAZ,MONT,870,68,48.0,89.0,2025-11-06T00:22:57,F,0.0,0.0,,,,,60071603,60000870,60000068,,,,,,,,,,,Scrambled,True,2025-11-05T22:56:52,,,,,ESPN+,False,,,,,2025-11-06T02:00:00,2169.0,"{'StadiumID': 136, 'Active': True, 'Name': 'Dahlberg Arena', 'Address': None, 'City': 'Missoula', 'State': 'MT', 'Zip': None, 'Country': None, 'Capacity': 7322, 'GeoLat': 46.864, 'GeoLong': -113.983}","[{'PeriodID': 116431, 'GameID': 71603, 'Number': 1, 'Name': '1', 'Type': 'Half', 'AwayScore': 23, 'HomeScore': 39}, {'PeriodID': 116445, 'GameID': 71603, 'Number': 2, 'Name': '2', 'Type': 'Half', 'AwayScore': 24, 'HomeScore': 50}]"
28,71957,2026,1,Final,2025-11-05T00:00:00,2025-11-05T19:00:00,REGEN,NORFST,417,191,67.0,146.0,2025-11-06T00:22:57,F,0.0,0.0,,,,,60071957,60000417,60000191,,,,,,,,,,,Scrambled,True,2025-11-05T20:42:55,,,,,,False,,,,,2025-11-06T00:00:00,1737.0,"{'StadiumID': 289, 'Active': True, 'Name': 'Echols Hall', 'Address': None, 'City': 'Norfolk', 'State': 'VA', 'Zip': None, 'Country': None, 'Capacity': 4500, 'GeoLat': 36.847999, 'GeoLong': -76.258157}","[{'PeriodID': 116393, 'GameID': 71957, 'Number': 1, 'Name': '1', 'Type': 'Half', 'AwayScore': 35, 'HomeScore': 76}, {'PeriodID': 116413, 'GameID': 71957, 'Number': 2, 'Name': '2', 'Type': 'Half', 'AwayScore': 32, 'HomeScore': 70}]"
29,72028,2026,1,Final,2025-11-05T00:00:00,2025-11-05T19:00:00,DICKPA,LAFAY,1417,266,54.0,97.0,2025-11-06T00:22:57,F,0.0,0.0,,,,,60072028,60001417,60000266,,,,,,,,,,,Scrambled,True,2025-11-05T20:48:59,,,,,ESPN+,False,,,,,2025-11-06T00:00:00,1078.0,"{'StadiumID': 302, 'Active': True, 'Name': 'Kirby Sports Center', 'Address': None, 'City': 'Easton', 'State': 'PA', 'Zip': None, 'Country': None, 'Capacity': 2644, 'GeoLat': 40.7019, 'GeoLong': -75.2107}","[{'PeriodID': 116396, 'GameID': 72028, 'Number': 1, 'Name': '1', 'Type': 'Half', 'AwayScore': 32, 'HomeScore': 53}, {'PeriodID': 116426, 'GameID': 72028, 'Number': 2, 'Name': '2', 'Type': 'Half', 'AwayScore': 22, 'HomeScore': 44}]"
30,72029,2026,1,Final,2025-11-05T00:00:00,2025-11-05T19:00:00,WSLEE,JMAD,1340,126,69.0,86.0,2025-11-06T00:22:57,F,0.0,0.0,,,,,60072029,60001340,60000126,,,,,,,,,,,Scrambled,True,2025-11-05T20:47:42,,,,,ESPN+,False,,,,,2025-11-06T00:00:00,3394.0,"{'StadiumID': 486, 'Active': True, 'Name': 'Atlantic Union Bank Center', 'Address': None, 'City': 'Harrisonburg', 'State': 'VA', 'Zip': None, 'Country': None, 'Capacity': 8500, 'GeoLat': 38.430437, 'GeoLong': -78.859574}","[{'PeriodID': 116401, 'GameID': 72029, 'Number': 1, 'Name': '1', 'Type': 'Half', 'AwayScore': 37, 'HomeScore': 47}, {'PeriodID': 116418, 'GameID': 72029, 'Number': 2, 'Name': '2', 'Type': 'Half', 'AwayScore': 32, 'HomeScore': 39}]"
31,72348,2026,1,Final,2025-11-05T00:00:00,2025-11-05T21:00:00,TXAMC,NMX,392,214,66.0,93.0,2025-11-06T00:22:57,F,0.0,0.0,-27.5,176.3,2115.0,-8533.0,60072348,60000392,60000214,,,,,,,,,,,Scrambled,True,2025-11-05T22:56:55,375322.0,375321.0,,,MWN,False,-138.0,-133.0,-137.0,-135.0,2025-11-06T02:00:00,10726.0,"{'StadiumID': 208, 'Active': True, 'Name': 'The Pit', 'Address': None, 'City': 'Albuquerque', 'State': 'NM', 'Zip': None, 'Country': None, 'Capacity': 15411, 'GeoLat': 35.067, 'GeoLong': -106.632}","[{'PeriodID': 116436, 'GameID': 72348, 'Number': 1, 'Name': '1', 'Type': 'Half', 'AwayScore': 17, 'HomeScore': 42}, {'PeriodID': 116447, 'GameID': 72348, 'Number': 2, 'Name': '2', 'Type': 'Half', 'AwayScore': 49, 'HomeScore': 51}]"
32,72349,2026,1,Final,2025-11-05T00:00:00,2025-11-05T19:00:00,MISSW,MSVLST,1281,308,75.0,119.0,2025-11-06T00:22:57,F,0.0,0.0,,,,,60072349,60001281,60000308,,,,,,,,,,,Scrambled,True,2025-11-05T20:48:04,,,,,SWAC,False,,,,,2025-11-06T00:00:00,286.0,"{'StadiumID': 238, 'Active': True, 'Name': 'Harrison HPER Complex', 'Address': None, 'City': 'Itta Bena', 'State': 'MS', 'Zip': None, 'Country': None, 'Capacity': 5000, 'GeoLat': 33.51406, 'GeoLong': -90.189362}","[{'PeriodID': 116406, 'GameID': 72349, 'Number': 1, 'Name': '1', 'Type': 'Half', 'AwayScore': 33, 'HomeScore': 49}, {'PeriodID': 116422, 'GameID': 72349, 'Number': 2, 'Name': '2', 'Type': 'Half', 'AwayScore': 42, 'HomeScore': 70}]"
33,72486,2026,1,Final,2025-11-05T00:00:00,2025-11-05T22:00:00,PLL,CALPOL,904,122,97.0,124.0,2025-11-06T00:22:57,F,0.0,0.0,,,,,60072486,60000904,60000122,,,,,,,,,,,Scrambled,True,2025-11-05T23:58:01,,,,,ESPN+,False,,,,,2025-11-06T03:00:00,709.0,"{'StadiumID': 366, 'Active': True, 'Name': 'Mott Athletics Center', 'Address': None, 'City': 'San Luis Obispo', 'State': 'CA', 'Zip': None, 'Country': None, 'Capacity': 3032, 'GeoLat': 35.29886, 'GeoLong': -120.65855}","[{'PeriodID': 116443, 'GameID': 72486, 'Number': 1, 'Name': '1', 'Type': 'Half', 'AwayScore': 44, 'HomeScore': 50}, {'PeriodID': 116452, 'GameID': 72486, 'Number': 2, 'Name': '2', 'Type': 'Half', 'AwayScore': 53, 'HomeScore': 73}]"
34,72615,2026,1,Final,2025-11-05T00:00:00,2025-11-05T19:00:00,BIBL,UTSA,1366,147,37.0,119.0,2025-11-06T00:22:57,F,0.0,0.0,,,,,60072615,60001366,60000147,,,,,,,,,,,Scrambled,True,2025-11-05T20:56:55,,,,,ESPN+,False,,,,,2025-11-06T00:00:00,748.0,"{'StadiumID': 193, 'Active': True, 'Name': 'UTSA Convocation Center', 'Address': None, 'City': 'San Antonio', 'State': 'TX', 'Zip': None, 'Country': None, 'Capacity': 2650, 'GeoLat': 29.582222, 'GeoLong': -98.621389}","[{'PeriodID': 116399, 'GameID': 72615, 'Number': 1, 'Name': '1', 'Type': 'Half', 'AwayScore': 22, 'HomeScore': 69}, {'PeriodID': 116428, 'GameID': 72615, 'Number': 2, 'Name': '2', 'Type': 'Half', 'AwayScore': 15, 'HomeScore': 50}]"
35,72727,2026,1,Final,2025-11-05T00:00:00,2025-11-05T18:00:00,BCRR,PRESB,1048,89,93.0,129.0,2025-11-05T20:46:29,F,0.0,0.0,,,,,60072727,60001048,60000089,,,,,,,,,,,Scrambled,True,2025-11-05T19:58:16,,,,,ESPN+,False,,,,,2025-11-05T23:00:00,353.0,"{'StadiumID': 301, 'Active': True, 'Name': 'Ross E. Templeton P.E. Center', 'Address': None, 'City': 'Clinton', 'State': 'SC', 'Zip': None, 'Country': None, 'Capacity': 2500, 'GeoLat': 34.465, 'GeoLong': -81.869}","[{'PeriodID': 116388, 'GameID': 72727, 'Number': 1, 'Name': '1', 'Type': 'Half', 'AwayScore': 48, 'HomeScore': 60}, {'PeriodID': 116402, 'GameID': 72727, 'Number': 2, 'Name': '2', 'Type': 'Half', 'AwayScore': 45, 'HomeScore': 69}]"
0,68287,2026,1,Final,2025-11-04T00:00:00,2025-11-04T19:00:00,MSTM,WVIR,226,107,72.0,94.0,2025-11-05T00:19:02,F,0.0,0.0,-26.1,180.8,1664.0,-4000.0,60068287,60000226,60000107,,,,,,,,,,,Scrambled,True,2025-11-04T21:16:34,809.0,807.0,,,ESPN+,False,-143.0,-153.0,-153.0,-146.0,2025-11-05T00:00:00,10081.0,"{'StadiumID': 106, 'Active': True, 'Name': 'WVU Coliseum', 'Address': None, 'City': 'Morgantown', 'State': 'WV', 'Zip': None, 'Country': None, 'Capacity': 14000, 'GeoLat': 39.649167, 'GeoLong': -79.981111}","[{'PeriodID': 116314, 'GameID': 68287, 'Number': 1, 'Name': '1', 'Type': 'Half', 'AwayScore': 39, 'HomeScore': 47}, {'PeriodID': 116345, 'GameID': 68287, 'Number': 2, 'Name': '2', 'Type': 'Half', 'AwayScore': 33, 'HomeScore': 47}]"
1,68288,2026,1,Final,2025-11-04T00:00:00,2025-11-04T20:00:00,ORAL,OKST,320,113,95.0,127.0,2025-11-05T00:19:02,F,0.0,0.0,-28.1,222.9,1741.0,-5095.0,60068288,60000320,60000113,,,,,,,,,,,Scrambled,True,2025-11-04T22:16:01,819.0,818.0,,,ESPN+,False,-147.0,-151.0,-149.0,-149.0,2025-11-05T01:00:00,6211.0,"{'StadiumID': 216, 'Active': True, 'Name': 'Gallagher-Iba Arena', 'Address': None, 'City': 'Stillwater', 'State': 'OK', 'Zip': None, 'Country': None, 'Capacity': 13611, 'GeoLat': 36.125833, 'GeoLong': -97.065}","[{'PeriodID': 116329, 'GameID': 68288, 'Number': 1, 'Name': '1', 'Type': 'Half', 'AwayScore': 62, 'HomeScore': 67}, {'PeriodID': 116360, 'GameID': 68288, 'Number': 2, 'Name': '2', 'Type': 'Half', 'AwayScore': 33, 'HomeScore': 60}]"
2,68504,2026,1,Final,2025-11-04T00:00:00,2025-11-04T20:45:00,DUKE,TX,26,109,100.0,80.0,2025-11-05T00:19:02,F,0.0,0.0,14.1,205.5,-791.0,560.0,60068504,60000026,60000109,,,,,,,,,,,Scrambled,True,2025-11-04T23:14:24,829.0,830.0,,,ESPN,True,-149.0,-149.0,-147.0,-150.0,2025-11-05T01:45:00,12435.0,"{'StadiumID': 440, 'Active': True, 'Name': 'Spectrum Center', 'Address': None, 'City': 'Charlotte', 'State': 'NC', 'Zip': None, 'Country': None, 'Capacity': 19077, 'GeoLat': 35.225, 'GeoLong': -80.839167}","[{'PeriodID': 116348, 'GameID': 68504, 'Number': 1, 'Name': '1', 'Type': 'Half', 'AwayScore': 43, 'HomeScore': 44}, {'PeriodID': 116371, 'GameID': 68504, 'Number': 2, 'Name': '2', 'Type': 'Half', 'AwayScore': 58, 'HomeScore': 36}]"
3,68740,2026,1,Final,2025-11-04T00:00:00,2025-11-04T22:00:00,PORTST,STAN,76,254,106.0,119.0,2025-11-05T00:49:36,F,0.0,0.0,-14.7,194.2,640.0,-941.0,60068740,60000076,60000254,,,,,,,,,,,Scrambled,True,2025-11-05T00:25:08,836.0,834.0,,,ACC,False,-147.0,-151.0,-147.0,-151.0,2025-11-05T03:00:00,2300.0,"{'StadiumID': 79, 'Active': True, 'Name': 'Maples Pavilion', 'Address': None, 'City': 'Stanford', 'State': 'CA', 'Zip': None, 'Country': None, 'Capacity': 7233, 'GeoLat': 37.4296, 'GeoLong': -122.1605}","[{'PeriodID': 116364, 'GameID': 68740, 'Number': 1, 'Name': '1', 'Type': 'Half', 'AwayScore': 40, 'HomeScore': 50}, {'PeriodID': 116378, 'GameID': 68740, 'Number': 2, 'Name': '2', 'Type': 'Half', 'AwayScore': 66, 'HomeScore': 70}]"
4,69069,2026,1,Final,2025-11-04T00:00:00,2025-11-04T20:00:00,JAC,TXTECH,741,111,80.0,131.0,2025-11-05T00:19:02,F,0.0,0.0,-38.8,195.5,3615.0,-40170.0,60069069,60000741,60000111,,,,,,,,,,,Scrambled,True,2025-11-04T22:11:21,825.0,823.0,,,ESPN+,False,-147.0,-151.0,-146.0,-153.0,2025-11-05T01:00:00,8056.0,"{'StadiumID': 43, 'Active': True, 'Name': 'United Supermarkets Arena', 'Address': None, 'City': 'Lubbock', 'State': 'TX', 'Zip': None, 'Country': None, 'Capacity': 15098, 'GeoLat': 33.581261, 'GeoLong': -101.886636}","[{'PeriodID': 116333, 'GameID': 69069, 'Number': 1, 'Name': '1', 'Type': 'Half', 'AwayScore': 40, 'HomeScore': 78}, {'PeriodID': 116357, 'GameID': 69069, 'Number': 2, 'Name': '2', 'Type': 'Half', 'AwayScore': 40, 'HomeScore': 54}]"
5,69070,2026,1,Final,2025-11-04T00:00:00,2025-11-04T20:00:00,NCG,KANST,286,112,86.0,125.0,2025-11-05T00:19:02,F,0.0,0.0,-25.4,198.8,1522.0,-3247.0,60069070,60000286,60000112,,,,,,,,,,,Scrambled,True,2025-11-04T22:12:22,822.0,821.0,,,ESPN+,False,-150.0,-147.0,-151.0,-146.0,2025-11-05T01:00:00,7765.0,"{'StadiumID': 105, 'Active': True, 'Name': 'Bramlage Coliseum', 'Address': None, 'City': 'Manhattan', 'State': 'KS', 'Zip': None, 'Country': None, 'Capacity': 11000, 'GeoLat': 39.200361, 'GeoLong': -96.593833}","[{'PeriodID': 116331, 'GameID': 69070, 'Number': 1, 'Name': '1', 'Type': 'Half', 'AwayScore': 46, 'HomeScore': 44}, {'PeriodID': 116359, 'GameID': 69070, 'Number': 2, 'Name': '2', 'Type': 'Half', 'AwayScore': 40, 'HomeScore': 80}]"
6,69071,2026,1,Final,2025-11-04T00:00:00,2025-11-04T21:00:00,SUTAH,ARZST,78,255,86.0,108.0,2025-11-05T00:19:02,F,0.0,0.0,-23.4,202.9,1383.0,-2930.0,60069071,60000078,60000255,,,,,,,,,,,Scrambled,True,2025-11-04T23:03:04,833.0,832.0,,,ESPN+,False,-151.0,-143.0,-147.0,-151.0,2025-11-05T02:00:00,7513.0,"{'StadiumID': 137, 'Active': True, 'Name': 'Desert Financial Arena', 'Address': None, 'City': 'Tempe', 'State': 'AZ', 'Zip': None, 'Country': None, 'Capacity': 14198, 'GeoLat': 33.424524, 'GeoLong': -111.930948}","[{'PeriodID': 116349, 'GameID': 69071, 'Number': 1, 'Name': '1', 'Type': 'Half', 'AwayScore': 37, 'HomeScore': 54}, {'PeriodID': 116368, 'GameID': 69071, 'Number': 2, 'Name': '2', 'Type': 'Half', 'AwayScore': 48, 'HomeScore': 55}]"
7,69236,2026,1,Final,2025-11-04T00:00:00,2025-11-04T22:00:00,TMRT,UNLV,241,218,115.0,108.0,2025-11-05T00:49:36,F,0.0,0.0,-23.4,194.8,1375.0,-2796.0,60069236,60000241,60000218,,,,,,,,,,,Scrambled,True,2025-11-05T00:27:45,838.0,837.0,,,MWN,False,-150.0,-150.0,-153.0,-146.0,2025-11-05T03:00:00,5235.0,"{'StadiumID': 173, 'Active': True, 'Name': 'Thomas & Mack Center', 'Address': None, 'City': 'Las Vegas', 'State': 'NV', 'Zip': None, 'Country': None, 'Capacity': 18000, 'GeoLat': 36.105, 'GeoLong': -115.144167}","[{'PeriodID': 116366, 'GameID': 69236, 'Number': 1, 'Name': '1', 'Type': 'Half', 'AwayScore': 52, 'HomeScore': 58}, {'PeriodID': 116377, 'GameID': 69236, 'Number': 2, 'Name': '2', 'Type': 'Half', 'AwayScore': 63, 'HomeScore': 51}]"
8,69251,2026,1,Final,2025-11-04T00:00:00,2025-11-04T19:00:00,GAS,ECAR,329,9,119.0,123.0,2025-11-05T00:19:02,F,0.0,0.0,-8.0,202.2,279.0,-352.0,60069251,60000329,60000009,,,,,,,,,,,Scrambled,True,2025-11-04T21:20:06,811.0,810.0,,,ESPN+,False,-154.0,-145.0,-151.0,-147.0,2025-11-05T00:00:00,3259.0,"{'StadiumID': 46, 'Active': True, 'Name': 'Minges Coliseum', 'Address': None, 'City': 'Greenville', 'State': 'NC', 'Zip': None, 'Country': None, 'Capacity': 7100, 'GeoLat': 35.597391, 'GeoLong': -77.367167}","[{'PeriodID': 116321, 'GameID': 69251, 'Number': 1, 'Name': '1', 'Type': 'Half', 'AwayScore': 56, 'HomeScore': 59}, {'PeriodID': 116338, 'GameID': 69251, 'Number': 2, 'Name': '2', 'Type': 'Half', 'AwayScore': 63, 'HomeScore': 64}]"
9,69580,2026,1,Final,2025-11-04T00:00:00,2025-11-04T19:00:00,NJIT,FORDM,39,53,96.0,82.0,2025-11-05T00:19:02,F,0.0,0.0,-19.4,196.8,1004.0,-1774.0,60069580,60000039,60000053,,,,,,,,,,,Scrambled,True,2025-11-04T21:00:50,410556.0,410555.0,,,ESPN+,False,-150.0,-150.0,-150.0,-150.0,2025-11-05T00:00:00,1008.0,"{'StadiumID': 279, 'Active': True, 'Name': 'Rose Hill Gymnasium', 'Address': None, 'City': 'Bronx', 'State': 'NY', 'Zip': None, 'Country': None, 'Capacity': 3200, 'GeoLat': 40.862148, 'GeoLong': -73.883824}","[{'PeriodID': 116323, 'GameID': 69580, 'Number': 1, 'Name': '1', 'Type': 'Half', 'AwayScore': 50, 'HomeScore': 35}, {'PeriodID': 116334, 'GameID': 69580, 'Number': 2, 'Name': '2', 'Type': 'Half', 'AwayScore': 47, 'HomeScore': 47}]"
10,69581,2026,1,Final,2025-11-04T00:00:00,2025-11-04T20:00:00,EILL,VALP,239,148,84.0,88.0,2025-11-05T00:19:02,F,0.0,0.0,-8.7,192.8,292.0,-366.0,60069581,60000239,60000148,,,,,,,,,,,Scrambled,True,2025-11-04T22:15:29,817.0,815.0,,,ESPN+,False,-147.0,-151.0,-149.0,-150.0,2025-11-05T01:00:00,1095.0,"{'StadiumID': 256, 'Active': True, 'Name': 'Athletics-Recreation Center', 'Address': None, 'City': 'Valparaiso', 'State': 'IN', 'Zip': None, 'Country': None, 'Capacity': 5000, 'GeoLat': 41.464198, 'GeoLong': -87.048338}","[{'PeriodID': 116330, 'GameID': 69581, 'Number': 1, 'Name': '1', 'Type': 'Half', 'AwayScore': 33, 'HomeScore': 42}, {'PeriodID': 116358, 'GameID': 69581, 'Number': 2, 'Name': '2', 'Type': 'Half', 'AwayScore': 51, 'HomeScore': 47}]"
11,69700,2026,1,Final,2025-11-04T00:00:00,2025-11-04T20:30:00,ROBMS,IOWA,230,91,92.0,135.0,2025-11-05T00:19:02,F,0.0,0.0,-30.1,182.1,2365.0,-10861.0,60069700,60000230,60000091,,,,,,,,,,,Scrambled,True,2025-11-04T22:44:16,828.0,826.0,,,BTN,False,-153.0,-145.0,-150.0,-147.0,2025-11-05T01:30:00,9232.0,"{'StadiumID': 99, 'Active': True, 'Name': 'Carver-Hawkeye Arena', 'Address': None, 'City': 'Iowa City', 'State': 'IA', 'Zip': None, 'Country': None, 'Capacity': 15056, 'GeoLat': 41.663611, 'GeoLong': -91.554444}","[{'PeriodID': 116347, 'GameID': 69700, 'Number': 1, 'Name': '1', 'Type': 'Half', 'AwayScore': 35, 'HomeScore': 66}, {'PeriodID': 116361, 'GameID': 69700, 'Number': 2, 'Name': '2', 'Type': 'Half', 'AwayScore': 58, 'HomeScore': 70}]"
12,69701,2026,1,Final,2025-11-04T00:00:00,2025-11-04T20:00:00,MSOS,MSRST,1419,208,94.0,118.0,2025-11-05T00:19:02,F,0.0,0.0,,,,,60069701,60001419,60000208,,,,,,,,,,,Scrambled,True,2025-11-04T21:50:28,,,,,ESPN+,False,,,,,2025-11-05T01:00:00,1929.0,"{'StadiumID': 63, 'Active': True, 'Name': 'Great Southern Bank Arena', 'Address': None, 'City': 'Springfield', 'State': 'MO', 'Zip': None, 'Country': None, 'Capacity': 11000, 'GeoLat': 37.202047, 'GeoLong': -93.283058}","[{'PeriodID': 116335, 'GameID': 69701, 'Number': 1, 'Name': '1', 'Type': 'Half', 'AwayScore': 58, 'HomeScore': 54}, {'PeriodID': 116353, 'GameID': 69701, 'Number': 2, 'Name': '2', 'Type': 'Half', 'AwayScore': 36, 'HomeScore': 64}]"
13,69702,2026,1,Final,2025-11-04T00:00:00,2025-11-04T22:00:00,LBST,SDST,117,212,60.0,103.0,2025-11-05T00:49:36,F,0.0,0.0,-34.1,181.4,3348.0,-13390.0,60069702,60000117,60000212,,,,,,,,,,,Scrambled,True,2025-11-05T00:02:32,846.0,845.0,,,MWN,False,-147.0,-149.0,-153.0,-146.0,2025-11-05T03:00:00,11644.0,"{'StadiumID': 83, 'Active': True, 'Name': 'Viejas Arena', 'Address': None, 'City': 'San Diego', 'State': 'CA', 'Zip': None, 'Country': None, 'Capacity': 12414, 'GeoLat': 32.77375, 'GeoLong': -117.074583}","[{'PeriodID': 116370, 'GameID': 69702, 'Number': 1, 'Name': '1', 'Type': 'Half', 'AwayScore': 33, 'HomeScore': 54}, {'PeriodID': 116376, 'GameID': 69702, 'Number': 2, 'Name': '2', 'Type': 'Half', 'AwayScore': 27, 'HomeScore': 50}]"
14,69703,2026,1,Final,2025-11-04T00:00:00,2025-11-04T22:00:00,PUG,IDHST,1049,72,95.0,108.0,2025-11-05T00:19:02,F,0.0,0.0,,,,,60069703,60001049,60000072,,,,,,,,,,,Scrambled,True,2025-11-04T23:55:30,,,,,ESPN+,False,,,,,2025-11-05T03:00:00,1101.0,"{'StadiumID': 226, 'Active': True, 'Name': 'Reed Gym', 'Address': None, 'City': 'Pocatello', 'State': 'ID', 'Zip': None, 'Country': None, 'Capacity': 3040, 'GeoLat': 42.8645, 'GeoLong': -112.429}","[{'PeriodID': 116369, 'GameID': 69703, 'Number': 1, 'Name': '1', 'Type': 'Half', 'AwayScore': 55, 'HomeScore': 47}, {'PeriodID': 116375, 'GameID': 69703, 'Number': 2, 'Name': '2', 'Type': 'Half', 'AwayScore': 40, 'HomeScore': 62}]"
15,70203,2026,1,Final,2025-11-04T00:00:00,2025-11-04T19:00:00,USMMA,SACRED,1069,227,62.0,138.0,2025-11-05T00:19:02,F,0.0,0.0,,,,,60070203,60001069,60000227,,,,,,,,,,,Scrambled,True,2025-11-04T20:43:47,,,,,ESPN+,False,,,,,2025-11-05T00:00:00,966.0,"{'StadiumID': 288, 'Active': True, 'Name': 'William H. Pitt Center', 'Address': None, 'City': 'Fairfield', 'State': 'CT', 'Zip': None, 'Country': None, 'Capacity': 2062, 'GeoLat': 41.219439, 'GeoLong': -73.244628}","[{'PeriodID': 116320, 'GameID': 70203, 'Number': 1, 'Name': '1', 'Type': 'Half', 'AwayScore': 33, 'HomeScore': 60}, {'PeriodID': 116327, 'GameID': 70203, 'Number': 2, 'Name': '2', 'Type': 'Half', 'AwayScore': 28, 'HomeScore': 78}]"
16,70336,2026,1,Final,2025-11-04T00:00:00,2025-11-04T21:00:00,OCDN,SD,1262,342,79.0,118.0,2025-11-05T00:19:02,F,0.0,0.0,,,,,60070336,60001262,60000342,,,,,,,,,,,Scrambled,True,2025-11-04T22:41:03,,,,,ESPN+,False,,,,,2025-11-05T02:00:00,417.0,"{'StadiumID': 78, 'Active': True, 'Name': 'Jenny Craig Pavilion', 'Address': None, 'City': 'San Diego', 'State': 'CA', 'Zip': None, 'Country': None, 'Capacity': 5100, 'GeoLat': 32.7745, 'GeoLong': -117.1837}","[{'PeriodID': 116354, 'GameID': 70336, 'Number': 1, 'Name': '1', 'Type': 'Half', 'AwayScore': 37, 'HomeScore': 76}, {'PeriodID': 116363, 'GameID': 70336, 'Number': 2, 'Name': '2', 'Type': 'Half', 'AwayScore': 42, 'HomeScore': 42}]"
17,70337,2026,1,Final,2025-11-04T00:00:00,2025-11-04T19:00:00,IW,MANH,771,171,79.0,167.0,2025-11-05T00:19:02,F,0.0,0.0,,,,,60070337,60000771,60000171,,,,,,,,,,,Scrambled,True,2025-11-04T20:51:11,,,,,ESPN+,False,,,,,2025-11-05T00:00:00,717.0,"{'StadiumID': 68, 'Active': True, 'Name': 'Draddy Gymnasium', 'Address': None, 'City': 'Riverdale', 'State': 'NY', 'Zip': None, 'Country': None, 'Capacity': 2345, 'GeoLat': 40.89073, 'GeoLong': -73.900158}","[{'PeriodID': 116318, 'GameID': 70337, 'Number': 1, 'Name': '1', 'Type': 'Half', 'AwayScore': 36, 'HomeScore': 74}, {'PeriodID': 116341, 'GameID': 70337, 'Number': 2, 'Name': '2', 'Type': 'Half', 'AwayScore': 43, 'HomeScore': 94}]"
18,70338,2026,1,Final,2025-11-04T00:00:00,2025-11-04T22:00:00,CAPOLL,SANCLR,1487,341,71.0,111.0,2025-11-12T11:10:18,2,,,,,,,60070338,60001487,60000341,,,,,,,,,,,Scrambled,True,,,,,,ESPN+,False,,,,,2025-11-05T03:00:00,1116.0,"{'StadiumID': 139, 'Active': True, 'Name': 'Leavey Center', 'Address': None, 'City': 'Santa Clara', 'State': 'CA', 'Zip': None, 'Country': None, 'Capacity': 4200, 'GeoLat': 37.349111, 'GeoLong': -121.935303}","[{'PeriodID': 116385, 'GameID': 70338, 'Number': 1, 'Name': '1', 'Type': 'Half', 'AwayScore': 33, 'HomeScore': 60}, {'PeriodID': 116386, 'GameID': 70338, 'Number': 2, 'Name': '2', 'Type': 'Half', 'AwayScore': 37, 'HomeScore': 51}]"
19,70564,2026,1,Final,2025-11-04T00:00:00,2025-11-04T22:30:00,HAWAII,ORE,115,245,79.0,80.0,2025-11-05T01:22:32,F,0.0,0.0,-16.7,193.5,749.0,-1129.0,60070564,60000115,60000245,,,,,,,,,,,Scrambled,True,2025-11-05T00:58:36,844.0,842.0,,,BTN,False,-150.0,-150.0,-149.0,-147.0,2025-11-05T03:30:00,5627.0,"{'StadiumID': 9, 'Active': True, 'Name': 'Matthew Knight Arena', 'Address': None, 'City': 'Eugene', 'State': 'OR', 'Zip': None, 'Country': None, 'Capacity': 12364, 'GeoLat': 44.045, 'GeoLong': -123.066}","[{'PeriodID': 116373, 'GameID': 70564, 'Number': 1, 'Name': '1', 'Type': 'Half', 'AwayScore': 35, 'HomeScore': 44}, {'PeriodID': 116380, 'GameID': 70564, 'Number': 2, 'Name': '2', 'Type': 'Half', 'AwayScore': 44, 'HomeScore': 36}]"
20,70565,2026,1,Final,2025-11-04T00:00:00,2025-11-04T19:00:00,CALDW,MONM,796,166,91.0,129.0,2025-11-05T00:19:02,F,0.0,0.0,,,,,60070565,60000796,60000166,,,,,,,,,,,Scrambled,True,2025-11-04T21:01:17,,,,,FloC,False,,,,,2025-11-05T00:00:00,1274.0,"{'StadiumID': 69, 'Active': True, 'Name': 'OceanFirst Bank Center', 'Address': None, 'City': 'West Long Branch', 'State': 'NJ', 'Zip': None, 'Country': None, 'Capacity': 4100, 'GeoLat': 40.279475, 'GeoLong': -74.007583}","[{'PeriodID': 116324, 'GameID': 70565, 'Number': 1, 'Name': '1', 'Type': 'Half', 'AwayScore': 33, 'HomeScore': 72}, {'PeriodID': 116340, 'GameID': 70565, 'Number': 2, 'Name': '2', 'Type': 'Half', 'AwayScore': 58, 'HomeScore': 56}]"
21,70629,2026,1,Final,2025-11-04T00:00:00,2025-11-04T20:00:00,ARKBA,ARLR,1150,323,84.0,123.0,2025-11-05T00:19:02,F,0.0,0.0,,,,,60070629,60001150,60000323,,,,,,,,,,,Scrambled,True,2025-11-04T21:53:47,,,,,ESPN+,False,,,,,2025-11-05T01:00:00,1220.0,"{'StadiumID': 263, 'Active': True, 'Name': 'Jack Stephens Center', 'Address': None, 'City': 'Little Rock', 'State': 'AR', 'Zip': None, 'Country': None, 'Capacity': 5600, 'GeoLat': 34.727778, 'GeoLong': -92.339722}","[{'PeriodID': 116339, 'GameID': 70629, 'Number': 1, 'Name': '1', 'Type': 'Half', 'AwayScore': 56, 'HomeScore': 50}, {'PeriodID': 116355, 'GameID': 70629, 'Number': 2, 'Name': '2', 'Type': 'Half', 'AwayScore': 28, 'HomeScore': 74}]"
22,70630,2026,1,Final,2025-11-04T00:00:00,2025-11-04T19:00:00,CONV,ETNST,873,282,67.0,137.0,2025-11-07T04:01:33,F,0.0,0.0,,,,,60070630,60000873,60000282,,,,,,,,,,,Scrambled,True,2025-11-04T20:43:15,,,,,ESPN+,False,,,,,2025-11-05T00:00:00,1378.0,"{'StadiumID': 274, 'Active': True, 'Name': 'Freedom Hall Civic Center', 'Address': None, 'City': 'Johnson City', 'State': 'TN', 'Zip': None, 'Country': None, 'Capacity': 6149, 'GeoLat': 36.324444, 'GeoLong': -82.375}","[{'PeriodID': 116316, 'GameID': 70630, 'Number': 1, 'Name': '1', 'Type': 'Half', 'AwayScore': 31, 'HomeScore': 75}, {'PeriodID': 116328, 'GameID': 70630, 'Number': 2, 'Name': '2', 'Type': 'Half', 'AwayScore': 36, 'HomeScore': 62}]"
23,70865,2026,1,Final,2025-11-04T00:00:00,2025-11-04T18:00:00,PSY,UMBC,986,19,71.0,99.0,2025-11-05T00:19:02,F,0.0,0.0,,,,,60070865,60000986,60000019,,,,,,,,,,,Scrambled,True,2025-11-04T19:55:22,,,,,ESPN+,False,,,,,2025-11-04T23:00:00,1235.0,"{'StadiumID': 449, 'Active': True, 'Name': 'Chesapeake Employers Insurance Arena', 'Address': '1000 Hilltop Circle', 'City': 'Baltimore', 'State': 'MD', 'Zip': '21250', 'Country': None, 'Capacity': 4654, 'GeoLat': 39.252342, 'GeoLong': -76.707431}","[{'PeriodID': 116311, 'GameID': 70865, 'Number': 1, 'Name': '1', 'Type': 'Half', 'AwayScore': 33, 'HomeScore': 52}, {'PeriodID': 116319, 'GameID': 70865, 'Number': 2, 'Name': '2', 'Type': 'Half', 'AwayScore': 37, 'HomeScore': 47}]"
24,70917,2026,1,Final,2025-11-04T00:00:00,2025-11-04T19:00:00,NCAT,SC,196,267,96.0,122.0,2025-11-05T00:19:02,F,0.0,0.0,-30.1,192.1,2259.0,-7030.0,60070917,60000196,60000267,,,,,,,,,,,Scrambled,True,2025-11-04T20:58:28,814.0,813.0,,,SEC,False,-147.0,-149.0,-149.0,-149.0,2025-11-05T00:00:00,12344.0,"{'StadiumID': 33, 'Active': True, 'Name': 'Colonial Life Arena', 'Address': None, 'City': 'Columbia', 'State': 'SC', 'Zip': None, 'Country': None, 'Capacity': 18000, 'GeoLat': 33.995, 'GeoLong': -81.037222}","[{'PeriodID': 116313, 'GameID': 70917, 'Number': 1, 'Name': '1', 'Type': 'Half', 'AwayScore': 37, 'HomeScore': 62}, {'PeriodID': 116337, 'GameID': 70917, 'Number': 2, 'Name': '2', 'Type': 'Half', 'AwayScore': 59, 'HomeScore': 60}]"
25,70918,2026,1,Final,2025-11-04T00:00:00,2025-11-04T22:00:00,LOUTCH,NEVADA,137,216,67.0,103.0,2025-11-05T00:34:30,F,0.0,0.0,-12.7,184.1,469.0,-617.0,60070918,60000137,60000216,,,,,,,,,,,Scrambled,True,2025-11-05T00:01:23,841.0,840.0,,,MWN,False,-149.0,-147.0,-146.0,-153.0,2025-11-05T03:00:00,7144.0,"{'StadiumID': 5, 'Active': True, 'Name': 'Lawlor Events Center', 'Address': None, 'City': 'Reno', 'State': 'NV', 'Zip': None, 'Country': None, 'Capacity': 11536, 'GeoLat': 39.545069, 'GeoLong': -119.818269}","[{'PeriodID': 116362, 'GameID': 70918, 'Number': 1, 'Name': '1', 'Type': 'Half', 'AwayScore': 24, 'HomeScore': 46}, {'PeriodID': 116374, 'GameID': 70918, 'Number': 2, 'Name': '2', 'Type': 'Half', 'AwayScore': 43, 'HomeScore': 58}]"
26,70919,2026,1,Final,2025-11-04T00:00:00,2025-11-04T19:30:00,NCASHE,WICHST,80,202,78.0,100.0,2025-11-05T00:19:02,F,0.0,0.0,-9.4,209.6,336.0,-426.0,60070919,60000080,60000202,,,,,,,,,,,Scrambled,True,2025-11-04T21:28:25,410559.0,410557.0,,,ESPN+,False,-147.0,-151.0,-147.0,-147.0,2025-11-05T00:30:00,5366.0,"{'StadiumID': 49, 'Active': True, 'Name': 'Charles Koch Arena', 'Address': None, 'City': 'Wichita', 'State': 'KS', 'Zip': None, 'Country': None, 'Capacity': 10506, 'GeoLat': 37.721667, 'GeoLong': -97.2975}","[{'PeriodID': 116325, 'GameID': 70919, 'Number': 1, 'Name': '1', 'Type': 'Half', 'AwayScore': 40, 'HomeScore': 46}, {'PeriodID': 116346, 'GameID': 70919, 'Number': 2, 'Name': '2', 'Type': 'Half', 'AwayScore': 37, 'HomeScore': 55}]"
27,70920,2026,1,Final,2025-11-04T00:00:00,2025-11-04T20:00:00,BIBL,RICE,1366,146,51.0,146.0,2025-11-05T00:19:02,F,0.0,0.0,,,,,60070920,60001366,60000146,,,,,,,,,,,Scrambled,True,2025-11-04T21:53:38,,,,,ESPN+,False,,,,,2025-11-05T01:00:00,989.0,"{'StadiumID': 190, 'Active': True, 'Name': 'Tudor Fieldhouse', 'Address': None, 'City': 'Houston', 'State': 'TX', 'Zip': None, 'Country': None, 'Capacity': 5750, 'GeoLat': 29.715102, 'GeoLong': -95.403895}","[{'PeriodID': 116332, 'GameID': 70920, 'Number': 1, 'Name': '1', 'Type': 'Half', 'AwayScore': 24, 'HomeScore': 87}, {'PeriodID': 116356, 'GameID': 70920, 'Number': 2, 'Name': '2', 'Type': 'Half', 'AwayScore': 27, 'HomeScore': 59}]"
28,70921,2026,1,Final,2025-11-04T00:00:00,2025-11-04T19:00:00,NICHLS,UK,302,268,68.0,103.0,2025-11-05T00:19:02,F,0.0,0.0,-42.2,210.9,4653.0,-80340.0,60070921,60000302,60000268,,,,,,,,,,,Scrambled,True,2025-11-04T20:59:39,410551.0,410549.0,,,SEC,False,-145.0,-151.0,-147.0,-150.0,2025-11-05T00:00:00,19289.0,"{'StadiumID': 103, 'Active': True, 'Name': 'Rupp Arena', 'Address': None, 'City': 'Lexington', 'State': 'KY', 'Zip': None, 'Country': None, 'Capacity': 20500, 'GeoLat': 38.049444, 'GeoLong': -84.502778}","[{'PeriodID': 116322, 'GameID': 70921, 'Number': 1, 'Name': '1', 'Type': 'Half', 'AwayScore': 20, 'HomeScore': 37}, {'PeriodID': 116343, 'GameID': 70921, 'Number': 2, 'Name': '2', 'Type': 'Half', 'AwayScore': 48, 'HomeScore': 66}]"
29,70922,2026,1,Final,2025-11-04T00:00:00,2025-11-04T19:00:00,ALCST,FLST,307,29,102.0,145.0,2025-11-05T00:19:02,F,0.0,0.0,-36.8,208.9,3921.0,-22316.0,60070922,60000307,60000029,,,,,,,,,,,Scrambled,True,2025-11-04T21:09:33,410553.0,410552.0,,,ACC,False,-149.0,-147.0,-151.0,-147.0,2025-11-05T00:00:00,5397.0,"{'StadiumID': 11, 'Active': True, 'Name': 'Donald L. Tucker Center', 'Address': None, 'City': 'Tallahassee', 'State': 'FL', 'Zip': None, 'Country': None, 'Capacity': 11500, 'GeoLat': 30.437842, 'GeoLong': -84.28669}","[{'PeriodID': 116315, 'GameID': 70922, 'Number': 1, 'Name': '1', 'Type': 'Half', 'AwayScore': 59, 'HomeScore': 78}, {'PeriodID': 116344, 'GameID': 70922, 'Number': 2, 'Name': '2', 'Type': 'Half', 'AwayScore': 43, 'HomeScore': 67}]"
30,70923,2026,1,Final,2025-11-04T00:00:00,2025-11-04T20:00:00,WCBAP,UTAHV,767,348,47.0,155.0,2025-11-05T00:19:02,F,0.0,0.0,,,,,60070923,60000767,60000348,,,,,,,,,,,Scrambled,True,2025-11-04T21:47:55,,,,,ESPN+,False,,,,,2025-11-05T01:00:00,1409.0,"{'StadiumID': 276, 'Active': True, 'Name': 'UCCU Center', 'Address': None, 'City': 'Orem', 'State': 'UT', 'Zip': None, 'Country': None, 'Capacity': 7500, 'GeoLat': 40.278724, 'GeoLong': -111.716956}","[{'PeriodID': 116336, 'GameID': 70923, 'Number': 1, 'Name': '1', 'Type': 'Half', 'AwayScore': 21, 'HomeScore': 86}, {'PeriodID': 116351, 'GameID': 70923, 'Number': 2, 'Name': '2', 'Type': 'Half', 'AwayScore': 25, 'HomeScore': 70}]"
31,70924,2026,1,Final,2025-11-04T00:00:00,2025-11-04T22:00:00,DOCP,SACST,1004,77,106.0,138.0,2025-11-05T00:34:30,F,0.0,0.0,,,,,60070924,60001004,60000077,,,,,,,,,,,Scrambled,True,2025-11-05T00:16:26,,,,,ESPN+,False,,,,,2025-11-05T03:00:00,2312.0,"{'StadiumID': 628, 'Active': True, 'Name': 'The Well', 'Address': None, 'City': 'Sacramento', 'State': 'CA', 'Zip': None, 'Country': None, 'Capacity': None, 'GeoLat': None, 'GeoLong': None}","[{'PeriodID': 116365, 'GameID': 70924, 'Number': 1, 'Name': '1', 'Type': 'Half', 'AwayScore': 52, 'HomeScore': 55}, {'PeriodID': 116379, 'GameID': 70924, 'Number': 2, 'Name': '2', 'Type': 'Half', 'AwayScore': 54, 'HomeScore': 83}]"
32,71602,2026,1,Final,2025-11-04T00:00:00,2025-11-04T18:30:00,EVANS,PUR,203,94,68.0,110.0,2025-11-05T00:19:02,F,0.0,0.0,-44.9,200.2,4419.0,-66950.0,60071602,60000203,60000094,,,,,,,,,,,Scrambled,True,2025-11-04T20:21:27,806.0,805.0,,,BTN,False,-149.0,-147.0,-147.0,-147.0,2025-11-04T23:30:00,14876.0,"{'StadiumID': 14, 'Active': True, 'Name': 'Mackey Arena', 'Address': None, 'City': 'West Lafayette', 'State': 'IN', 'Zip': None, 'Country': None, 'Capacity': 14876, 'GeoLat': 40.433322, 'GeoLong': -86.916144}","[{'PeriodID': 116312, 'GameID': 71602, 'Number': 1, 'Name': '1', 'Type': 'Half', 'AwayScore': 29, 'HomeScore': 55}, {'PeriodID': 116326, 'GameID': 71602, 'Number': 2, 'Name': '2', 'Type': 'Half', 'AwayScore': 39, 'HomeScore': 55}]"
33,72027,2026,1,Final,2025-11-04T00:00:00,2025-11-04T19:00:00,EWUN,SIUE,408,244,67.0,159.0,2025-11-05T00:19:02,F,0.0,0.0,,,,,60072027,60000408,60000244,,,,,,,,,,,Scrambled,True,2025-11-04T20:59:03,,,,,ESPN+,False,,,,,2025-11-05T00:00:00,1143.0,"{'StadiumID': 51, 'Active': True, 'Name': 'Vadalabene Center', 'Address': None, 'City': 'Edwardsville', 'State': 'IL', 'Zip': None, 'Country': None, 'Capacity': 4000, 'GeoLat': 38.795989, 'GeoLong': -89.999883}","[{'PeriodID': 116317, 'GameID': 72027, 'Number': 1, 'Name': '1', 'Type': 'Half', 'AwayScore': 36, 'HomeScore': 83}, {'PeriodID': 116342, 'GameID': 72027, 'Number': 2, 'Name': '2', 'Type': 'Half', 'AwayScore': 31, 'HomeScore': 76}]"
34,72485,2026,1,Final,2025-11-04T00:00:00,2025-11-04T21:00:00,SFS,USCB,960,119,90.0,131.0,2025-11-05T00:19:02,F,0.0,0.0,,,,,60072485,60000960,60000119,,,,,,,,,,,Scrambled,True,2025-11-04T23:00:38,,,,,ESPN+,False,,,,,2025-11-05T02:00:00,2992.0,"{'StadiumID': 318, 'Active': True, 'Name': 'The Thunderdome', 'Address': None, 'City': 'Santa Barbara', 'State': 'CA', 'Zip': None, 'Country': None, 'Capacity': 6000, 'GeoLat': 34.413792, 'GeoLong': -119.851147}","[{'PeriodID': 116350, 'GameID': 72485, 'Number': 1, 'Name': '1', 'Type': 'Half', 'AwayScore': 47, 'HomeScore': 78}, {'PeriodID': 116367, 'GameID': 72485, 'Number': 2, 'Name': '2', 'Type': 'Half', 'AwayScore': 43, 'HomeScore': 54}]"
35,72496,2026,1,Final,2025-11-04T00:00:00,2025-11-04T21:00:00,ADAMS,NMXST,1032,344,96.0,111.0,2025-11-05T00:19:02,F,0.0,0.0,,,,,60072496,60001032,60000344,,,,,,,,,,,Scrambled,True,2025-11-04T23:22:24,,,,,ESPN+,False,,,,,2025-11-05T02:00:00,4683.0,"{'StadiumID': 77, 'Active': True, 'Name': 'Pan American Center', 'Address': None, 'City': 'Las Cruces', 'State': 'NM', 'Zip': None, 'Country': None, 'Capacity': 12572, 'GeoLat': 32.284, 'GeoLong': -106.7422}","[{'PeriodID': 116352, 'GameID': 72496, 'Number': 1, 'Name': '1', 'Type': 'Half', 'AwayScore': 48, 'HomeScore': 58}, {'PeriodID': 116372, 'GameID': 72496, 'Number': 2, 'Name': '2', 'Type': 'Half', 'AwayScore': 48, 'HomeScore': 54}]"
0,67357,2026,1,Final,2025-11-03T00:00:00,2025-11-03T20:00:00,SELOU,MISS,300,274,49.0,74.0,2025-11-05T00:19:02,F,0.0,0.0,-19.0,119.8,1631.0,-6048.0,60067357,60000300,60000274,,,,,,,,,,,Scrambled,True,2025-11-03T21:58:30,258748.0,258748.0,,,SEC,False,-96.0,-91.0,-95.0,-93.0,2025-11-04T01:00:00,8883.0,"{'StadiumID': 157, 'Active': True, 'Name': 'The Sandy and John Black Pavilion at Ole Miss', 'Address': '762 All American Drive', 'City': 'Oxford', 'State': 'MS', 'Zip': '38655', 'Country': 'USA', 'Capacity': 9500, 'GeoLat': 34.363164, 'GeoLong': -89.535453}","[{'PeriodID': 116088, 'GameID': 67357, 'Number': 1, 'Name': '1', 'Type': 'Half', 'AwayScore': 24, 'HomeScore': 38}, {'PeriodID': 116228, 'GameID': 67357, 'Number': 2, 'Name': '2', 'Type': 'Half', 'AwayScore': 24, 'HomeScore': 36}]"
1,67358,2026,1,Final,2025-11-03T00:00:00,2025-11-03T20:00:00,NO,TCU,297,114,66.0,62.0,2025-11-05T00:19:02,F,0.0,0.0,-18.1,127.0,1631.0,-6892.0,60067358,60000297,60000114,,,,,,,,,,,Scrambled,True,2025-11-03T22:21:02,258742.0,258741.0,,,ESPN+,False,-91.0,-95.0,-91.0,-95.0,2025-11-04T01:00:00,4741.0,"{'StadiumID': 85, 'Active': True, 'Name': 'Ed and Rae Schollmaier Arena', 'Address': None, 'City': 'Fort Worth', 'State': 'TX', 'Zip': None, 'Country': None, 'Capacity': 6800, 'GeoLat': 32.708774, 'GeoLong': -97.36673}","[{'PeriodID': 116108, 'GameID': 67358, 'Number': 1, 'Name': '1', 'Type': 'Half', 'AwayScore': 37, 'HomeScore': 24}, {'PeriodID': 116220, 'GameID': 67358, 'Number': 2, 'Name': '2', 'Type': 'Half', 'AwayScore': 29, 'HomeScore': 39}]"
2,67621,2026,1,Final,2025-11-03T00:00:00,2025-11-03T19:00:00,DEL,BUCK,133,257,59.0,66.0,2025-11-05T00:19:02,F,0.0,0.0,-2.1,125.3,96.0,-117.0,60067621,60000133,60000257,,,,,,,,,,,Scrambled,True,2025-11-03T21:05:06,258716.0,258716.0,,,ESPN+,False,-95.0,-94.0,-93.0,-95.0,2025-11-04T00:00:00,1431.0,"{'StadiumID': 163, 'Active': True, 'Name': 'Sojka Pavilion', 'Address': None, 'City': 'Lewisburg', 'State': 'PA', 'Zip': None, 'Country': None, 'Capacity': 4000, 'GeoLat': 40.956964, 'GeoLong': -76.887093}","[{'PeriodID': 116037, 'GameID': 67621, 'Number': 1, 'Name': '1', 'Type': 'Half', 'AwayScore': 24, 'HomeScore': 29}, {'PeriodID': 116140, 'GameID': 67621, 'Number': 2, 'Name': '2', 'Type': 'Half', 'AwayScore': 35, 'HomeScore': 37}]"
3,67713,2026,1,Final,2025-11-03T00:00:00,2025-11-03T20:00:00,JAX,MIA,37,23,58.0,73.0,2025-11-05T00:19:02,F,0.0,0.0,-15.6,120.3,1013.0,-2532.0,60067713,60000037,60000023,,,,,,,,,,,Scrambled,True,2025-11-03T22:18:28,258755.0,258754.0,,,ACC,False,-95.0,-93.0,-93.0,-94.0,2025-11-04T01:00:00,5633.0,"{'StadiumID': 115, 'Active': True, 'Name': 'Watsco Center', 'Address': None, 'City': 'Coral Gables', 'State': 'FL', 'Zip': None, 'Country': None, 'Capacity': 7972, 'GeoLat': 25.715, 'GeoLong': -80.279167}","[{'PeriodID': 116095, 'GameID': 67713, 'Number': 1, 'Name': '1', 'Type': 'Half', 'AwayScore': 30, 'HomeScore': 35}, {'PeriodID': 116237, 'GameID': 67713, 'Number': 2, 'Name': '2', 'Type': 'Half', 'AwayScore': 29, 'HomeScore': 38}]"
4,67828,2026,1,Final,2025-11-03T00:00:00,2025-11-03T20:30:00,DXST,SDAK,750,321,68.0,67.0,2025-11-05T00:19:02,F,0.0,0.0,-1.7,138.8,93.0,-112.0,60067828,60000750,60000321,,,,,,,,,,,Scrambled,True,2025-11-03T22:48:42,724.0,723.0,,,Summ,False,-93.0,-95.0,-93.0,-93.0,2025-11-04T01:30:00,1640.0,"{'StadiumID': 192, 'Active': True, 'Name': 'Sanford Coyote Sports Center', 'Address': None, 'City': 'Vermillion', 'State': 'SD', 'Zip': None, 'Country': None, 'Capacity': 6004, 'GeoLat': 42.790111, 'GeoLong': -96.927806}","[{'PeriodID': 116175, 'GameID': 67828, 'Number': 1, 'Name': '1', 'Type': 'Half', 'AwayScore': 25, 'HomeScore': 24}, {'PeriodID': 116246, 'GameID': 67828, 'Number': 2, 'Name': '2', 'Type': 'Half', 'AwayScore': 32, 'HomeScore': 33}, {'PeriodID': 116286, 'GameID': 67828, 'Number': 3, 'Name': 'OT', 'Type': 'Overtime', 'AwayScore': 11, 'HomeScore': 8}]"
5,67848,2026,1,Final,2025-11-03T00:00:00,2025-11-03T19:00:00,LIUB,ND,229,25,57.0,75.0,2025-11-05T00:19:02,F,0.0,0.0,-13.1,113.9,844.0,-1592.0,60067848,60000229,60000025,,,,,,,,,,,Scrambled,True,2025-11-03T21:20:49,258720.0,258719.0,,,ACC,False,-93.0,-95.0,-93.0,-95.0,2025-11-04T00:00:00,3911.0,"{'StadiumID': 32, 'Active': True, 'Name': 'Purcell Pavilion', 'Address': None, 'City': 'South Bend', 'State': 'IN', 'Zip': None, 'Country': None, 'Capacity': 9149, 'GeoLat': 41.698443, 'GeoLong': -86.231292}","[{'PeriodID': 115998, 'GameID': 67848, 'Number': 1, 'Name': '1', 'Type': 'Half', 'AwayScore': 21, 'HomeScore': 34}, {'PeriodID': 116165, 'GameID': 67848, 'Number': 2, 'Name': '2', 'Type': 'Half', 'AwayScore': 35, 'HomeScore': 41}]"
6,67849,2026,1,Final,2025-11-03T00:00:00,2025-11-03T20:00:00,FAIRDK,IOWAST,224,110,42.0,74.0,2025-11-05T00:19:02,F,0.0,0.0,-31.6,124.5,,,60067849,60000224,60000110,,,,,,,,,,,Scrambled,True,2025-11-03T21:57:42,258733.0,258732.0,,,ESPN+,False,-93.0,-94.0,-90.0,-95.0,2025-11-04T01:00:00,13332.0,"{'StadiumID': 56, 'Active': True, 'Name': 'Hilton Coliseum', 'Address': None, 'City': 'Ames', 'State': 'IA', 'Zip': None, 'Country': None, 'Capacity': 14384, 'GeoLat': 42.02101, 'GeoLong': -93.634763}","[{'PeriodID': 116099, 'GameID': 67849, 'Number': 1, 'Name': '1', 'Type': 'Half', 'AwayScore': 16, 'HomeScore': 38}, {'PeriodID': 116206, 'GameID': 67849, 'Number': 2, 'Name': '2', 'Type': 'Half', 'AwayScore': 26, 'HomeScore': 36}]"
7,67850,2026,1,Final,2025-11-03T00:00:00,2025-11-03T20:00:00,NDAK,ALA,71,275,52.0,77.0,2025-11-05T00:19:02,F,0.0,0.0,-30.4,143.9,4220.0,-84400.0,60067850,60000071,60000275,,,,,,,,,,,Scrambled,True,2025-11-03T21:56:12,721.0,720.0,,,SEC,False,-95.0,-95.0,-94.0,-94.0,2025-11-04T01:00:00,13474.0,"{'StadiumID': 58, 'Active': True, 'Name': 'Coleman Coliseum', 'Address': None, 'City': 'Tuscaloosa', 'State': 'AL', 'Zip': None, 'Country': None, 'Capacity': 14474, 'GeoLat': 33.202939, 'GeoLong': -87.539706}","[{'PeriodID': 116085, 'GameID': 67850, 'Number': 1, 'Name': '1', 'Type': 'Half', 'AwayScore': 27, 'HomeScore': 41}, {'PeriodID': 116186, 'GameID': 67850, 'Number': 2, 'Name': '2', 'Type': 'Half', 'AwayScore': 25, 'HomeScore': 36}]"
8,67851,2026,1,Final,2025-11-03T00:00:00,2025-11-03T19:30:00,AIRF,BELM,221,233,53.0,67.0,2025-11-05T00:19:02,F,0.0,0.0,-13.1,122.4,753.0,-1397.0,60067851,60000221,60000233,,,,,,,,,,,Scrambled,True,2025-11-03T21:33:16,699.0,698.0,,,ESPN+,False,-91.0,-97.0,-92.0,-96.0,2025-11-04T00:30:00,1715.0,"{'StadiumID': 169, 'Active': True, 'Name': 'Curb Event Center', 'Address': None, 'City': 'Nashville', 'State': 'TN', 'Zip': None, 'Country': None, 'Capacity': 5000, 'GeoLat': 36.132222, 'GeoLong': -86.794444}","[{'PeriodID': 116060, 'GameID': 67851, 'Number': 1, 'Name': '1', 'Type': 'Half', 'AwayScore': 32, 'HomeScore': 33}, {'PeriodID': 116176, 'GameID': 67851, 'Number': 2, 'Name': '2', 'Type': 'Half', 'AwayScore': 21, 'HomeScore': 34}]"
9,68146,2026,1,Final,2025-11-03T00:00:00,2025-11-03T19:00:00,NHVN,UCONN,1453,3,46.0,67.0,2025-11-05T00:19:02,F,0.0,0.0,-35.9,122.8,,,60068146,60001453,60000003,,,,,,,,,,,Scrambled,True,2025-11-03T20:59:21,258705.0,258704.0,,,ESPN+,False,-95.0,-90.0,-93.0,-93.0,2025-11-04T00:00:00,10244.0,"{'StadiumID': 290, 'Active': True, 'Name': 'Gampel Pavilion', 'Address': None, 'City': 'Storrs', 'State': 'CT', 'Zip': None, 'Country': None, 'Capacity': 10167, 'GeoLat': 41.805292, 'GeoLong': -72.254194}","[{'PeriodID': 116018, 'GameID': 68146, 'Number': 1, 'Name': '1', 'Type': 'Half', 'AwayScore': 20, 'HomeScore': 31}, {'PeriodID': 116136, 'GameID': 68146, 'Number': 2, 'Name': '2', 'Type': 'Half', 'AwayScore': 26, 'HomeScore': 35}]"
10,68147,2026,1,Final,2025-11-03T00:00:00,2025-11-03T19:15:00,HOLY,PROV,264,63,67.0,75.0,2025-11-05T00:19:02,F,0.0,0.0,-20.3,128.7,1519.0,-7957.0,60068147,60000264,60000063,,,,,,,,,,,Scrambled,True,2025-11-03T21:26:29,258721.0,258721.0,,,ESPN+,False,-93.0,-95.0,-92.0,-96.0,2025-11-04T00:15:00,9083.0,"{'StadiumID': 17, 'Active': True, 'Name': 'Amica Mutual Pavilion', 'Address': None, 'City': 'Providence', 'State': 'RI', 'Zip': None, 'Country': None, 'Capacity': 12410, 'GeoLat': 41.823611, 'GeoLong': -71.418333}","[{'PeriodID': 116054, 'GameID': 68147, 'Number': 1, 'Name': '1', 'Type': 'Half', 'AwayScore': 23, 'HomeScore': 37}, {'PeriodID': 116166, 'GameID': 68147, 'Number': 2, 'Name': '2', 'Type': 'Half', 'AwayScore': 44, 'HomeScore': 38}]"
11,68148,2026,1,Final,2025-11-03T00:00:00,2025-11-03T19:00:00,RIDER,VIR,173,22,45.0,73.0,2025-11-05T00:19:02,F,0.0,0.0,-22.4,124.5,2194.0,-16880.0,60068148,60000173,60000022,,,,,,,,,,,Scrambled,True,2025-11-03T21:22:05,680.0,679.0,,,ACC,False,-94.0,-93.0,-93.0,-95.0,2025-11-04T00:00:00,12121.0,"{'StadiumID': 4, 'Active': True, 'Name': 'John Paul Jones Arena', 'Address': None, 'City': 'Charlottesville', 'State': 'VA', 'Zip': None, 'Country': None, 'Capacity': 14623, 'GeoLat': 38.046, 'GeoLong': -78.507}","[{'PeriodID': 116007, 'GameID': 68148, 'Number': 1, 'Name': '1', 'Type': 'Half', 'AwayScore': 27, 'HomeScore': 35}, {'PeriodID': 116163, 'GameID': 68148, 'Number': 2, 'Name': '2', 'Type': 'Half', 'AwayScore': 18, 'HomeScore': 38}]"
12,68149,2026,1,Final,2025-11-03T00:00:00,2025-11-03T20:30:00,STFPA,OKL,225,105,56.0,86.0,2025-11-05T00:19:02,F,0.0,0.0,-27.4,126.2,3798.0,-84400.0,60068149,60000225,60000105,,,,,,,,,,,Scrambled,True,2025-11-03T22:37:39,258759.0,258758.0,,,SEC,False,-94.0,-93.0,-93.0,-95.0,2025-11-04T01:30:00,6476.0,"{'StadiumID': 294, 'Active': True, 'Name': 'Lloyd Noble Center', 'Address': None, 'City': 'Norman', 'State': 'OK', 'Zip': None, 'Country': None, 'Capacity': 11562, 'GeoLat': 35.187438, 'GeoLong': -97.444504}","[{'PeriodID': 116172, 'GameID': 68149, 'Number': 1, 'Name': '1', 'Type': 'Half', 'AwayScore': 37, 'HomeScore': 38}, {'PeriodID': 116252, 'GameID': 68149, 'Number': 2, 'Name': '2', 'Type': 'Half', 'AwayScore': 19, 'HomeScore': 48}]"
13,68150,2026,1,Final,2025-11-03T00:00:00,2025-11-03T19:00:00,NRVJ,CENCON,1222,232,46.0,99.0,2025-11-03T20:58:55,F,0.0,0.0,,,,,60068150,60001222,60000232,,,,,,,,,,,Scrambled,True,2025-11-03T20:28:41,,,,,NEC,False,,,,,2025-11-04T00:00:00,1007.0,"{'StadiumID': 198, 'Active': True, 'Name': 'William H. Detrick Gymnasium', 'Address': None, 'City': 'New Britain', 'State': 'CT', 'Zip': None, 'Country': None, 'Capacity': 2654, 'GeoLat': 41.693, 'GeoLong': -72.7649}","[{'PeriodID': 116000, 'GameID': 68150, 'Number': 1, 'Name': '1', 'Type': 'Half', 'AwayScore': 24, 'HomeScore': 57}, {'PeriodID': 116075, 'GameID': 68150, 'Number': 2, 'Name': '2', 'Type': 'Half', 'AwayScore': 22, 'HomeScore': 42}]"
14,68282,2026,1,Final,2025-11-03T00:00:00,2025-11-03T19:00:00,NIAGRA,DUQ,175,51,53.0,70.0,2025-11-05T00:19:02,F,0.0,0.0,-13.9,117.7,749.0,-1366.0,60068282,60000175,60000051,,,,,,,,,,,Scrambled,True,2025-11-03T20:58:33,670.0,669.0,,,ESPN+,False,-93.0,-95.0,-93.0,-94.0,2025-11-04T00:00:00,2133.0,"{'StadiumID': 159, 'Active': True, 'Name': 'UPMC Cooper Fieldhouse', 'Address': '600 Forbes Avenue', 'City': 'Pittsburgh', 'State': 'PA', 'Zip': '15282', 'Country': 'USA', 'Capacity': 3500, 'GeoLat': 40.4374, 'GeoLong': -79.9879}","[{'PeriodID': 116024, 'GameID': 68282, 'Number': 1, 'Name': '1', 'Type': 'Half', 'AwayScore': 17, 'HomeScore': 35}, {'PeriodID': 116081, 'GameID': 68282, 'Number': 2, 'Name': '2', 'Type': 'Half', 'AwayScore': 36, 'HomeScore': 35}]"
15,68283,2026,1,Final,2025-11-03T00:00:00,2025-11-03T19:00:00,CANS,DAY,172,44,41.0,74.0,2025-11-05T00:19:02,F,0.0,0.0,-21.5,120.3,2296.0,-16880.0,60068283,60000172,60000044,,,,,,,,,,,Scrambled,True,2025-11-03T21:11:15,665.0,664.0,,,ESPN+,False,-93.0,-95.0,-92.0,-94.0,2025-11-04T00:00:00,13407.0,"{'StadiumID': 87, 'Active': True, 'Name': 'UD Arena', 'Address': None, 'City': 'Dayton', 'State': 'OH', 'Zip': None, 'Country': None, 'Capacity': 13409, 'GeoLat': 39.735556, 'GeoLong': -84.2}","[{'PeriodID': 116044, 'GameID': 68283, 'Number': 1, 'Name': '1', 'Type': 'Half', 'AwayScore': 23, 'HomeScore': 43}, {'PeriodID': 116146, 'GameID': 68283, 'Number': 2, 'Name': '2', 'Type': 'Half', 'AwayScore': 18, 'HomeScore': 31}]"
16,68284,2026,1,Final,2025-11-03T00:00:00,2025-11-03T19:15:00,MARIST,XAV,176,59,52.0,56.0,2025-11-05T00:19:02,F,0.0,0.0,-10.6,117.7,452.0,-669.0,60068284,60000176,60000059,,,,,,,,,,,Scrambled,True,2025-11-03T21:26:14,748.0,747.0,,,ESPN+,False,-92.0,-95.0,-93.0,-93.0,2025-11-04T00:15:00,9776.0,"{'StadiumID': 66, 'Active': True, 'Name': 'Cintas Center', 'Address': None, 'City': 'Cincinnati', 'State': 'OH', 'Zip': None, 'Country': None, 'Capacity': 10224, 'GeoLat': 39.150148, 'GeoLong': -84.471881}","[{'PeriodID': 116053, 'GameID': 68284, 'Number': 1, 'Name': '1', 'Type': 'Half', 'AwayScore': 16, 'HomeScore': 24}, {'PeriodID': 116160, 'GameID': 68284, 'Number': 2, 'Name': '2', 'Type': 'Half', 'AwayScore': 36, 'HomeScore': 31}]"
17,68285,2026,1,Final,2025-11-03T00:00:00,2025-11-03T18:30:00,MORGST,GEORGE,199,62,59.0,73.0,2025-11-05T00:19:02,F,0.0,0.0,-23.2,130.4,2026.0,-42200.0,60068285,60000199,60000062,,,,,,,,,,,Scrambled,True,2025-11-03T20:43:52,258693.0,258692.0,,,ESPN+,False,-92.0,-95.0,-94.0,-94.0,2025-11-03T23:30:00,4208.0,"{'StadiumID': 67, 'Active': True, 'Name': 'Capital One Arena', 'Address': None, 'City': 'Washington', 'State': 'DC', 'Zip': None, 'Country': None, 'Capacity': 20333, 'GeoLat': 38.898056, 'GeoLong': -77.020833}","[{'PeriodID': 115993, 'GameID': 68285, 'Number': 1, 'Name': '1', 'Type': 'Half', 'AwayScore': 29, 'HomeScore': 35}, {'PeriodID': 116072, 'GameID': 68285, 'Number': 2, 'Name': '2', 'Type': 'Half', 'AwayScore': 30, 'HomeScore': 38}]"
18,68286,2026,1,Final,2025-11-03T00:00:00,2025-11-03T19:00:00,NHAMP,CLMSN,14,27,32.0,74.0,2025-11-05T00:19:02,F,0.0,0.0,-24.9,123.6,2853.0,-16880.0,60068286,60000014,60000027,,,,,,,,,,,Scrambled,True,2025-11-03T21:01:36,258732.0,258731.0,,,ACC,False,-95.0,-93.0,-93.0,-94.0,2025-11-04T00:00:00,7439.0,"{'StadiumID': 13, 'Active': True, 'Name': 'Littlejohn Coliseum', 'Address': None, 'City': 'Clemson', 'State': 'SC', 'Zip': None, 'Country': None, 'Capacity': 9000, 'GeoLat': 34.680278, 'GeoLong': -82.846389}","[{'PeriodID': 116001, 'GameID': 68286, 'Number': 1, 'Name': '1', 'Type': 'Half', 'AwayScore': 14, 'HomeScore': 36}, {'PeriodID': 116141, 'GameID': 68286, 'Number': 2, 'Name': '2', 'Type': 'Half', 'AwayScore': 19, 'HomeScore': 38}]"
19,68483,2026,1,Final,2025-11-03T00:00:00,2025-11-03T22:30:00,EWASH,UCLA,70,253,62.0,68.0,2025-11-05T00:19:02,F,0.0,0.0,-26.2,126.2,2954.0,-16880.0,60068483,60000070,60000253,,,,,,,,,,,Scrambled,True,2025-11-04T00:28:09,746.0,745.0,,,BTN,False,-96.0,-92.0,-94.0,-93.0,2025-11-04T03:30:00,3615.0,"{'StadiumID': 109, 'Active': True, 'Name': 'Pauley Pavilion', 'Address': None, 'City': 'Los Angeles', 'State': 'CA', 'Zip': None, 'Country': None, 'Capacity': 13800, 'GeoLat': 34.070211, 'GeoLong': -118.446775}","[{'PeriodID': 116291, 'GameID': 68483, 'Number': 1, 'Name': '1', 'Type': 'Half', 'AwayScore': 28, 'HomeScore': 34}, {'PeriodID': 116308, 'GameID': 68483, 'Number': 2, 'Name': '2', 'Type': 'Half', 'AwayScore': 35, 'HomeScore': 34}]"
20,68494,2026,1,Final,2025-11-03T00:00:00,2025-11-03T19:00:00,CARK,NCAR,298,21,46.0,79.0,2025-11-05T00:19:02,F,0.0,0.0,-26.6,132.9,3376.0,-50640.0,60068494,60000298,60000021,,,,,,,,,,,Scrambled,True,2025-11-03T21:03:38,258713.0,258712.0,,,ACCN,False,-95.0,-92.0,-89.0,-97.0,2025-11-04T00:00:00,16079.0,"{'StadiumID': 185, 'Active': True, 'Name': 'Dean E. Smith Center', 'Address': None, 'City': 'Chapel Hill', 'State': 'NC', 'Zip': None, 'Country': None, 'Capacity': 21750, 'GeoLat': 35.899722, 'GeoLong': -79.043889}","[{'PeriodID': 116005, 'GameID': 68494, 'Number': 1, 'Name': '1', 'Type': 'Half', 'AwayScore': 19, 'HomeScore': 43}, {'PeriodID': 116144, 'GameID': 68494, 'Number': 2, 'Name': '2', 'Type': 'Half', 'AwayScore': 26, 'HomeScore': 36}]"
21,68495,2026,1,Final,2025-11-03T00:00:00,2025-11-03T19:00:00,NCC,NCST,197,33,56.0,96.0,2025-11-05T00:19:02,F,0.0,0.0,-27.4,122.8,4051.0,-42200.0,60068495,60000197,60000033,,,,,,,,,,,Scrambled,True,2025-11-03T21:11:21,258696.0,258695.0,,,ACC,False,-95.0,-93.0,-93.0,-95.0,2025-11-04T00:00:00,19119.0,"{'StadiumID': 145, 'Active': True, 'Name': 'Lenovo Center', 'Address': None, 'City': 'Raleigh', 'State': 'NC', 'Zip': None, 'Country': None, 'Capacity': 19700, 'GeoLat': 35.803333, 'GeoLong': -78.721944}","[{'PeriodID': 116008, 'GameID': 68495, 'Number': 1, 'Name': '1', 'Type': 'Half', 'AwayScore': 22, 'HomeScore': 46}, {'PeriodID': 116135, 'GameID': 68495, 'Number': 2, 'Name': '2', 'Type': 'Half', 'AwayScore': 34, 'HomeScore': 51}]"
22,68496,2026,1,Final,2025-11-03T00:00:00,2025-11-03T21:00:00,SCARST,LOU,190,24,38.0,88.0,2025-11-05T00:19:02,F,0.0,0.0,-30.8,133.8,,,60068496,60000190,60000024,,,,,,,,,,,Scrambled,True,2025-11-03T23:32:05,258767.0,258766.0,,,ACCN,False,-94.0,-94.0,-95.0,-93.0,2025-11-04T02:00:00,14218.0,"{'StadiumID': 97, 'Active': True, 'Name': 'KFC Yum! Center', 'Address': None, 'City': 'Louisville', 'State': 'KY', 'Zip': None, 'Country': None, 'Capacity': 22090, 'GeoLat': 38.2575, 'GeoLong': -85.753889}","[{'PeriodID': 116207, 'GameID': 68496, 'Number': 1, 'Name': '1', 'Type': 'Half', 'AwayScore': 13, 'HomeScore': 50}, {'PeriodID': 116285, 'GameID': 68496, 'Number': 2, 'Name': '2', 'Type': 'Half', 'AwayScore': 25, 'HomeScore': 38}]"
23,68497,2026,1,Final,2025-11-03T00:00:00,2025-11-03T22:00:00,CSU,CAH,346,251,51.0,73.0,2025-11-05T00:19:02,F,0.0,0.0,-13.1,123.2,690.0,-1200.0,60068497,60000346,60000251,,,,,,,,,,,Scrambled,True,2025-11-04T00:11:23,743.0,742.0,,,ACC,False,-93.0,-94.0,-95.0,-93.0,2025-11-04T03:00:00,3143.0,"{'StadiumID': 210, 'Active': True, 'Name': 'Haas Pavilion', 'Address': None, 'City': 'Berkeley', 'State': 'CA', 'Zip': None, 'Country': None, 'Capacity': 11858, 'GeoLat': 37.8694, 'GeoLong': -122.262}","[{'PeriodID': 116257, 'GameID': 68497, 'Number': 1, 'Name': '1', 'Type': 'Half', 'AwayScore': 22, 'HomeScore': 31}, {'PeriodID': 116305, 'GameID': 68497, 'Number': 2, 'Name': '2', 'Type': 'Half', 'AwayScore': 29, 'HomeScore': 42}]"
24,68498,2026,1,Final,2025-11-03T00:00:00,2025-11-03T19:00:00,BOSCOL,FLATL,35,145,66.0,70.0,2025-11-05T00:19:02,F,0.0,0.0,-1.7,125.3,94.0,-114.0,60068498,60000035,60000145,,,,,,,,,,,Scrambled,True,2025-11-03T21:31:48,687.0,686.0,,,ESPNU,False,-92.0,-95.0,-95.0,-91.0,2025-11-04T00:00:00,3161.0,"{'StadiumID': 281, 'Active': True, 'Name': 'Eleanor R. Baldwin Arena', 'Address': None, 'City': 'Boca Raton', 'State': 'FL', 'Zip': None, 'Country': None, 'Capacity': 2900, 'GeoLat': 26.372222, 'GeoLong': -80.109167}","[{'PeriodID': 116004, 'GameID': 68498, 'Number': 1, 'Name': '1', 'Type': 'Half', 'AwayScore': 26, 'HomeScore': 30}, {'PeriodID': 116115, 'GameID': 68498, 'Number': 2, 'Name': '2', 'Type': 'Half', 'AwayScore': 30, 'HomeScore': 26}, {'PeriodID': 116214, 'GameID': 68498, 'Number': 3, 'Name': 'OT', 'Type': 'Overtime', 'AwayScore': 10, 'HomeScore': 14}]"
25,68499,2026,1,Final,2025-11-03T00:00:00,2025-11-03T20:00:00,SEMST,STLOU,243,54,57.0,78.0,2025-11-05T00:19:02,F,0.0,0.0,-16.0,128.3,856.0,-1740.0,60068499,60000243,60000054,,,,,,,,,,,Scrambled,True,2025-11-03T22:09:11,712.0,711.0,,,ESPN+,False,-92.0,-95.0,-95.0,-92.0,2025-11-04T01:00:00,5364.0,"{'StadiumID': 50, 'Active': True, 'Name': 'Chaifetz Arena', 'Address': None, 'City': 'St. Louis', 'State': 'MO', 'Zip': None, 'Country': None, 'Capacity': 10600, 'GeoLat': 38.63246, 'GeoLong': -90.22797}","[{'PeriodID': 116131, 'GameID': 68499, 'Number': 1, 'Name': '1', 'Type': 'Half', 'AwayScore': 30, 'HomeScore': 37}, {'PeriodID': 116231, 'GameID': 68499, 'Number': 2, 'Name': '2', 'Type': 'Half', 'AwayScore': 27, 'HomeScore': 41}]"
26,68500,2026,1,Final,2025-11-03T00:00:00,2025-11-03T19:00:00,STETSN,RI,41,50,52.0,78.0,2025-11-05T00:19:02,F,0.0,0.0,-15.6,128.7,928.0,-1991.0,60068500,60000041,60000050,,,,,,,,,,,Scrambled,True,2025-11-03T21:05:54,258698.0,258697.0,,,ESPN+,False,-95.0,-93.0,-95.0,-92.0,2025-11-04T00:00:00,3269.0,"{'StadiumID': 25, 'Active': True, 'Name': 'Ryan Center', 'Address': None, 'City': 'Kingston', 'State': 'RI', 'Zip': None, 'Country': None, 'Capacity': 8000, 'GeoLat': 41.4875, 'GeoLong': -71.535556}","[{'PeriodID': 116036, 'GameID': 68500, 'Number': 1, 'Name': '1', 'Type': 'Half', 'AwayScore': 23, 'HomeScore': 34}, {'PeriodID': 116139, 'GameID': 68500, 'Number': 2, 'Name': '2', 'Type': 'Half', 'AwayScore': 30, 'HomeScore': 45}]"
27,68501,2026,1,Final,2025-11-03T00:00:00,2025-11-03T20:00:00,CLVST,LOYCH,156,209,74.0,77.0,2025-11-05T00:19:02,F,0.0,0.0,-15.6,127.0,828.0,-1646.0,60068501,60000156,60000209,,,,,,,,,,,Scrambled,True,2025-11-03T22:17:42,706.0,705.0,,,ESPN+,False,-95.0,-93.0,-93.0,-95.0,2025-11-04T01:00:00,2581.0,"{'StadiumID': 71, 'Active': True, 'Name': 'Joseph J. Gentile Arena', 'Address': None, 'City': 'Chicago', 'State': 'IL', 'Zip': None, 'Country': None, 'Capacity': 4557, 'GeoLat': 42.000556, 'GeoLong': -87.658889}","[{'PeriodID': 116122, 'GameID': 68501, 'Number': 1, 'Name': '1', 'Type': 'Half', 'AwayScore': 43, 'HomeScore': 42}, {'PeriodID': 116233, 'GameID': 68501, 'Number': 2, 'Name': '2', 'Type': 'Half', 'AwayScore': 31, 'HomeScore': 35}]"
28,68502,2026,1,Final,2025-11-03T00:00:00,2025-11-03T20:00:00,MAINE,GEOWS,17,48,40.0,57.0,2025-11-05T00:19:02,F,0.0,0.0,-17.3,122.4,1197.0,-3587.0,60068502,60000017,60000048,,,,,,,,,,,Scrambled,True,2025-11-03T21:55:54,258754.0,258753.0,,,ESPN+,False,-94.0,-93.0,-92.0,-95.0,2025-11-04T01:00:00,2043.0,"{'StadiumID': 24, 'Active': True, 'Name': 'Charles E. Smith Center', 'Address': None, 'City': 'Washington', 'State': 'DC', 'Zip': None, 'Country': None, 'Capacity': 5000, 'GeoLat': 38.897755, 'GeoLong': -77.049329}","[{'PeriodID': 116091, 'GameID': 68502, 'Number': 1, 'Name': '1', 'Type': 'Half', 'AwayScore': 21, 'HomeScore': 24}, {'PeriodID': 116221, 'GameID': 68502, 'Number': 2, 'Name': '2', 'Type': 'Half', 'AwayScore': 19, 'HomeScore': 32}]"
29,68503,2026,1,Final,2025-11-03T00:00:00,2025-11-03T11:00:00,BRADLY,STBON,210,47,53.0,58.0,2025-11-03T13:40:33,F,0.0,0.0,0.7,119.0,-91.0,-95.0,60068503,60000210,60000047,,,,,,,,,,,Scrambled,True,2025-11-03T13:13:24,652.0,651.0,,,YT,True,-89.0,-100.0,-95.0,-95.0,2025-11-03T16:00:00,749.0,"{'StadiumID': 512, 'Active': True, 'Name': 'Rock Hill Sports & Event Center', 'Address': None, 'City': 'Rock Hill', 'State': 'SC', 'Zip': None, 'Country': None, 'Capacity': 1200, 'GeoLat': None, 'GeoLong': None}","[{'PeriodID': 115969, 'GameID': 68503, 'Number': 1, 'Name': '1', 'Type': 'Half', 'AwayScore': 22, 'HomeScore': 29}, {'PeriodID': 115972, 'GameID': 68503, 'Number': 2, 'Name': '2', 'Type': 'Half', 'AwayScore': 31, 'HomeScore': 30}]"
30,68735,2026,1,Final,2025-11-03T00:00:00,2025-11-03T20:00:00,AMERCN,WAKE,265,34,62.0,74.0,2025-11-05T00:19:02,F,0.0,0.0,-16.9,117.7,1242.0,-4015.0,60068735,60000265,60000034,,,,,,,,,,,Scrambled,True,2025-11-03T22:03:50,258757.0,258756.0,,,ACC,False,-93.0,-95.0,-95.0,-93.0,2025-11-04T01:00:00,7023.0,"{'StadiumID': 152, 'Active': True, 'Name': 'Lawrence Joel Coliseum', 'Address': None, 'City': 'Winston-Salem', 'State': 'NC', 'Zip': None, 'Country': None, 'Capacity': 14665, 'GeoLat': 36.127866, 'GeoLong': -80.257628}","[{'PeriodID': 116092, 'GameID': 68735, 'Number': 1, 'Name': '1', 'Type': 'Half', 'AwayScore': 29, 'HomeScore': 39}, {'PeriodID': 116223, 'GameID': 68735, 'Number': 2, 'Name': '2', 'Type': 'Half', 'AwayScore': 34, 'HomeScore': 35}]"
31,68736,2026,1,Final,2025-11-03T00:00:00,2025-11-03T19:00:00,BING,SYRA,20,30,40.0,72.0,2025-11-05T00:19:02,F,0.0,0.0,-18.1,129.6,1193.0,-3460.0,60068736,60000020,60000030,,,,,,,,,,,Scrambled,True,2025-11-03T21:12:40,258689.0,258689.0,,,ACC,False,-95.0,-93.0,-93.0,-95.0,2025-11-04T00:00:00,18762.0,"{'StadiumID': 10, 'Active': True, 'Name': 'JMA Wireless Dome', 'Address': None, 'City': 'Syracuse', 'State': 'NY', 'Zip': None, 'Country': None, 'Capacity': 35642, 'GeoLat': 43.036111, 'GeoLong': -76.136389}","[{'PeriodID': 116010, 'GameID': 68736, 'Number': 1, 'Name': '1', 'Type': 'Half', 'AwayScore': 12, 'HomeScore': 27}, {'PeriodID': 116149, 'GameID': 68736, 'Number': 2, 'Name': '2', 'Type': 'Half', 'AwayScore': 28, 'HomeScore': 45}]"
32,68737,2026,1,Final,2025-11-03T00:00:00,2025-11-03T20:00:00,TARL,SMU,1024,1,64.0,81.0,2025-11-05T00:19:02,F,0.0,0.0,-18.1,122.4,1211.0,-3778.0,60068737,60001024,60000001,,,,,,,,,,,Scrambled,True,2025-11-03T22:24:29,704.0,703.0,,,ACC,False,-93.0,-93.0,-93.0,-95.0,2025-11-04T01:00:00,4626.0,"{'StadiumID': 101, 'Active': True, 'Name': 'Moody Coliseum', 'Address': None, 'City': 'Dallas', 'State': 'TX', 'Zip': None, 'Country': None, 'Capacity': 7000, 'GeoLat': 32.840278, 'GeoLong': -96.780556}","[{'PeriodID': 116082, 'GameID': 68737, 'Number': 1, 'Name': '1', 'Type': 'Half', 'AwayScore': 32, 'HomeScore': 41}, {'PeriodID': 116239, 'GameID': 68737, 'Number': 2, 'Name': '2', 'Type': 'Half', 'AwayScore': 32, 'HomeScore': 41}]"
33,68738,2026,1,Final,2025-11-03T00:00:00,2025-11-03T19:00:00,YNGST,PITT,155,28,50.0,62.0,2025-11-05T00:19:02,F,0.0,0.0,-12.2,122.8,639.0,-1088.0,60068738,60000155,60000028,,,,,,,,,,,Scrambled,True,2025-11-03T21:11:45,690.0,690.0,,,ACC,False,-98.0,-90.0,-94.0,-92.0,2025-11-04T00:00:00,5050.0,"{'StadiumID': 31, 'Active': True, 'Name': 'Petersen Events Center', 'Address': None, 'City': 'Pittsburgh', 'State': 'PA', 'Zip': None, 'Country': None, 'Capacity': 12508, 'GeoLat': 40.443777, 'GeoLong': -79.962274}","[{'PeriodID': 115999, 'GameID': 68738, 'Number': 1, 'Name': '1', 'Type': 'Half', 'AwayScore': 24, 'HomeScore': 29}, {'PeriodID': 116147, 'GameID': 68738, 'Number': 2, 'Name': '2', 'Type': 'Half', 'AwayScore': 26, 'HomeScore': 34}]"
34,68739,2026,1,Final,2025-11-03T00:00:00,2025-11-03T19:00:00,CHSOU,VTECH,88,31,57.0,83.0,2025-11-05T00:19:02,F,0.0,0.0,-16.5,122.0,1060.0,-2753.0,60068739,60000088,60000031,,,,,,,,,,,Scrambled,True,2025-11-03T21:08:34,258711.0,258710.0,,,ACC,False,-95.0,-93.0,-95.0,-93.0,2025-11-04T00:00:00,4488.0,"{'StadiumID': 107, 'Active': True, 'Name': 'Cassell Coliseum', 'Address': None, 'City': 'Blacksburg', 'State': 'VA', 'Zip': None, 'Country': None, 'Capacity': 8925, 'GeoLat': 37.222222, 'GeoLong': -80.418889}","[{'PeriodID': 116002, 'GameID': 68739, 'Number': 1, 'Name': '1', 'Type': 'Half', 'AwayScore': 32, 'HomeScore': 35}, {'PeriodID': 116148, 'GameID': 68739, 'Number': 2, 'Name': '2', 'Type': 'Half', 'AwayScore': 24, 'HomeScore': 47}]"
35,69063,2026,1,Final,2025-11-03T00:00:00,2025-11-03T21:00:00,SJST,UTAH,222,248,63.0,71.0,2025-11-05T00:19:02,F,0.0,0.0,-10.6,123.6,490.0,-746.0,60069063,60000222,60000248,,,,,,,,,,,Scrambled,True,2025-11-03T23:00:40,731.0,730.0,,,ESPN+,False,-93.0,-95.0,-93.0,-95.0,2025-11-04T02:00:00,5932.0,"{'StadiumID': 102, 'Active': True, 'Name': 'Jon M. Huntsman Center', 'Address': None, 'City': 'Salt Lake City', 'State': 'UT', 'Zip': None, 'Country': None, 'Capacity': 15000, 'GeoLat': 40.762, 'GeoLong': -111.839}","[{'PeriodID': 116192, 'GameID': 69063, 'Number': 1, 'Name': '1', 'Type': 'Half', 'AwayScore': 32, 'HomeScore': 37}, {'PeriodID': 116272, 'GameID': 69063, 'Number': 2, 'Name': '2', 'Type': 'Half', 'AwayScore': 31, 'HomeScore': 34}]"
36,69064,2026,1,Final,2025-11-03T00:00:00,2025-11-03T20:00:00,GB,KAN,152,106,43.0,79.0,2025-11-05T00:19:02,F,0.0,0.0,-26.2,128.7,2954.0,-16880.0,60069064,60000152,60000106,,,,,,,,,,,Scrambled,True,2025-11-03T22:00:00,722.0,722.0,,,ESPN+,False,-95.0,-93.0,-95.0,-93.0,2025-11-04T01:00:00,15300.0,"{'StadiumID': 184, 'Active': True, 'Name': 'Allen Fieldhouse', 'Address': None, 'City': 'Lawrence', 'State': 'KS', 'Zip': None, 'Country': None, 'Capacity': 16300, 'GeoLat': 38.954306, 'GeoLong': -95.252394}","[{'PeriodID': 116114, 'GameID': 69064, 'Number': 1, 'Name': '1', 'Type': 'Half', 'AwayScore': 23, 'HomeScore': 41}, {'PeriodID': 116230, 'GameID': 69064, 'Number': 2, 'Name': '2', 'Type': 'Half', 'AwayScore': 20, 'HomeScore': 39}]"
37,69065,2026,1,Final,2025-11-03T00:00:00,2025-11-03T21:00:00,MONST,COL,74,250,66.0,71.0,2025-11-05T00:19:02,F,0.0,0.0,-10.6,124.9,482.0,-733.0,60069065,60000074,60000250,,,,,,,,,,,Scrambled,True,2025-11-03T23:11:10,733.0,732.0,,,ESPN+,False,-96.0,-91.0,-95.0,-93.0,2025-11-04T02:00:00,5771.0,"{'StadiumID': 205, 'Active': True, 'Name': 'CU Events Center', 'Address': None, 'City': 'Boulder', 'State': 'CO', 'Zip': None, 'Country': None, 'Capacity': 11064, 'GeoLat': 40.0047, 'GeoLong': -105.2606}","[{'PeriodID': 116193, 'GameID': 69065, 'Number': 1, 'Name': '1', 'Type': 'Half', 'AwayScore': 28, 'HomeScore': 27}, {'PeriodID': 116278, 'GameID': 69065, 'Number': 2, 'Name': '2', 'Type': 'Half', 'AwayScore': 38, 'HomeScore': 44}]"
38,69066,2026,1,Final,2025-11-03T00:00:00,2025-11-03T19:00:00,WCAR,CIN,287,4,53.0,79.0,2025-11-05T00:19:02,F,0.0,0.0,-18.6,122.0,1383.0,-4823.0,60069066,60000287,60000004,,,,,,,,,,,Scrambled,True,2025-11-03T21:08:11,694.0,693.0,,,ESPN+,False,-95.0,-95.0,-93.0,-94.0,2025-11-04T00:00:00,9126.0,"{'StadiumID': 86, 'Active': True, 'Name': 'Fifth Third Arena', 'Address': None, 'City': 'Cincinnati', 'State': 'OH', 'Zip': None, 'Country': None, 'Capacity': 12012, 'GeoLat': 39.131101, 'GeoLong': -84.514207}","[{'PeriodID': 116013, 'GameID': 69066, 'Number': 1, 'Name': '1', 'Type': 'Half', 'AwayScore': 24, 'HomeScore': 41}, {'PeriodID': 116155, 'GameID': 69066, 'Number': 2, 'Name': '2', 'Type': 'Half', 'AwayScore': 30, 'HomeScore': 38}]"
39,69067,2026,1,Final,2025-11-03T00:00:00,2025-11-03T21:30:00,VILL,BYU,58,336,56.0,60.0,2025-11-05T00:19:02,F,0.0,0.0,-8.0,129.6,299.0,-411.0,60069067,60000058,60000336,,,,,,,,,,,Scrambled,True,2025-11-04T00:05:00,736.0,735.0,,,TNT,True,-94.0,-94.0,-93.0,-93.0,2025-11-04T02:30:00,16704.0,"{'StadiumID': 383, 'Active': True, 'Name': 'T-Mobile Arena', 'Address': None, 'City': 'Las Vegas', 'State': 'NV', 'Zip': None, 'Country': None, 'Capacity': 19000, 'GeoLat': 36.102778, 'GeoLong': -115.178333}","[{'PeriodID': 116259, 'GameID': 69067, 'Number': 1, 'Name': '1', 'Type': 'Half', 'AwayScore': 27, 'HomeScore': 35}, {'PeriodID': 116301, 'GameID': 69067, 'Number': 2, 'Name': '2', 'Type': 'Half', 'AwayScore': 29, 'HomeScore': 24}]"
40,69068,2026,1,Final,2025-11-03T00:00:00,2025-11-03T20:00:00,UTRGV,BAYL,350,108,68.0,81.0,2025-11-05T00:19:02,F,0.0,0.0,-20.7,130.4,1702.0,-8440.0,60069068,60000350,60000108,,,,,,,,,,,Scrambled,True,2025-11-03T22:11:17,716.0,715.0,,,ESPN+,False,-93.0,-94.0,-95.0,-91.0,2025-11-04T01:00:00,6422.0,"{'StadiumID': 596, 'Active': True, 'Name': 'Foster Pavilion', 'Address': None, 'City': 'Waco', 'State': 'TX', 'Zip': None, 'Country': None, 'Capacity': 7000, 'GeoLat': 31.556698, 'GeoLong': -97.121613}","[{'PeriodID': 116102, 'GameID': 69068, 'Number': 1, 'Name': '1', 'Type': 'Half', 'AwayScore': 31, 'HomeScore': 39}, {'PeriodID': 116234, 'GameID': 69068, 'Number': 2, 'Name': '2', 'Type': 'Half', 'AwayScore': 37, 'HomeScore': 42}]"
41,69164,2026,1,Final,2025-11-03T00:00:00,2025-11-03T20:00:00,MRCY,NW,1062,100,40.0,59.0,2025-11-05T00:19:02,F,0.0,0.0,-22.4,118.6,2405.0,-46420.0,60069164,60001062,60000100,,,,,,,,,,,Scrambled,True,2025-11-03T21:56:08,258740.0,258739.0,,,B1G+,False,-93.0,-93.0,-95.0,-93.0,2025-11-04T01:00:00,4607.0,"{'StadiumID': 100, 'Active': True, 'Name': 'Welsh-Ryan Arena', 'Address': None, 'City': 'Evanston', 'State': 'IL', 'Zip': None, 'Country': None, 'Capacity': 7039, 'GeoLat': 42.066944, 'GeoLong': -87.692778}","[{'PeriodID': 116084, 'GameID': 69164, 'Number': 1, 'Name': '1', 'Type': 'Half', 'AwayScore': 21, 'HomeScore': 30}, {'PeriodID': 116227, 'GameID': 69164, 'Number': 2, 'Name': '2', 'Type': 'Half', 'AwayScore': 19, 'HomeScore': 29}]"
42,69165,2026,1,Final,2025-11-03T00:00:00,2025-11-03T21:00:00,TOWS,LOYMD,127,262,57.0,47.0,2025-11-05T00:19:02,F,0.0,0.0,6.1,119.4,-361.0,274.0,60069165,60000127,60000262,,,,,,,,,,,Scrambled,True,2025-11-03T23:07:35,258764.0,258763.0,,,,True,-97.0,-91.0,-92.0,-95.0,2025-11-04T02:00:00,3167.0,"{'StadiumID': 361, 'Active': True, 'Name': 'CFG Bank Arena', 'Address': None, 'City': 'Baltimore', 'State': 'MD', 'Zip': None, 'Country': None, 'Capacity': 12289, 'GeoLat': 39.288611, 'GeoLong': -76.618889}","[{'PeriodID': 116217, 'GameID': 69165, 'Number': 1, 'Name': '1', 'Type': 'Half', 'AwayScore': 24, 'HomeScore': 24}, {'PeriodID': 116281, 'GameID': 69165, 'Number': 2, 'Name': '2', 'Type': 'Half', 'AwayScore': 33, 'HomeScore': 24}]"
43,69166,2026,1,Final,2025-11-03T00:00:00,2025-11-03T19:00:00,NAVY,PRESB,258,89,64.0,46.0,2025-11-05T00:19:02,F,0.0,0.0,2.5,119.4,-138.0,114.0,60069166,60000258,60000089,,,,,,,,,,,Scrambled,True,2025-11-03T21:26:45,258715.0,258714.0,,,ESPN+,False,-92.0,-96.0,-94.0,-94.0,2025-11-04T00:00:00,471.0,"{'StadiumID': 301, 'Active': True, 'Name': 'Ross E. Templeton P.E. Center', 'Address': None, 'City': 'Clinton', 'State': 'SC', 'Zip': None, 'Country': None, 'Capacity': 2500, 'GeoLat': 34.465, 'GeoLong': -81.869}","[{'PeriodID': 116055, 'GameID': 69166, 'Number': 1, 'Name': '1', 'Type': 'Half', 'AwayScore': 31, 'HomeScore': 14}, {'PeriodID': 116169, 'GameID': 69166, 'Number': 2, 'Name': '2', 'Type': 'Half', 'AwayScore': 33, 'HomeScore': 32}]"
44,69245,2026,1,Final,2025-11-03T00:00:00,2025-11-03T19:00:00,BRYANT,SIENA,231,168,56.0,69.0,2025-11-05T00:19:02,F,0.0,0.0,-8.4,127.9,302.0,-406.0,60069245,60000231,60000168,,,,,,,,,,,Scrambled,True,2025-11-03T21:02:57,258718.0,258717.0,,,ESPN+,False,-95.0,-94.0,-92.0,-95.0,2025-11-04T00:00:00,4072.0,"{'StadiumID': 250, 'Active': True, 'Name': 'MVP Arena', 'Address': '51 South Pearl Street', 'City': 'Albany', 'State': 'NY', 'Zip': None, 'Country': None, 'Capacity': 15727, 'GeoLat': 42.648611, 'GeoLong': -73.754722}","[{'PeriodID': 116028, 'GameID': 69245, 'Number': 1, 'Name': '1', 'Type': 'Half', 'AwayScore': 26, 'HomeScore': 33}, {'PeriodID': 116130, 'GameID': 69245, 'Number': 2, 'Name': '2', 'Type': 'Half', 'AwayScore': 30, 'HomeScore': 36}]"
45,69246,2026,1,Final,2025-11-03T00:00:00,2025-11-03T19:00:00,JMAD,AKRON,126,177,60.0,72.0,2025-11-05T00:19:02,F,0.0,0.0,-7.2,129.6,236.0,-304.0,60069246,60000126,60000177,,,,,,,,,,,Scrambled,True,2025-11-03T21:12:02,682.0,681.0,,,ESPN+,False,-93.0,-93.0,-94.0,-93.0,2025-11-04T00:00:00,2461.0,"{'StadiumID': 295, 'Active': True, 'Name': 'James A. Rhodes Arena', 'Address': None, 'City': 'Akron', 'State': 'OH', 'Zip': None, 'Country': None, 'Capacity': 5500, 'GeoLat': 41.075833, 'GeoLong': -81.508611}","[{'PeriodID': 116039, 'GameID': 69246, 'Number': 1, 'Name': '1', 'Type': 'Half', 'AwayScore': 33, 'HomeScore': 25}, {'PeriodID': 116156, 'GameID': 69246, 'Number': 2, 'Name': '2', 'Type': 'Half', 'AwayScore': 27, 'HomeScore': 46}]"
46,69247,2026,1,Final,2025-11-03T00:00:00,2025-11-03T18:30:00,QUIN,STJOHN,174,67,62.0,91.0,2025-11-03T20:58:55,F,0.0,0.0,-22.8,132.1,2131.0,-16880.0,60069247,60000174,60000067,,,,,,,,,,,Scrambled,True,2025-11-03T20:45:18,660.0,659.0,,,FS1,False,-92.0,-96.0,-95.0,-93.0,2025-11-03T23:30:00,5260.0,"{'StadiumID': 19, 'Active': True, 'Name': 'Carnesecca Arena', 'Address': None, 'City': 'Queens', 'State': 'NY', 'Zip': None, 'Country': None, 'Capacity': 5602, 'GeoLat': 40.724167, 'GeoLong': -73.794444}","[{'PeriodID': 115991, 'GameID': 69247, 'Number': 1, 'Name': '1', 'Type': 'Half', 'AwayScore': 29, 'HomeScore': 46}, {'PeriodID': 116073, 'GameID': 69247, 'Number': 2, 'Name': '2', 'Type': 'Half', 'AwayScore': 34, 'HomeScore': 46}]"
47,69248,2026,1,Final,2025-11-03T00:00:00,2025-11-03T19:30:00,MDES,GTECH,193,32,44.0,47.0,2025-11-05T00:19:02,F,0.0,0.0,-24.1,118.6,3376.0,-42200.0,60069248,60000193,60000032,,,,,,,,,,,Scrambled,True,2025-11-03T21:55:49,258723.0,258722.0,,,ACC,False,-93.0,-95.0,-93.0,-96.0,2025-11-04T00:30:00,3551.0,"{'StadiumID': 129, 'Active': True, 'Name': 'McCamish Pavilion', 'Address': None, 'City': 'Atlanta', 'State': 'GA', 'Zip': None, 'Country': None, 'Capacity': 8600, 'GeoLat': 33.780833, 'GeoLong': -84.392778}","[{'PeriodID': 116056, 'GameID': 69248, 'Number': 1, 'Name': '1', 'Type': 'Half', 'AwayScore': 15, 'HomeScore': 18}, {'PeriodID': 116170, 'GameID': 69248, 'Number': 2, 'Name': '2', 'Type': 'Half', 'AwayScore': 24, 'HomeScore': 21}, {'PeriodID': 116250, 'GameID': 69248, 'Number': 3, 'Name': 'OT', 'Type': 'Overtime', 'AwayScore': 4, 'HomeScore': 7}]"
48,69249,2026,1,Final,2025-11-03T00:00:00,2025-11-03T20:00:00,INDST,CHARLT,207,142,64.0,78.0,2025-11-05T00:19:02,F,0.0,0.0,-3.8,128.7,133.0,-161.0,60069249,60000207,60000142,,,,,,,,,,,Scrambled,True,2025-11-03T22:31:00,709.0,708.0,,,ESPN+,False,-94.0,-94.0,-93.0,-93.0,2025-11-04T01:00:00,3255.0,"{'StadiumID': 36, 'Active': True, 'Name': 'Halton Arena', 'Address': None, 'City': 'Charlotte', 'State': 'NC', 'Zip': None, 'Country': None, 'Capacity': 9105, 'GeoLat': 35.306111, 'GeoLong': -80.734444}","[{'PeriodID': 116162, 'GameID': 69249, 'Number': 1, 'Name': '1', 'Type': 'Half', 'AwayScore': 31, 'HomeScore': 38}, {'PeriodID': 116245, 'GameID': 69249, 'Number': 2, 'Name': '2', 'Type': 'Half', 'AwayScore': 33, 'HomeScore': 40}]"
49,69250,2026,1,Final,2025-11-03T00:00:00,2025-11-03T20:30:00,TRINTX,TAMU,424,292,47.0,70.0,2025-11-05T00:19:02,F,0.0,0.0,,,,,60069250,60000424,60000292,,,,,,,,,,,Scrambled,True,2025-11-03T22:31:41,,,,,ESPN+,False,,,,,2025-11-04T01:30:00,1254.0,"{'StadiumID': 191, 'Active': True, 'Name': 'American Bank Center', 'Address': None, 'City': 'Corpus Christi', 'State': 'TX', 'Zip': None, 'Country': None, 'Capacity': 7000, 'GeoLat': 27.807339, 'GeoLong': -97.393561}","[{'PeriodID': 116178, 'GameID': 69250, 'Number': 1, 'Name': '1', 'Type': 'Half', 'AwayScore': 26, 'HomeScore': 26}, {'PeriodID': 116247, 'GameID': 69250, 'Number': 2, 'Name': '2', 'Type': 'Half', 'AwayScore': 21, 'HomeScore': 44}]"
50,69575,2026,1,Final,2025-11-03T00:00:00,2025-11-03T19:00:00,WAG,VCU,223,45,62.0,87.0,2025-11-05T00:19:02,F,0.0,0.0,-21.9,112.3,2110.0,-8440.0,60069575,60000223,60000045,,,,,,,,,,,Scrambled,True,2025-11-03T21:21:27,258703.0,258702.0,,,ESPN+,False,-94.0,-94.0,-95.0,-95.0,2025-11-04T00:00:00,7637.0,"{'StadiumID': 26, 'Active': True, 'Name': 'Stuart C. Siegel Center', 'Address': None, 'City': 'Richmond', 'State': 'VA', 'Zip': None, 'Country': None, 'Capacity': 7637, 'GeoLat': 37.552918, 'GeoLong': -77.4529}","[{'PeriodID': 116046, 'GameID': 69575, 'Number': 1, 'Name': '1', 'Type': 'Half', 'AwayScore': 34, 'HomeScore': 43}, {'PeriodID': 116158, 'GameID': 69575, 'Number': 2, 'Name': '2', 'Type': 'Half', 'AwayScore': 29, 'HomeScore': 44}]"
51,69576,2026,1,Final,2025-11-03T00:00:00,2025-11-03T19:00:00,LAFAY,STJOE,266,46,64.0,72.0,2025-11-05T00:19:02,F,0.0,0.0,-11.4,116.9,568.0,-920.0,60069576,60000266,60000046,,,,,,,,,,,Scrambled,True,2025-11-03T21:10:10,258710.0,258709.0,,,ESPN+,False,-93.0,-94.0,-93.0,-95.0,2025-11-04T00:00:00,2516.0,"{'StadiumID': 128, 'Active': True, 'Name': 'Hagan Arena', 'Address': None, 'City': 'Philadelphia', 'State': 'PA', 'Zip': None, 'Country': None, 'Capacity': 4200, 'GeoLat': 39.995245, 'GeoLong': -75.234806}","[{'PeriodID': 116019, 'GameID': 69576, 'Number': 1, 'Name': '1', 'Type': 'Half', 'AwayScore': 26, 'HomeScore': 35}, {'PeriodID': 116129, 'GameID': 69576, 'Number': 2, 'Name': '2', 'Type': 'Half', 'AwayScore': 38, 'HomeScore': 37}]"
52,69577,2026,1,Final,2025-11-03T00:00:00,2025-11-03T20:00:00,CHIST,DEPAUL,351,66,52.0,78.0,2025-11-05T00:19:02,F,0.0,0.0,-20.7,121.1,1869.0,-11816.0,60069577,60000351,60000066,,,,,,,,,,,Scrambled,True,2025-11-03T22:02:03,258747.0,258746.0,,,ESPN+,False,-91.0,-95.0,-93.0,-93.0,2025-11-04T01:00:00,3495.0,"{'StadiumID': 93, 'Active': True, 'Name': 'Wintrust Arena', 'Address': None, 'City': 'Chicago', 'State': 'IL', 'Zip': None, 'Country': None, 'Capacity': 10387, 'GeoLat': 41.853611, 'GeoLong': -87.621389}","[{'PeriodID': 116126, 'GameID': 69577, 'Number': 1, 'Name': '1', 'Type': 'Half', 'AwayScore': 18, 'HomeScore': 39}, {'PeriodID': 116203, 'GameID': 69577, 'Number': 2, 'Name': '2', 'Type': 'Half', 'AwayScore': 35, 'HomeScore': 39}]"
53,69578,2026,1,Final,2025-11-03T00:00:00,2025-11-03T19:00:00,LOULAF,BALLST,324,184,54.0,63.0,2025-11-05T00:19:02,F,0.0,0.0,-3.4,119.4,127.0,-159.0,60069578,60000324,60000184,,,,,,,,,,,Scrambled,True,2025-11-03T21:14:32,674.0,673.0,,,ESPN+,False,-93.0,-95.0,-94.0,-93.0,2025-11-04T00:00:00,2582.0,"{'StadiumID': 23, 'Active': True, 'Name': 'Worthen Arena', 'Address': None, 'City': 'Muncie', 'State': 'IN', 'Zip': None, 'Country': None, 'Capacity': 11500, 'GeoLat': 40.206944, 'GeoLong': -85.406111}","[{'PeriodID': 116035, 'GameID': 69578, 'Number': 1, 'Name': '1', 'Type': 'Half', 'AwayScore': 24, 'HomeScore': 24}, {'PeriodID': 116118, 'GameID': 69578, 'Number': 2, 'Name': '2', 'Type': 'Half', 'AwayScore': 30, 'HomeScore': 40}]"
54,69579,2026,1,Final,2025-11-03T00:00:00,2025-11-03T20:00:00,HAMP,WBD,189,151,73.0,76.0,2025-11-05T00:19:02,F,0.0,0.0,-4.6,122.4,173.0,-214.0,60069579,60000189,60000151,,,,,,,,,,,Scrambled,True,2025-11-03T22:21:16,707.0,706.0,,,ESPN+,False,-90.0,-97.0,-92.0,-95.0,2025-11-04T01:00:00,1744.0,"{'StadiumID': 164, 'Active': True, 'Name': 'UW-Milwaukee Panther Arena', 'Address': None, 'City': 'Milwaukee', 'State': 'WI', 'Zip': None, 'Country': None, 'Capacity': 10783, 'GeoLat': 43.042222, 'GeoLong': -87.916944}","[{'PeriodID': 116076, 'GameID': 69579, 'Number': 1, 'Name': '1', 'Type': 'Half', 'AwayScore': 30, 'HomeScore': 41}, {'PeriodID': 116226, 'GameID': 69579, 'Number': 2, 'Name': '2', 'Type': 'Half', 'AwayScore': 42, 'HomeScore': 35}]"
55,69673,2026,1,Final,2025-11-03T00:00:00,2025-11-03T21:30:00,IDAHO,WASHST,73,256,70.0,68.0,2025-11-05T00:19:02,F,0.0,0.0,-6.3,130.0,214.0,-270.0,60069673,60000073,60000256,,,,,,,,,,,Scrambled,True,2025-11-03T23:45:22,734.0,733.0,,,ESPN+,False,-97.0,-90.0,-93.0,-95.0,2025-11-04T02:30:00,3588.0,"{'StadiumID': 182, 'Active': True, 'Name': 'Friel Court', 'Address': None, 'City': 'Pullman', 'State': 'WA', 'Zip': None, 'Country': None, 'Capacity': 11671, 'GeoLat': 46.735, 'GeoLong': -117.1575}","[{'PeriodID': 116242, 'GameID': 69673, 'Number': 1, 'Name': '1', 'Type': 'Half', 'AwayScore': 36, 'HomeScore': 29}, {'PeriodID': 116292, 'GameID': 69673, 'Number': 2, 'Name': '2', 'Type': 'Half', 'AwayScore': 34, 'HomeScore': 40}]"
56,69674,2026,1,Final,2025-11-03T00:00:00,2025-11-03T19:00:00,MERC,TENN,284,277,51.0,64.0,2025-11-05T00:19:02,F,0.0,0.0,-24.1,121.1,2532.0,-25320.0,60069674,60000284,60000277,,,,,,,,,,,Scrambled,True,2025-11-03T21:04:16,668.0,668.0,,,SEC,False,-97.0,-89.0,-94.0,-93.0,2025-11-04T00:00:00,18559.0,"{'StadiumID': 195, 'Active': True, 'Name': 'Thompson-Boling Arena at Food City Center', 'Address': None, 'City': 'Knoxville', 'State': 'TN', 'Zip': None, 'Country': None, 'Capacity': 21678, 'GeoLat': 35.951167, 'GeoLong': -83.925028}","[{'PeriodID': 116011, 'GameID': 69674, 'Number': 1, 'Name': '1', 'Type': 'Half', 'AwayScore': 18, 'HomeScore': 28}, {'PeriodID': 116125, 'GameID': 69674, 'Number': 2, 'Name': '2', 'Type': 'Half', 'AwayScore': 34, 'HomeScore': 36}]"
57,69675,2026,1,Final,2025-11-03T00:00:00,2025-11-03T20:00:00,BCOOK,AUBRN,192,279,76.0,80.0,2025-11-09T04:20:55,F,0.0,0.0,-20.7,130.0,1635.0,-8767.0,60069675,60000192,60000279,,,,,,,,,,,Scrambled,True,2025-11-03T22:19:00,258737.0,258736.0,,,SEC,False,-95.0,-93.0,-95.0,-93.0,2025-11-04T01:00:00,9121.0,"{'StadiumID': 8, 'Active': True, 'Name': 'Neville Arena', 'Address': None, 'City': 'Auburn', 'State': 'AL', 'Zip': None, 'Country': None, 'Capacity': 9121, 'GeoLat': 32.60253, 'GeoLong': -85.49301}","[{'PeriodID': 116093, 'GameID': 69675, 'Number': 1, 'Name': '1', 'Type': 'Half', 'AwayScore': 31, 'HomeScore': 32}, {'PeriodID': 116202, 'GameID': 69675, 'Number': 2, 'Name': '2', 'Type': 'Half', 'AwayScore': 37, 'HomeScore': 36}, {'PeriodID': 116271, 'GameID': 69675, 'Number': 3, 'Name': 'OT', 'Type': 'Overtime', 'AwayScore': 6, 'HomeScore': 12}]"
58,69676,2026,1,Final,2025-11-03T00:00:00,2025-11-03T19:00:00,SALA,TOLEDO,330,183,64.0,62.0,2025-11-05T00:19:02,F,0.0,0.0,-2.1,127.0,104.0,-126.0,60069676,60000330,60000183,,,,,,,,,,,Scrambled,True,2025-11-03T20:57:06,662.0,661.0,,,ESPN+,False,-93.0,-93.0,-95.0,-92.0,2025-11-04T00:00:00,3626.0,"{'StadiumID': 299, 'Active': True, 'Name': 'Savage Arena', 'Address': None, 'City': 'Toledo', 'State': 'OH', 'Zip': None, 'Country': None, 'Capacity': 7014, 'GeoLat': 41.660232, 'GeoLong': -83.609795}","[{'PeriodID': 116012, 'GameID': 69676, 'Number': 1, 'Name': '1', 'Type': 'Half', 'AwayScore': 33, 'HomeScore': 22}, {'PeriodID': 116105, 'GameID': 69676, 'Number': 2, 'Name': '2', 'Type': 'Half', 'AwayScore': 31, 'HomeScore': 41}]"
59,69677,2026,1,Final,2025-11-03T00:00:00,2025-11-03T20:00:00,LAMON,NILL,326,186,69.0,86.0,2025-11-05T00:19:02,F,0.0,0.0,-6.3,124.5,193.0,-242.0,60069677,60000326,60000186,,,,,,,,,,,Scrambled,True,2025-11-03T22:08:51,714.0,713.0,,,ESPN+,False,-96.0,-90.0,-93.0,-95.0,2025-11-04T01:00:00,1071.0,"{'StadiumID': 123, 'Active': True, 'Name': 'NIU Convocation Center', 'Address': None, 'City': 'Dekalb', 'State': 'IL', 'Zip': None, 'Country': None, 'Capacity': 9100, 'GeoLat': 41.935106, 'GeoLong': -88.785569}","[{'PeriodID': 116106, 'GameID': 69677, 'Number': 1, 'Name': '1', 'Type': 'Half', 'AwayScore': 32, 'HomeScore': 38}, {'PeriodID': 116236, 'GameID': 69677, 'Number': 2, 'Name': '2', 'Type': 'Half', 'AwayScore': 37, 'HomeScore': 48}]"
60,69678,2026,1,Final,2025-11-03T00:00:00,2025-11-03T19:00:00,APPLST,CMICH,331,185,56.0,69.0,2025-11-05T00:19:02,F,0.0,0.0,-0.8,120.3,-90.0,-97.0,60069678,60000331,60000185,,,,,,,,,,,Scrambled,True,2025-11-03T21:07:12,692.0,691.0,,,ESPN+,False,-96.0,-92.0,-93.0,-95.0,2025-11-04T00:00:00,1587.0,"{'StadiumID': 364, 'Active': True, 'Name': 'McGuirk Arena', 'Address': None, 'City': 'Mount Pleasant', 'State': 'MI', 'Zip': None, 'Country': None, 'Capacity': 5300, 'GeoLat': 43.580888, 'GeoLong': -84.773941}","[{'PeriodID': 116017, 'GameID': 69678, 'Number': 1, 'Name': '1', 'Type': 'Half', 'AwayScore': 22, 'HomeScore': 32}, {'PeriodID': 116150, 'GameID': 69678, 'Number': 2, 'Name': '2', 'Type': 'Half', 'AwayScore': 34, 'HomeScore': 37}]"
61,69679,2026,1,Final,2025-11-03T00:00:00,2025-11-03T18:30:00,SOUMIS,BUF,143,179,67.0,72.0,2025-11-05T00:19:02,F,0.0,0.0,-3.0,129.6,124.0,-153.0,60069679,60000143,60000179,,,,,,,,,,,Scrambled,True,2025-11-03T20:50:31,657.0,656.0,,,ESPN+,False,-95.0,-94.0,-93.0,-93.0,2025-11-03T23:30:00,1631.0,"{'StadiumID': 16, 'Active': True, 'Name': 'Alumni Arena', 'Address': None, 'City': 'Buffalo', 'State': 'NY', 'Zip': None, 'Country': None, 'Capacity': 6783, 'GeoLat': 43.0, 'GeoLong': -78.781111}","[{'PeriodID': 115988, 'GameID': 69679, 'Number': 1, 'Name': '1', 'Type': 'Half', 'AwayScore': 32, 'HomeScore': 30}, {'PeriodID': 116062, 'GameID': 69679, 'Number': 2, 'Name': '2', 'Type': 'Half', 'AwayScore': 35, 'HomeScore': 41}]"
62,69680,2026,1,Final,2025-11-03T00:00:00,2025-11-03T19:00:00,TXST,BOWLGR,332,181,41.0,70.0,2025-11-05T00:19:02,F,0.0,0.0,-4.2,123.6,148.0,-181.0,60069680,60000332,60000181,,,,,,,,,,,Scrambled,True,2025-11-03T20:54:09,667.0,666.0,,,ESPN+,False,-95.0,-93.0,-93.0,-95.0,2025-11-04T00:00:00,3003.0,"{'StadiumID': 222, 'Active': True, 'Name': 'Stroh Center', 'Address': None, 'City': 'Bowling Green', 'State': 'OH', 'Zip': None, 'Country': None, 'Capacity': 4387, 'GeoLat': 41.375343, 'GeoLong': -83.624711}","[{'PeriodID': 116048, 'GameID': 69680, 'Number': 1, 'Name': '1', 'Type': 'Half', 'AwayScore': 24, 'HomeScore': 34}, {'PeriodID': 116120, 'GameID': 69680, 'Number': 2, 'Name': '2', 'Type': 'Half', 'AwayScore': 16, 'HomeScore': 36}]"
63,69681,2026,1,Final,2025-11-03T00:00:00,2025-11-03T19:00:00,FRANK,WRGHT,1166,150,31.0,73.0,2025-11-05T00:19:02,F,0.0,0.0,,,,,60069681,60001166,60000150,,,,,,,,,,,Scrambled,True,2025-11-03T20:57:06,,,,,ESPN+,False,,,,,2025-11-04T00:00:00,2910.0,"{'StadiumID': 92, 'Active': True, 'Name': 'Nutter Center', 'Address': None, 'City': 'Dayton', 'State': 'OH', 'Zip': None, 'Country': None, 'Capacity': 8000, 'GeoLat': 39.781944, 'GeoLong': -84.0525}","[{'PeriodID': 116021, 'GameID': 69681, 'Number': 1, 'Name': '1', 'Type': 'Half', 'AwayScore': 14, 'HomeScore': 33}, {'PeriodID': 116138, 'GameID': 69681, 'Number': 2, 'Name': '2', 'Type': 'Half', 'AwayScore': 18, 'HomeScore': 40}]"
64,69682,2026,1,Final,2025-11-03T00:00:00,2025-11-03T21:00:00,IPFW,GCAN,315,345,60.0,76.0,2025-11-05T00:19:02,F,0.0,0.0,-12.2,130.8,638.0,-1112.0,60069682,60000315,60000345,,,,,,,,,,,Scrambled,True,2025-11-03T23:03:36,729.0,728.0,,,MWN,False,-94.0,-93.0,-95.0,-93.0,2025-11-04T02:00:00,7073.0,"{'StadiumID': 172, 'Active': True, 'Name': 'GCU Arena', 'Address': None, 'City': 'Phoenix', 'State': 'AZ', 'Zip': None, 'Country': None, 'Capacity': 7000, 'GeoLat': 33.510152, 'GeoLong': -112.128884}","[{'PeriodID': 116218, 'GameID': 69682, 'Number': 1, 'Name': '1', 'Type': 'Half', 'AwayScore': 23, 'HomeScore': 41}, {'PeriodID': 116280, 'GameID': 69682, 'Number': 2, 'Name': '2', 'Type': 'Half', 'AwayScore': 37, 'HomeScore': 35}]"
65,69683,2026,1,Final,2025-11-03T00:00:00,2025-11-03T19:00:00,CINC,NKENT,890,154,58.0,106.0,2025-11-05T00:19:02,F,0.0,0.0,,,,,60069683,60000890,60000154,,,,,,,,,,,Scrambled,True,2025-11-03T20:52:10,,,,,ESPN+,False,,,,,2025-11-04T00:00:00,2009.0,"{'StadiumID': 320, 'Active': True, 'Name': 'Truist Arena', 'Address': None, 'City': 'Highland Heights', 'State': 'KY', 'Zip': None, 'Country': None, 'Capacity': 8427, 'GeoLat': 39.032273, 'GeoLong': -84.458864}","[{'PeriodID': 116016, 'GameID': 69683, 'Number': 1, 'Name': '1', 'Type': 'Half', 'AwayScore': 24, 'HomeScore': 53}, {'PeriodID': 116124, 'GameID': 69683, 'Number': 2, 'Name': '2', 'Type': 'Half', 'AwayScore': 35, 'HomeScore': 53}]"
66,69684,2026,1,Final,2025-11-03T00:00:00,2025-11-03T18:30:00,IUPUI,OHIOST,317,98,86.0,100.0,2025-11-05T00:19:02,F,0.0,0.0,-29.1,144.3,3376.0,-16880.0,60069684,60000317,60000098,,,,,,,,,,,Scrambled,True,2025-11-03T20:50:42,663.0,663.0,,,B1G+,False,-93.0,-95.0,-95.0,-95.0,2025-11-03T23:30:00,8141.0,"{'StadiumID': 233, 'Active': True, 'Name': 'Value City Arena', 'Address': None, 'City': 'Columbus', 'State': 'OH', 'Zip': None, 'Country': None, 'Capacity': 19049, 'GeoLat': 40.007511, 'GeoLong': -83.025102}","[{'PeriodID': 115987, 'GameID': 69684, 'Number': 1, 'Name': '1', 'Type': 'Half', 'AwayScore': 42, 'HomeScore': 56}, {'PeriodID': 116070, 'GameID': 69684, 'Number': 2, 'Name': '2', 'Type': 'Half', 'AwayScore': 44, 'HomeScore': 44}]"
67,69685,2026,1,Final,2025-11-03T00:00:00,2025-11-03T20:00:00,DET,ILLCHI,153,157,60.0,77.0,2025-11-05T00:19:02,F,0.0,0.0,-8.0,120.7,300.0,-401.0,60069685,60000153,60000157,,,,,,,,,,,Scrambled,True,2025-11-03T22:04:25,711.0,710.0,,,ESPN+,False,-96.0,-91.0,-93.0,-95.0,2025-11-04T01:00:00,1155.0,"{'StadiumID': 225, 'Active': True, 'Name': 'Credit Union 1 Arena', 'Address': None, 'City': 'Chicago', 'State': 'IL', 'Zip': None, 'Country': None, 'Capacity': 8000, 'GeoLat': 41.874722, 'GeoLong': -87.656111}","[{'PeriodID': 116094, 'GameID': 69685, 'Number': 1, 'Name': '1', 'Type': 'Half', 'AwayScore': 26, 'HomeScore': 32}, {'PeriodID': 116200, 'GameID': 69685, 'Number': 2, 'Name': '2', 'Type': 'Half', 'AwayScore': 34, 'HomeScore': 45}]"
68,69686,2026,1,Final,2025-11-03T00:00:00,2025-11-03T19:30:00,TENTCH,WKENT,234,144,59.0,69.0,2025-11-05T00:19:02,F,0.0,0.0,-12.2,129.6,569.0,-902.0,60069686,60000234,60000144,,,,,,,,,,,Scrambled,True,2025-11-03T21:30:29,702.0,701.0,,,ESPN+,False,-96.0,-91.0,-93.0,-95.0,2025-11-04T00:30:00,3247.0,"{'StadiumID': 165, 'Active': True, 'Name': 'E. A. Diddle Arena', 'Address': None, 'City': 'Bowling Green', 'State': 'KY', 'Zip': None, 'Country': None, 'Capacity': 7523, 'GeoLat': 36.985833, 'GeoLong': -86.4575}","[{'PeriodID': 116057, 'GameID': 69686, 'Number': 1, 'Name': '1', 'Type': 'Half', 'AwayScore': 24, 'HomeScore': 35}, {'PeriodID': 116173, 'GameID': 69686, 'Number': 2, 'Name': '2', 'Type': 'Half', 'AwayScore': 35, 'HomeScore': 35}]"
69,69687,2026,1,Final,2025-11-03T00:00:00,2025-11-03T19:30:00,BELLA,GA,1025,272,50.0,88.0,2025-11-05T00:19:02,F,0.0,0.0,-19.4,126.2,1507.0,-5884.0,60069687,60001025,60000272,,,,,,,,,,,Scrambled,True,2025-11-03T21:30:24,258727.0,258726.0,,,SEC,False,-96.0,-92.0,-96.0,-92.0,2025-11-04T00:30:00,6187.0,"{'StadiumID': 134, 'Active': True, 'Name': 'Stegeman Coliseum', 'Address': None, 'City': 'Athens', 'State': 'GA', 'Zip': None, 'Country': None, 'Capacity': 10523, 'GeoLat': 33.9428, 'GeoLong': -83.378}","[{'PeriodID': 116068, 'GameID': 69687, 'Number': 1, 'Name': '1', 'Type': 'Half', 'AwayScore': 24, 'HomeScore': 41}, {'PeriodID': 116177, 'GameID': 69687, 'Number': 2, 'Name': '2', 'Type': 'Half', 'AwayScore': 25, 'HomeScore': 46}]"
70,69688,2026,1,Final,2025-11-03T00:00:00,2025-11-03T19:00:00,FAIR,PENNST,170,101,57.0,64.0,2025-11-05T00:19:02,F,0.0,0.0,-13.1,127.9,714.0,-1350.0,60069688,60000170,60000101,,,,,,,,,,,Scrambled,True,2025-11-03T20:53:43,685.0,684.0,,,B1G+,False,-94.0,-93.0,-93.0,-93.0,2025-11-04T00:00:00,5547.0,"{'StadiumID': 127, 'Active': True, 'Name': 'Bryce Jordan Center', 'Address': None, 'City': 'University Park', 'State': 'PA', 'Zip': None, 'Country': None, 'Capacity': 15261, 'GeoLat': 40.808889, 'GeoLong': -77.855833}","[{'PeriodID': 116009, 'GameID': 69688, 'Number': 1, 'Name': '1', 'Type': 'Half', 'AwayScore': 31, 'HomeScore': 31}, {'PeriodID': 116090, 'GameID': 69688, 'Number': 2, 'Name': '2', 'Type': 'Half', 'AwayScore': 26, 'HomeScore': 33}]"
71,69689,2026,1,Final,2025-11-03T00:00:00,2025-11-03T20:00:00,ALBNY,MARQ,13,65,45.0,68.0,2025-11-05T00:19:02,F,0.0,0.0,-20.7,126.2,1519.0,-8440.0,60069689,60000013,60000065,,,,,,,,,,,Scrambled,True,2025-11-03T22:12:25,258728.0,258727.0,,,ESPN+,False,-95.0,-93.0,-95.0,-93.0,2025-11-04T01:00:00,13168.0,"{'StadiumID': 74, 'Active': True, 'Name': 'Fiserv Forum', 'Address': None, 'City': 'Milwaukee', 'State': 'WI', 'Zip': None, 'Country': None, 'Capacity': 17341, 'GeoLat': 43.045028, 'GeoLong': -87.918167}","[{'PeriodID': 116112, 'GameID': 69689, 'Number': 1, 'Name': '1', 'Type': 'Half', 'AwayScore': 18, 'HomeScore': 25}, {'PeriodID': 116222, 'GameID': 69689, 'Number': 2, 'Name': '2', 'Type': 'Half', 'AwayScore': 27, 'HomeScore': 42}]"
72,69690,2026,1,Final,2025-11-03T00:00:00,2025-11-03T18:30:00,MARY,COPPST,92,200,70.0,51.0,2025-11-03T20:44:24,F,0.0,0.0,24.1,117.7,-29540.0,2954.0,60069690,60000092,60000200,,,,,,,,,,,Scrambled,True,2025-11-03T20:39:11,258694.0,258694.0,,,BTN,True,-95.0,-93.0,-93.0,-93.0,2025-11-03T23:30:00,,"{'StadiumID': 361, 'Active': True, 'Name': 'CFG Bank Arena', 'Address': None, 'City': 'Baltimore', 'State': 'MD', 'Zip': None, 'Country': None, 'Capacity': 12289, 'GeoLat': 39.288611, 'GeoLong': -76.618889}","[{'PeriodID': 115989, 'GameID': 69690, 'Number': 1, 'Name': '1', 'Type': 'Half', 'AwayScore': 40, 'HomeScore': 27}, {'PeriodID': 116069, 'GameID': 69690, 'Number': 2, 'Name': '2', 'Type': 'Half', 'AwayScore': 30, 'HomeScore': 24}]"
73,69691,2026,1,Final,2025-11-03T00:00:00,2025-11-03T08:00:00,WINTH,QUEEN,82,962,68.0,62.0,2025-11-03T11:52:24,F,0.0,0.0,2.5,138.0,-158.0,129.0,60069691,60000082,60000962,,,,,,,,,,,Scrambled,True,2025-11-03T10:15:14,258687.0,258688.0,,,YT,True,-90.0,-96.0,-93.0,-93.0,2025-11-03T13:00:00,1300.0,"{'StadiumID': 512, 'Active': True, 'Name': 'Rock Hill Sports & Event Center', 'Address': None, 'City': 'Rock Hill', 'State': 'SC', 'Zip': None, 'Country': None, 'Capacity': 1200, 'GeoLat': None, 'GeoLong': None}","[{'PeriodID': 115967, 'GameID': 69691, 'Number': 1, 'Name': '1', 'Type': 'Half', 'AwayScore': 34, 'HomeScore': 30}, {'PeriodID': 115968, 'GameID': 69691, 'Number': 2, 'Name': '2', 'Type': 'Half', 'AwayScore': 35, 'HomeScore': 33}]"
74,69692,2026,1,Final,2025-11-03T00:00:00,2025-11-03T18:00:00,JANDW,VAMIL,428,290,49.0,103.0,2025-11-03T20:26:36,F,0.0,0.0,,,,,60069692,60000428,60000290,,,,,,,,,,,Scrambled,True,2025-11-03T19:46:16,,,,,ESPN+,False,,,,,2025-11-03T23:00:00,925.0,"{'StadiumID': 214, 'Active': True, 'Name': 'Cameron Hall', 'Address': None, 'City': 'Lexington', 'State': 'VA', 'Zip': None, 'Country': None, 'Capacity': 5000, 'GeoLat': 37.788333, 'GeoLong': -79.436389}","[{'PeriodID': 115984, 'GameID': 69692, 'Number': 1, 'Name': '1', 'Type': 'Half', 'AwayScore': 13, 'HomeScore': 49}, {'PeriodID': 115995, 'GameID': 69692, 'Number': 2, 'Name': '2', 'Type': 'Half', 'AwayScore': 36, 'HomeScore': 54}]"
75,69693,2026,1,Final,2025-11-03T00:00:00,2025-11-03T22:00:00,NOBEL,CSUNR,1411,121,49.0,84.0,2025-11-05T00:19:02,F,0.0,0.0,,,,,60069693,60001411,60000121,,,,,,,,,,,Scrambled,True,2025-11-04T00:03:38,,,,,ESPN+,False,,,,,2025-11-04T03:00:00,725.0,"{'StadiumID': 243, 'Active': True, 'Name': 'Premier America Credit Union', 'Address': None, 'City': 'Northridge', 'State': 'CA', 'Zip': None, 'Country': None, 'Capacity': 2200, 'GeoLat': 34.241974, 'GeoLong': -118.526484}","[{'PeriodID': 116268, 'GameID': 69693, 'Number': 1, 'Name': '1', 'Type': 'Half', 'AwayScore': 19, 'HomeScore': 41}, {'PeriodID': 116303, 'GameID': 69693, 'Number': 2, 'Name': '2', 'Type': 'Half', 'AwayScore': 30, 'HomeScore': 43}]"
76,69694,2026,1,Final,2025-11-03T00:00:00,2025-11-03T19:00:00,NCOLLFL,FLGC,1350,38,51.0,81.0,2025-11-05T00:19:02,F,0.0,0.0,,,,,60069694,60001350,60000038,,,,,,,,,,,Scrambled,True,2025-11-03T21:00:22,,,,,ESPN+,False,,,,,2025-11-04T00:00:00,2410.0,"{'StadiumID': 307, 'Active': True, 'Name': 'Alico Arena', 'Address': None, 'City': 'Fort Myers', 'State': 'FL', 'Zip': None, 'Country': None, 'Capacity': 4633, 'GeoLat': 26.471111, 'GeoLong': -81.764722}","[{'PeriodID': 116040, 'GameID': 69694, 'Number': 1, 'Name': '1', 'Type': 'Half', 'AwayScore': 24, 'HomeScore': 37}, {'PeriodID': 116128, 'GameID': 69694, 'Number': 2, 'Name': '2', 'Type': 'Half', 'AwayScore': 26, 'HomeScore': 44}]"
77,69695,2026,1,Final,2025-11-03T00:00:00,2025-11-03T19:00:00,TROY,KENTST,333,178,87.0,82.0,2025-11-05T00:19:02,F,0.0,0.0,-3.0,120.3,124.0,-150.0,60069695,60000333,60000178,,,,,,,,,,,Scrambled,True,2025-11-03T21:33:02,675.0,674.0,,,ESPN+,False,-91.0,-95.0,-95.0,-93.0,2025-11-04T00:00:00,2131.0,"{'StadiumID': 240, 'Active': True, 'Name': 'MAC Center', 'Address': None, 'City': 'Kent', 'State': 'OH', 'Zip': None, 'Country': None, 'Capacity': 6327, 'GeoLat': 41.148, 'GeoLong': -81.344}","[{'PeriodID': 116033, 'GameID': 69695, 'Number': 1, 'Name': '1', 'Type': 'Half', 'AwayScore': 35, 'HomeScore': 29}, {'PeriodID': 116079, 'GameID': 69695, 'Number': 2, 'Name': '2', 'Type': 'Half', 'AwayScore': 38, 'HomeScore': 45}, {'PeriodID': 116238, 'GameID': 69695, 'Number': 3, 'Name': 'OT', 'Type': 'Overtime', 'AwayScore': 14, 'HomeScore': 7}]"
78,69696,2026,1,Final,2025-11-03T00:00:00,2025-11-03T22:00:00,CALTECH,CSUFL,402,123,69.0,115.0,2025-11-05T00:19:02,F,0.0,0.0,,,,,60069696,60000402,60000123,,,,,,,,,,,Scrambled,True,2025-11-04T00:09:30,,,,,ESPN+,False,,,,,2025-11-04T03:00:00,831.0,"{'StadiumID': 260, 'Active': True, 'Name': 'Titan Gym', 'Address': None, 'City': 'Fullerton', 'State': 'CA', 'Zip': None, 'Country': None, 'Capacity': 4000, 'GeoLat': 33.883046, 'GeoLong': -117.88609}","[{'PeriodID': 116274, 'GameID': 69696, 'Number': 1, 'Name': '1', 'Type': 'Half', 'AwayScore': 37, 'HomeScore': 55}, {'PeriodID': 116302, 'GameID': 69696, 'Number': 2, 'Name': '2', 'Type': 'Half', 'AwayScore': 32, 'HomeScore': 60}]"
79,69697,2026,1,Final,2025-11-03T00:00:00,2025-11-03T19:30:00,LETYJ,SMHO,853,295,50.0,80.0,2025-11-05T00:19:02,F,0.0,0.0,,,,,60069697,60000853,60000295,,,,,,,,,,,Scrambled,True,2025-11-03T21:48:36,,,,,ESPN+,False,,,,,2025-11-04T00:30:00,1488.0,"{'StadiumID': 306, 'Active': True, 'Name': 'Bernard G. Johnson Coliseum', 'Address': None, 'City': 'Huntsville', 'State': 'TX', 'Zip': None, 'Country': None, 'Capacity': 6100, 'GeoLat': 30.712778, 'GeoLong': -95.546111}","[{'PeriodID': 116071, 'GameID': 69697, 'Number': 1, 'Name': '1', 'Type': 'Half', 'AwayScore': 25, 'HomeScore': 34}, {'PeriodID': 116189, 'GameID': 69697, 'Number': 2, 'Name': '2', 'Type': 'Half', 'AwayScore': 24, 'HomeScore': 46}]"
80,69698,2026,1,Final,2025-11-03T00:00:00,2025-11-03T21:00:00,MCMR,ABCHR,748,296,46.0,78.0,2025-11-05T00:19:02,F,0.0,0.0,,,,,60069698,60000748,60000296,,,,,,,,,,,Scrambled,True,2025-11-03T23:03:24,,,,,ESPN+,False,,,,,2025-11-04T02:00:00,1523.0,"{'StadiumID': 133, 'Active': True, 'Name': 'Moody Coliseum (Abilene)', 'Address': None, 'City': 'Abilene', 'State': 'TX', 'Zip': None, 'Country': None, 'Capacity': 3600, 'GeoLat': 32.470333, 'GeoLong': -99.70925}","[{'PeriodID': 116194, 'GameID': 69698, 'Number': 1, 'Name': '1', 'Type': 'Half', 'AwayScore': 19, 'HomeScore': 35}, {'PeriodID': 116279, 'GameID': 69698, 'Number': 2, 'Name': '2', 'Type': 'Half', 'AwayScore': 28, 'HomeScore': 43}]"
81,69699,2026,1,Canceled,2025-11-03T00:00:00,2025-11-03T22:30:00,SC,CABAP,267,394,,,2025-10-05T01:21:30,,,,,,,,60069699,60000267,60000394,,,,,,,,,,,Scrambled,False,,,,,,,False,,,,,2025-11-04T03:30:00,,"{'StadiumID': 345, 'Active': True, 'Name': 'Dale E. and Sarah Ann Fowler Events Center', 'Address': None, 'City': 'Riverside', 'State': 'CA', 'Zip': None, 'Country': None, 'Capacity': 5050, 'GeoLat': 33.5548, 'GeoLong': -117.253}",[]
82,70202,2026,1,Final,2025-11-03T00:00:00,2025-11-03T19:00:00,MTOLI,NCW,1132,124,65.0,89.0,2025-11-05T00:19:02,F,0.0,0.0,,,,,60070202,60001132,60000124,,,,,,,,,,,Scrambled,True,2025-11-03T21:14:28,,,,,FloC,False,,,,,2025-11-04T00:00:00,5220.0,"{'StadiumID': 117, 'Active': True, 'Name': 'Trask Coliseum', 'Address': None, 'City': 'Wilmington', 'State': 'NC', 'Zip': None, 'Country': None, 'Capacity': 5200, 'GeoLat': 34.225, 'GeoLong': -77.878333}","[{'PeriodID': 116052, 'GameID': 70202, 'Number': 1, 'Name': '1', 'Type': 'Half', 'AwayScore': 28, 'HomeScore': 52}, {'PeriodID': 116161, 'GameID': 70202, 'Number': 2, 'Name': '2', 'Type': 'Half', 'AwayScore': 37, 'HomeScore': 37}]"
83,70250,2026,1,Final,2025-11-03T00:00:00,2025-11-03T21:00:00,HIPACI,BOISE,743,215,67.0,66.0,2025-11-05T00:19:02,F,0.0,0.0,,,,,60070250,60000743,60000215,,,,,,,,,,,Scrambled,True,2025-11-03T22:54:57,,,,,MWN,False,,,,,2025-11-04T02:00:00,10795.0,"{'StadiumID': 171, 'Active': True, 'Name': 'ExtraMile Arena', 'Address': None, 'City': 'Boise', 'State': 'ID', 'Zip': None, 'Country': None, 'Capacity': 12480, 'GeoLat': 43.6035, 'GeoLong': -116.199}","[{'PeriodID': 116215, 'GameID': 70250, 'Number': 1, 'Name': '1', 'Type': 'Half', 'AwayScore': 32, 'HomeScore': 31}, {'PeriodID': 116270, 'GameID': 70250, 'Number': 2, 'Name': '2', 'Type': 'Half', 'AwayScore': 35, 'HomeScore': 35}]"
84,70251,2026,1,Final,2025-11-03T00:00:00,2025-11-03T21:00:00,INCAR,COLST,294,217,54.0,83.0,2025-11-05T00:19:02,F,0.0,0.0,-8.9,124.9,383.0,-550.0,60070251,60000294,60000217,,,,,,,,,,,Scrambled,True,2025-11-03T23:00:22,258762.0,258761.0,,,MWN,False,-95.0,-91.0,-95.0,-93.0,2025-11-04T02:00:00,4679.0,"{'StadiumID': 155, 'Active': True, 'Name': 'Moby Arena', 'Address': None, 'City': 'Fort Collins', 'State': 'CO', 'Zip': None, 'Country': None, 'Capacity': 8083, 'GeoLat': 40.575669, 'GeoLong': -105.093403}","[{'PeriodID': 116216, 'GameID': 70251, 'Number': 1, 'Name': '1', 'Type': 'Half', 'AwayScore': 23, 'HomeScore': 35}, {'PeriodID': 116275, 'GameID': 70251, 'Number': 2, 'Name': '2', 'Type': 'Half', 'AwayScore': 31, 'HomeScore': 48}]"
85,70252,2026,1,Final,2025-11-03T00:00:00,2025-11-03T20:30:00,NORTHST,WYOM,1355,219,63.0,84.0,2025-11-05T00:19:02,F,0.0,0.0,,,,,60070252,60001355,60000219,,,,,,,,,,,Scrambled,True,2025-11-03T22:20:37,,,,,MWN,False,,,,,2025-11-04T01:30:00,3098.0,"{'StadiumID': 82, 'Active': True, 'Name': 'Arena Auditorium', 'Address': None, 'City': 'Laramie', 'State': 'WY', 'Zip': None, 'Country': None, 'Capacity': 11612, 'GeoLat': 41.313344, 'GeoLong': -105.569419}","[{'PeriodID': 116167, 'GameID': 70252, 'Number': 1, 'Name': '1', 'Type': 'Half', 'AwayScore': 34, 'HomeScore': 42}, {'PeriodID': 116244, 'GameID': 70252, 'Number': 2, 'Name': '2', 'Type': 'Half', 'AwayScore': 30, 'HomeScore': 41}]"
86,70329,2026,1,Final,2025-11-03T00:00:00,2025-11-03T22:00:00,DEN,SEA,319,347,62.0,71.0,2025-11-05T00:19:02,F,0.0,0.0,-11.4,115.2,527.0,-827.0,60070329,60000319,60000347,,,,,,,,,,,Scrambled,True,2025-11-04T00:09:25,744.0,744.0,,,ESPN+,False,-96.0,-93.0,-95.0,-94.0,2025-11-04T03:00:00,957.0,"{'StadiumID': 266, 'Active': True, 'Name': 'Redhawk Center', 'Address': None, 'City': 'Seattle', 'State': 'WA', 'Zip': None, 'Country': None, 'Capacity': 999, 'GeoLat': 47.607222, 'GeoLong': -122.313333}","[{'PeriodID': 116260, 'GameID': 70329, 'Number': 1, 'Name': '1', 'Type': 'Half', 'AwayScore': 31, 'HomeScore': 35}, {'PeriodID': 116304, 'GameID': 70329, 'Number': 2, 'Name': '2', 'Type': 'Half', 'AwayScore': 30, 'HomeScore': 35}]"
87,70330,2026,1,Final,2025-11-03T00:00:00,2025-11-03T21:00:00,LIFE,PEPP,460,337,68.0,74.0,2025-11-05T00:19:02,F,0.0,0.0,,,,,60070330,60000460,60000337,,,,,,,,,,,Scrambled,True,2025-11-03T23:37:05,,,,,ESPN+,False,,,,,2025-11-04T02:00:00,10.0,"{'StadiumID': 287, 'Active': True, 'Name': 'Firestone Fieldhouse', 'Address': None, 'City': 'Malibu', 'State': 'CA', 'Zip': None, 'Country': None, 'Capacity': 3104, 'GeoLat': 34.038571, 'GeoLong': -118.709625}","[{'PeriodID': 116210, 'GameID': 70330, 'Number': 1, 'Name': '1', 'Type': 'Half', 'AwayScore': 36, 'HomeScore': 42}, {'PeriodID': 116282, 'GameID': 70330, 'Number': 2, 'Name': '2', 'Type': 'Half', 'AwayScore': 31, 'HomeScore': 32}]"
88,70331,2026,1,Final,2025-11-03T00:00:00,2025-11-03T21:30:00,NDKST,OREGST,318,252,55.0,57.0,2025-11-05T00:19:02,F,0.0,0.0,-8.0,122.0,299.0,-395.0,60070331,60000318,60000252,,,,,,,,,,,Scrambled,True,2025-11-03T23:31:08,739.0,738.0,,,ESPN+,False,-95.0,-93.0,-94.0,-94.0,2025-11-04T02:30:00,2829.0,"{'StadiumID': 70, 'Active': True, 'Name': 'Gill Coliseum', 'Address': None, 'City': 'Corvallis', 'State': 'OR', 'Zip': None, 'Country': None, 'Capacity': 9301, 'GeoLat': 44.5613, 'GeoLong': -123.2805}","[{'PeriodID': 116243, 'GameID': 70331, 'Number': 1, 'Name': '1', 'Type': 'Half', 'AwayScore': 27, 'HomeScore': 25}, {'PeriodID': 116287, 'GameID': 70331, 'Number': 2, 'Name': '2', 'Type': 'Half', 'AwayScore': 28, 'HomeScore': 31}]"
89,70332,2026,1,Final,2025-11-03T00:00:00,2025-11-03T21:00:00,TXS,GNZG,304,334,36.0,83.0,2025-11-05T00:19:02,F,0.0,0.0,-24.9,133.4,2363.0,-42200.0,60070332,60000304,60000334,,,,,,,,,,,Scrambled,True,2025-11-03T23:05:36,258769.0,258768.0,,,ESPN+,False,-94.0,-94.0,-95.0,-93.0,2025-11-04T02:00:00,6000.0,"{'StadiumID': 3, 'Active': True, 'Name': 'McCarthey Athletic Center', 'Address': None, 'City': 'Spokane', 'State': 'WA', 'Zip': None, 'Country': None, 'Capacity': 6000, 'GeoLat': 47.665, 'GeoLong': -117.399}","[{'PeriodID': 116196, 'GameID': 70332, 'Number': 1, 'Name': '1', 'Type': 'Half', 'AwayScore': 23, 'HomeScore': 39}, {'PeriodID': 116283, 'GameID': 70332, 'Number': 2, 'Name': '2', 'Type': 'Half', 'AwayScore': 14, 'HomeScore': 44}]"
90,70333,2026,1,Final,2025-11-03T00:00:00,2025-11-03T20:00:00,UNTD,TXA,1202,325,34.0,77.0,2025-11-05T00:19:02,F,0.0,0.0,,,,,60070333,60001202,60000325,,,,,,,,,,,Scrambled,True,2025-11-03T22:07:38,,,,,ESPN+,False,,,,,2025-11-04T01:00:00,1153.0,"{'StadiumID': 332, 'Active': True, 'Name': 'College Park Center', 'Address': None, 'City': 'Arlington', 'State': 'TX', 'Zip': None, 'Country': None, 'Capacity': 7000, 'GeoLat': 32.730586, 'GeoLong': -97.107972}","[{'PeriodID': 116104, 'GameID': 70333, 'Number': 1, 'Name': '1', 'Type': 'Half', 'AwayScore': 12, 'HomeScore': 39}, {'PeriodID': 116232, 'GameID': 70333, 'Number': 2, 'Name': '2', 'Type': 'Half', 'AwayScore': 22, 'HomeScore': 38}]"
91,70334,2026,1,Final,2025-11-03T00:00:00,2025-11-03T22:00:00,WMETTE,PORT,718,340,70.0,101.0,2025-11-05T00:19:02,F,0.0,0.0,,,,,60070334,60000718,60000340,,,,,,,,,,,Scrambled,True,2025-11-04T00:17:20,,,,,ESPN+,False,,,,,2025-11-04T03:00:00,1008.0,"{'StadiumID': 254, 'Active': True, 'Name': 'Chiles Center', 'Address': None, 'City': 'Portland', 'State': 'OR', 'Zip': None, 'Country': None, 'Capacity': 4852, 'GeoLat': 45.575, 'GeoLong': -122.728}","[{'PeriodID': 116269, 'GameID': 70334, 'Number': 1, 'Name': '1', 'Type': 'Half', 'AwayScore': 47, 'HomeScore': 53}, {'PeriodID': 116306, 'GameID': 70334, 'Number': 2, 'Name': '2', 'Type': 'Half', 'AwayScore': 23, 'HomeScore': 48}]"
92,70335,2026,1,Final,2025-11-03T00:00:00,2025-11-03T22:00:00,LOAKS,LOYMRY,1170,343,46.0,116.0,2025-11-05T00:19:02,F,0.0,0.0,,,,,60070335,60001170,60000343,,,,,,,,,,,Scrambled,True,2025-11-03T23:56:01,,,,,ESPN+,False,,,,,2025-11-04T03:00:00,761.0,"{'StadiumID': 257, 'Active': True, 'Name': 'Gersten Pavilion', 'Address': None, 'City': 'Los Angeles', 'State': 'CA', 'Zip': None, 'Country': None, 'Capacity': 4156, 'GeoLat': 33.9675, 'GeoLong': -118.415556}","[{'PeriodID': 116264, 'GameID': 70335, 'Number': 1, 'Name': '1', 'Type': 'Half', 'AwayScore': 15, 'HomeScore': 63}, {'PeriodID': 116298, 'GameID': 70335, 'Number': 2, 'Name': '2', 'Type': 'Half', 'AwayScore': 30, 'HomeScore': 52}]"
93,70513,2026,1,Final,2025-11-03T00:00:00,2025-11-03T19:30:00,BOSTU,NEAST,259,131,64.0,63.0,2025-11-05T00:19:02,F,0.0,0.0,-2.1,120.3,98.0,-119.0,60070513,60000259,60000131,,,,,,,,,,,Scrambled,True,2025-11-03T21:58:12,258725.0,258724.0,,,FloC,False,-96.0,-91.0,-95.0,-95.0,2025-11-04T00:30:00,2189.0,"{'StadiumID': 57, 'Active': True, 'Name': 'Matthews Arena', 'Address': None, 'City': 'Boston', 'State': 'MA', 'Zip': None, 'Country': None, 'Capacity': 5066, 'GeoLat': 42.341111, 'GeoLong': -71.084444}","[{'PeriodID': 116065, 'GameID': 70513, 'Number': 1, 'Name': '1', 'Type': 'Half', 'AwayScore': 27, 'HomeScore': 26}, {'PeriodID': 116181, 'GameID': 70513, 'Number': 2, 'Name': '2', 'Type': 'Half', 'AwayScore': 29, 'HomeScore': 30}, {'PeriodID': 116254, 'GameID': 70513, 'Number': 3, 'Name': 'OT', 'Type': 'Overtime', 'AwayScore': 7, 'HomeScore': 6}]"
94,70559,2026,1,Final,2025-11-03T00:00:00,2025-11-03T20:00:00,HOFST,UCF,128,8,66.0,69.0,2025-11-05T00:19:02,F,0.0,0.0,-8.0,118.6,337.0,-468.0,60070559,60000128,60000008,,,,,,,,,,,Scrambled,True,2025-11-03T23:15:10,717.0,717.0,,,ESPN+,False,-94.0,-92.0,-95.0,-92.0,2025-11-04T01:00:00,6029.0,"{'StadiumID': 20, 'Active': True, 'Name': 'Addition Financial Arena', 'Address': None, 'City': 'Orlando', 'State': 'FL', 'Zip': None, 'Country': None, 'Capacity': 10000, 'GeoLat': 28.6068, 'GeoLong': -81.1976}","[{'PeriodID': 116187, 'GameID': 70559, 'Number': 1, 'Name': '1', 'Type': 'Half', 'AwayScore': 27, 'HomeScore': 30}, {'PeriodID': 116263, 'GameID': 70559, 'Number': 2, 'Name': '2', 'Type': 'Half', 'AwayScore': 39, 'HomeScore': 39}]"
95,70560,2026,1,Final,2025-11-03T00:00:00,2025-11-03T20:00:00,LEHI,HOU,260,6,48.0,63.0,2025-11-05T00:19:02,F,0.0,0.0,-30.8,115.2,,,60070560,60000260,60000006,,,,,,,,,,,Scrambled,True,2025-11-03T22:15:33,258743.0,258743.0,,,CBSS,False,-93.0,-95.0,-90.0,-95.0,2025-11-04T01:00:00,7035.0,"{'StadiumID': 343, 'Active': True, 'Name': 'Fertitta Center', 'Address': None, 'City': 'Houston', 'State': 'TX', 'Zip': None, 'Country': None, 'Capacity': 7035, 'GeoLat': 29.724722, 'GeoLong': -95.346944}","[{'PeriodID': 116127, 'GameID': 70560, 'Number': 1, 'Name': '1', 'Type': 'Half', 'AwayScore': 19, 'HomeScore': 37}, {'PeriodID': 116235, 'GameID': 70560, 'Number': 2, 'Name': '2', 'Type': 'Half', 'AwayScore': 29, 'HomeScore': 26}]"
96,70561,2026,1,Final,2025-11-03T00:00:00,2025-11-03T17:00:00,TOM,STNH,791,1213,41.0,84.0,2025-11-03T19:22:50,F,0.0,0.0,,,,,60070561,60000791,60001213,,,,,,,,,,,Scrambled,True,2025-11-03T18:55:48,,,,,NEC,False,,,,,2025-11-03T22:00:00,318.0,"{'StadiumID': 542, 'Active': True, 'Name': 'Merkert Gymnasium', 'Address': None, 'City': 'South Easton', 'State': 'MA', 'Zip': None, 'Country': None, 'Capacity': 1560, 'GeoLat': 42.0576, 'GeoLong': -71.0789}","[{'PeriodID': 115982, 'GameID': 70561, 'Number': 1, 'Name': '1', 'Type': 'Half', 'AwayScore': 14, 'HomeScore': 44}, {'PeriodID': 115985, 'GameID': 70561, 'Number': 2, 'Name': '2', 'Type': 'Half', 'AwayScore': 27, 'HomeScore': 41}]"
97,70562,2026,1,Final,2025-11-03T00:00:00,2025-11-03T18:30:00,FURMAN,HPNT,283,85,60.0,82.0,2025-11-03T20:43:27,F,0.0,0.0,-3.0,130.8,115.0,-138.0,60070562,60000283,60000085,,,,,,,,,,,Scrambled,True,2025-11-03T20:23:52,258690.0,258691.0,,,YT,True,-93.0,-93.0,-93.0,-95.0,2025-11-03T23:30:00,473.0,"{'StadiumID': 512, 'Active': True, 'Name': 'Rock Hill Sports & Event Center', 'Address': None, 'City': 'Rock Hill', 'State': 'SC', 'Zip': None, 'Country': None, 'Capacity': 1200, 'GeoLat': None, 'GeoLong': None}","[{'PeriodID': 115994, 'GameID': 70562, 'Number': 1, 'Name': '1', 'Type': 'Half', 'AwayScore': 34, 'HomeScore': 46}, {'PeriodID': 116066, 'GameID': 70562, 'Number': 2, 'Name': '2', 'Type': 'Half', 'AwayScore': 26, 'HomeScore': 35}]"
98,70563,2026,1,Final,2025-11-03T00:00:00,2025-11-03T20:00:00,LIPSC,VAND,40,273,51.0,89.0,2025-11-05T00:19:02,F,0.0,0.0,-22.4,130.4,2211.0,-16880.0,60070563,60000040,60000273,,,,,,,,,,,Scrambled,True,2025-11-03T22:00:31,258750.0,258749.0,,,SEC,False,-95.0,-93.0,-92.0,-95.0,2025-11-04T01:00:00,6577.0,"{'StadiumID': 75, 'Active': True, 'Name': 'Memorial Gymnasium (TN)', 'Address': None, 'City': 'Nashville', 'State': 'TN', 'Zip': None, 'Country': None, 'Capacity': 14316, 'GeoLat': 36.144611, 'GeoLong': -86.80742}","[{'PeriodID': 116111, 'GameID': 70563, 'Number': 1, 'Name': '1', 'Type': 'Half', 'AwayScore': 22, 'HomeScore': 47}, {'PeriodID': 116199, 'GameID': 70563, 'Number': 2, 'Name': '2', 'Type': 'Half', 'AwayScore': 30, 'HomeScore': 41}]"
99,70627,2026,1,Final,2025-11-03T00:00:00,2025-11-03T20:00:00,UWG,NEBR,1391,99,45.0,73.0,2025-11-05T00:19:02,F,0.0,0.0,-20.7,129.6,1669.0,-8158.0,60070627,60001391,60000099,,,,,,,,,,,Scrambled,True,2025-11-03T21:47:21,258738.0,258737.0,,,B1G+,False,-95.0,-94.0,-91.0,-95.0,2025-11-04T01:00:00,13555.0,"{'StadiumID': 60, 'Active': True, 'Name': 'Pinnacle Bank Arena', 'Address': None, 'City': 'Lincoln', 'State': 'NE', 'Zip': None, 'Country': None, 'Capacity': 15000, 'GeoLat': 40.817778, 'GeoLong': -96.713333}","[{'PeriodID': 116087, 'GameID': 70627, 'Number': 1, 'Name': '1', 'Type': 'Half', 'AwayScore': 21, 'HomeScore': 25}, {'PeriodID': 116190, 'GameID': 70627, 'Number': 2, 'Name': '2', 'Type': 'Half', 'AwayScore': 24, 'HomeScore': 47}]"
100,70628,2026,1,Final,2025-11-03T00:00:00,2025-11-03T16:00:00,DRAKE,NARZ,211,79,65.0,60.0,2025-11-03T18:37:49,F,0.0,0.0,6.1,122.0,-341.0,259.0,60070628,60000211,60000079,,,,,,,,,,,Scrambled,True,2025-11-03T18:07:06,654.0,655.0,,,YT,True,-88.0,-98.0,-94.0,-94.0,2025-11-03T21:00:00,1420.0,"{'StadiumID': 388, 'Active': True, 'Name': 'Sanford Pentagon', 'Address': None, 'City': 'Sioux Falls', 'State': 'SD', 'Zip': None, 'Country': None, 'Capacity': 3250, 'GeoLat': 43.593056, 'GeoLong': -96.758611}","[{'PeriodID': 115981, 'GameID': 70628, 'Number': 1, 'Name': '1', 'Type': 'Half', 'AwayScore': 24, 'HomeScore': 26}, {'PeriodID': 115983, 'GameID': 70628, 'Number': 2, 'Name': '2', 'Type': 'Half', 'AwayScore': 41, 'HomeScore': 34}]"
101,70853,2026,1,Final,2025-11-03T00:00:00,2025-11-03T22:00:00,LASU,UCRVS,1077,120,41.0,76.0,2025-11-05T00:19:02,F,0.0,0.0,,,,,60070853,60001077,60000120,,,,,,,,,,,Scrambled,True,2025-11-03T23:48:58,,,,,ESPN+,False,,,,,2025-11-04T03:00:00,556.0,"{'StadiumID': 319, 'Active': True, 'Name': 'SRC Arena', 'Address': None, 'City': 'Riverside', 'State': 'CA', 'Zip': None, 'Country': None, 'Capacity': 3168, 'GeoLat': 33.9789, 'GeoLong': -117.32813}","[{'PeriodID': 116266, 'GameID': 70853, 'Number': 1, 'Name': '1', 'Type': 'Half', 'AwayScore': 23, 'HomeScore': 38}, {'PeriodID': 116299, 'GameID': 70853, 'Number': 2, 'Name': '2', 'Type': 'Half', 'AwayScore': 19, 'HomeScore': 38}]"
102,70862,2026,1,Final,2025-11-03T00:00:00,2025-11-03T20:30:00,OAK,MICH,149,95,66.0,102.0,2025-11-03T22:35:34,F,0.0,0.0,-20.7,132.1,1800.0,-8440.0,60070862,60000149,60000095,,,,,,,,,,,Scrambled,True,2025-11-03T22:30:10,728.0,727.0,,,FS1,False,-94.0,-94.0,-93.0,-93.0,2025-11-04T01:30:00,,"{'StadiumID': 12, 'Active': True, 'Name': 'Crisler Center', 'Address': None, 'City': 'Ann Arbor', 'State': 'MI', 'Zip': None, 'Country': None, 'Capacity': 12707, 'GeoLat': 42.265037, 'GeoLong': -83.746768}","[{'PeriodID': 116180, 'GameID': 70862, 'Number': 1, 'Name': '1', 'Type': 'Half', 'AwayScore': 32, 'HomeScore': 58}, {'PeriodID': 116253, 'GameID': 70862, 'Number': 2, 'Name': '2', 'Type': 'Half', 'AwayScore': 34, 'HomeScore': 44}]"
103,70863,2026,1,Final,2025-11-03T00:00:00,2025-11-03T19:00:00,WILL,RADF,322,86,63.0,68.0,2025-11-05T00:19:02,F,0.0,0.0,-13.9,127.9,896.0,-1815.0,60070863,60000322,60000086,,,,,,,,,,,Scrambled,True,2025-11-03T21:17:27,258708.0,258707.0,,,ESPN+,False,-97.0,-89.0,-95.0,-92.0,2025-11-04T00:00:00,1767.0,"{'StadiumID': 135, 'Active': True, 'Name': 'Donald N. Dedmon Center', 'Address': None, 'City': 'Radford', 'State': 'VA', 'Zip': None, 'Country': None, 'Capacity': 3125, 'GeoLat': 37.1386, 'GeoLong': -80.541769}","[{'PeriodID': 116025, 'GameID': 70863, 'Number': 1, 'Name': '1', 'Type': 'Half', 'AwayScore': 25, 'HomeScore': 30}, {'PeriodID': 116119, 'GameID': 70863, 'Number': 2, 'Name': '2', 'Type': 'Half', 'AwayScore': 38, 'HomeScore': 37}]"
104,70864,2026,1,Final,2025-11-03T00:00:00,2025-11-03T20:00:00,MENLO,UCDV,645,118,58.0,81.0,2025-11-05T00:19:02,F,0.0,0.0,,,,,60070864,60000645,60000118,,,,,,,,,,,Scrambled,True,2025-11-03T22:06:50,,,,,ESPN+,False,,,,,2025-11-04T01:00:00,877.0,"{'StadiumID': 80, 'Active': True, 'Name': 'University Credit Union Center', 'Address': None, 'City': 'Davis', 'State': 'CA', 'Zip': None, 'Country': None, 'Capacity': 6003, 'GeoLat': 38.541667, 'GeoLong': -121.759444}","[{'PeriodID': 116132, 'GameID': 70864, 'Number': 1, 'Name': '1', 'Type': 'Half', 'AwayScore': 29, 'HomeScore': 35}, {'PeriodID': 116224, 'GameID': 70864, 'Number': 2, 'Name': '2', 'Type': 'Half', 'AwayScore': 30, 'HomeScore': 46}]"
105,70885,2026,1,Final,2025-11-03T00:00:00,2025-11-03T18:00:00,WIDENP,DREXEL,805,132,50.0,78.0,2025-11-03T20:26:36,F,0.0,0.0,,,,,60070885,60000805,60000132,,,,,,,,,,,Scrambled,True,2025-11-03T19:49:58,,,,,FloC,False,,,,,2025-11-03T23:00:00,1039.0,"{'StadiumID': 247, 'Active': True, 'Name': 'Daskalakis Athletic Center', 'Address': None, 'City': 'Philadelphia', 'State': 'PA', 'Zip': None, 'Country': None, 'Capacity': 2509, 'GeoLat': 39.956389, 'GeoLong': -75.190833}","[{'PeriodID': 115986, 'GameID': 70885, 'Number': 1, 'Name': '1', 'Type': 'Half', 'AwayScore': 19, 'HomeScore': 37}, {'PeriodID': 116047, 'GameID': 70885, 'Number': 2, 'Name': '2', 'Type': 'Half', 'AwayScore': 30, 'HomeScore': 41}]"
106,70886,2026,1,Final,2025-11-03T00:00:00,2025-11-03T19:00:00,TUSC,CHAR,1058,129,49.0,67.0,2025-11-05T00:19:02,F,0.0,0.0,,,,,60070886,60001058,60000129,,,,,,,,,,,Scrambled,True,2025-11-03T21:00:26,,,,,FloC,False,,,,,2025-11-04T00:00:00,5122.0,"{'StadiumID': 29, 'Active': True, 'Name': 'TD Arena', 'Address': None, 'City': 'Charleston', 'State': 'SC', 'Zip': None, 'Country': None, 'Capacity': 5100, 'GeoLat': 32.785556, 'GeoLong': -79.934444}","[{'PeriodID': 116049, 'GameID': 70886, 'Number': 1, 'Name': '1', 'Type': 'Half', 'AwayScore': 17, 'HomeScore': 35}, {'PeriodID': 116153, 'GameID': 70886, 'Number': 2, 'Name': '2', 'Type': 'Half', 'AwayScore': 32, 'HomeScore': 32}]"
107,70887,2026,1,Final,2025-11-03T00:00:00,2025-11-03T21:30:00,CALPOL,USC,122,246,54.0,79.0,2025-11-05T00:19:02,F,0.0,0.0,-20.7,138.0,1674.0,-6892.0,60070887,60000122,60000246,,,,,,,,,,,Scrambled,True,2025-11-03T23:39:37,738.0,737.0,,,B1G+,False,-93.0,-95.0,-96.0,-91.0,2025-11-04T02:30:00,3902.0,"{'StadiumID': 84, 'Active': True, 'Name': 'Galen Center', 'Address': None, 'City': 'Los Angeles', 'State': 'CA', 'Zip': None, 'Country': None, 'Capacity': 10258, 'GeoLat': 34.021, 'GeoLong': -118.28}","[{'PeriodID': 116240, 'GameID': 70887, 'Number': 1, 'Name': '1', 'Type': 'Half', 'AwayScore': 26, 'HomeScore': 31}, {'PeriodID': 116290, 'GameID': 70887, 'Number': 2, 'Name': '2', 'Type': 'Half', 'AwayScore': 28, 'HomeScore': 48}]"
108,70888,2026,1,Final,2025-11-03T00:00:00,2025-11-03T18:31:00,FARM,STBR,785,12,50.0,56.0,2025-11-03T20:43:27,F,0.0,0.0,,,,,60070888,60000785,60000012,,,,,,,,,,,Scrambled,True,2025-11-03T20:27:51,,,,,FloC,False,,,,,2025-11-03T23:31:00,1876.0,"{'StadiumID': 629, 'Active': True, 'Name': 'Stony Brook Arena', 'Address': None, 'City': 'Stony Brook', 'State': 'NY', 'Zip': None, 'Country': None, 'Capacity': None, 'GeoLat': None, 'GeoLong': None}","[{'PeriodID': 115990, 'GameID': 70888, 'Number': 1, 'Name': '1', 'Type': 'Half', 'AwayScore': 19, 'HomeScore': 25}, {'PeriodID': 116064, 'GameID': 70888, 'Number': 2, 'Name': '2', 'Type': 'Half', 'AwayScore': 31, 'HomeScore': 30}]"
109,70889,2026,1,Final,2025-11-03T00:00:00,2025-11-03T19:00:00,MARSH,UMASS,136,55,66.0,61.0,2025-11-05T00:19:02,F,0.0,0.0,-3.8,128.7,130.0,-156.0,60070889,60000136,60000055,,,,,,,,,,,Scrambled,True,2025-11-03T21:27:22,672.0,671.0,,,ESPN+,False,-93.0,-94.0,-94.0,-94.0,2025-11-04T00:00:00,2256.0,"{'StadiumID': 296, 'Active': True, 'Name': 'William D. Mullins Memorial Center', 'Address': None, 'City': 'Amherst', 'State': 'MA', 'Zip': None, 'Country': None, 'Capacity': 9493, 'GeoLat': 42.389381, 'GeoLong': -72.533439}","[{'PeriodID': 116020, 'GameID': 70889, 'Number': 1, 'Name': '1', 'Type': 'Half', 'AwayScore': 32, 'HomeScore': 31}, {'PeriodID': 116159, 'GameID': 70889, 'Number': 2, 'Name': '2', 'Type': 'Half', 'AwayScore': 34, 'HomeScore': 30}]"
110,70890,2026,1,Final,2025-11-03T00:00:00,2025-11-03T19:00:00,COLG,MST,261,97,58.0,68.0,2025-11-05T00:19:02,F,0.0,0.0,-18.6,122.0,1393.0,-5035.0,60070890,60000261,60000097,,,,,,,,,,,Scrambled,True,2025-11-03T20:59:34,258700.0,258699.0,,,B1G+,False,-93.0,-95.0,-95.0,-93.0,2025-11-04T00:00:00,14797.0,"{'StadiumID': 175, 'Active': True, 'Name': 'Breslin Center', 'Address': None, 'City': 'East Lansing', 'State': 'MI', 'Zip': None, 'Country': None, 'Capacity': 14797, 'GeoLat': 42.728227, 'GeoLong': -84.492396}","[{'PeriodID': 116032, 'GameID': 70890, 'Number': 1, 'Name': '1', 'Type': 'Half', 'AwayScore': 29, 'HomeScore': 31}, {'PeriodID': 116083, 'GameID': 70890, 'Number': 2, 'Name': '2', 'Type': 'Half', 'AwayScore': 30, 'HomeScore': 36}]"
111,70891,2026,1,Final,2025-11-03T00:00:00,2025-11-03T20:30:00,JACKST,ILL,306,102,46.0,95.0,2025-11-05T00:19:02,F,0.0,0.0,-24.1,132.9,2532.0,-16880.0,60070891,60000306,60000102,,,,,,,,,,,Scrambled,True,2025-11-03T22:24:02,258760.0,258759.0,,,BTN,False,-93.0,-93.0,-91.0,-96.0,2025-11-04T01:30:00,14511.0,"{'StadiumID': 98, 'Active': True, 'Name': 'State Farm Center', 'Address': None, 'City': 'Champaign', 'State': 'IL', 'Zip': None, 'Country': None, 'Capacity': 15544, 'GeoLat': 40.096259, 'GeoLong': -88.235956}","[{'PeriodID': 116174, 'GameID': 70891, 'Number': 1, 'Name': '1', 'Type': 'Half', 'AwayScore': 23, 'HomeScore': 51}, {'PeriodID': 116249, 'GameID': 70891, 'Number': 2, 'Name': '2', 'Type': 'Half', 'AwayScore': 24, 'HomeScore': 45}]"
112,70892,2026,1,Final,2025-11-03T00:00:00,2025-11-03T23:00:00,ARPB,WASH,310,249,42.0,79.0,2025-11-05T00:19:02,F,0.0,0.0,-29.1,135.5,16880.0,-168800.0,60070892,60000310,60000249,,,,,,,,,,,Scrambled,True,2025-11-04T01:08:28,258770.0,258770.0,,,B1G+,False,-95.0,-92.0,-93.0,-93.0,2025-11-04T04:00:00,5577.0,"{'StadiumID': 15, 'Active': True, 'Name': 'Alaska Airlines Arena', 'Address': None, 'City': 'Seattle', 'State': 'WA', 'Zip': None, 'Country': None, 'Capacity': 10000, 'GeoLat': 47.652, 'GeoLong': -122.302}","[{'PeriodID': 116295, 'GameID': 70892, 'Number': 1, 'Name': '1', 'Type': 'Half', 'AwayScore': 15, 'HomeScore': 35}, {'PeriodID': 116310, 'GameID': 70892, 'Number': 2, 'Name': '2', 'Type': 'Half', 'AwayScore': 27, 'HomeScore': 45}]"
113,70893,2026,1,Final,2025-11-03T00:00:00,2025-11-03T19:30:00,HTILLO,GRMBST,410,312,40.0,77.0,2025-11-05T00:19:02,F,0.0,0.0,,,,,60070893,60000410,60000312,,,,,,,,,,,Scrambled,True,2025-11-03T21:40:54,,,,,,False,,,,,2025-11-04T00:30:00,1557.0,"{'StadiumID': 396, 'Active': True, 'Name': 'Fredrick C. Hobdy Assembly Center', 'Address': None, 'City': 'Grambling', 'State': 'LA', 'Zip': None, 'Country': None, 'Capacity': 7600, 'GeoLat': 32.520284, 'GeoLong': -92.723578}","[{'PeriodID': 116067, 'GameID': 70893, 'Number': 1, 'Name': '1', 'Type': 'Half', 'AwayScore': 18, 'HomeScore': 35}, {'PeriodID': 116185, 'GameID': 70893, 'Number': 2, 'Name': '2', 'Type': 'Half', 'AwayScore': 22, 'HomeScore': 42}]"
114,70894,2026,1,Final,2025-11-03T00:00:00,2025-11-03T20:00:00,GARDWB,MINNST,83,104,51.0,73.0,2025-11-05T00:19:02,F,0.0,0.0,-21.5,123.6,1772.0,-7596.0,60070894,60000083,60000104,,,,,,,,,,,Scrambled,True,2025-11-03T22:03:38,258745.0,258744.0,,,B1G+,False,-95.0,-93.0,-95.0,-93.0,2025-11-04T01:00:00,7669.0,"{'StadiumID': 59, 'Active': True, 'Name': 'Williams Arena', 'Address': None, 'City': 'Minneapolis', 'State': 'MN', 'Zip': None, 'Country': None, 'Capacity': 14625, 'GeoLat': 44.976944, 'GeoLong': -93.228333}","[{'PeriodID': 116089, 'GameID': 70894, 'Number': 1, 'Name': '1', 'Type': 'Half', 'AwayScore': 17, 'HomeScore': 45}, {'PeriodID': 116212, 'GameID': 70894, 'Number': 2, 'Name': '2', 'Type': 'Half', 'AwayScore': 34, 'HomeScore': 29}]"
115,70895,2026,1,Final,2025-11-03T00:00:00,2025-11-03T20:00:00,CAMP,WISC,90,96,54.0,81.0,2025-11-05T00:19:02,F,0.0,0.0,-18.6,127.4,1121.0,-3316.0,60070895,60000090,60000096,,,,,,,,,,,Scrambled,True,2025-11-03T22:01:46,719.0,718.0,,,B1G+,False,-96.0,-91.0,-93.0,-95.0,2025-11-04T01:00:00,13695.0,"{'StadiumID': 61, 'Active': True, 'Name': 'Kohl Center', 'Address': None, 'City': 'Madison', 'State': 'WI', 'Zip': None, 'Country': None, 'Capacity': 17287, 'GeoLat': 43.06942, 'GeoLong': -89.396972}","[{'PeriodID': 116096, 'GameID': 70895, 'Number': 1, 'Name': '1', 'Type': 'Half', 'AwayScore': 32, 'HomeScore': 41}, {'PeriodID': 116204, 'GameID': 70895, 'Number': 2, 'Name': '2', 'Type': 'Half', 'AwayScore': 22, 'HomeScore': 41}]"
116,70896,2026,1,Final,2025-11-03T00:00:00,2025-11-03T19:30:00,STPETE,SETON,169,60,42.0,65.0,2025-11-05T00:19:02,F,0.0,0.0,-11.4,108.9,638.0,-1093.0,60070896,60000169,60000060,,,,,,,,,,,Scrambled,True,2025-11-03T21:36:00,701.0,700.0,,,ESPN+,False,-94.0,-93.0,-95.0,-93.0,2025-11-04T00:30:00,6312.0,"{'StadiumID': 326, 'Active': True, 'Name': 'Prudential Center', 'Address': None, 'City': 'Newark', 'State': 'NJ', 'Zip': None, 'Country': None, 'Capacity': 10481, 'GeoLat': 40.733611, 'GeoLong': -74.171111}","[{'PeriodID': 116058, 'GameID': 70896, 'Number': 1, 'Name': '1', 'Type': 'Half', 'AwayScore': 24, 'HomeScore': 35}, {'PeriodID': 116183, 'GameID': 70896, 'Number': 2, 'Name': '2', 'Type': 'Half', 'AwayScore': 19, 'HomeScore': 30}]"
117,70897,2026,1,Final,2025-11-03T00:00:00,2025-11-03T19:00:00,ARZ,FL,247,271,78.0,73.0,2025-11-03T21:34:14,F,0.0,0.0,-3.0,138.0,116.0,-143.0,60070897,60000247,60000271,,,,,,,,,,,Scrambled,True,2025-11-03T21:29:01,678.0,679.0,,,TNT,True,-95.0,-93.0,-95.0,-93.0,2025-11-04T00:00:00,,"{'StadiumID': 383, 'Active': True, 'Name': 'T-Mobile Arena', 'Address': None, 'City': 'Las Vegas', 'State': 'NV', 'Zip': None, 'Country': None, 'Capacity': 19000, 'GeoLat': 36.102778, 'GeoLong': -115.178333}","[{'PeriodID': 116022, 'GameID': 70897, 'Number': 1, 'Name': '1', 'Type': 'Half', 'AwayScore': 42, 'HomeScore': 39}, {'PeriodID': 116154, 'GameID': 70897, 'Number': 2, 'Name': '2', 'Type': 'Half', 'AwayScore': 36, 'HomeScore': 35}]"
118,70898,2026,1,Final,2025-11-03T00:00:00,2025-11-03T19:30:00,MSVLST,UAB,308,134,46.0,89.0,2025-11-05T00:19:02,F,0.0,0.0,-30.0,123.2,,,60070898,60000308,60000134,,,,,,,,,,,Scrambled,True,2025-11-03T21:32:43,258735.0,258734.0,,,ESPN+,False,-91.0,-96.0,-93.0,-95.0,2025-11-04T00:30:00,3013.0,"{'StadiumID': 64, 'Active': True, 'Name': 'Bartow Arena', 'Address': None, 'City': 'Birmingham', 'State': 'AL', 'Zip': None, 'Country': None, 'Capacity': 8500, 'GeoLat': 33.502164, 'GeoLong': -86.809244}","[{'PeriodID': 116059, 'GameID': 70898, 'Number': 1, 'Name': '1', 'Type': 'Half', 'AwayScore': 19, 'HomeScore': 50}, {'PeriodID': 116182, 'GameID': 70898, 'Number': 2, 'Name': '2', 'Type': 'Half', 'AwayScore': 28, 'HomeScore': 40}]"
119,70899,2026,1,Final,2025-11-03T00:00:00,2025-11-03T20:30:00,SAMF,TULANE,289,10,61.0,72.0,2025-11-05T00:19:02,F,0.0,0.0,-6.3,130.4,212.0,-268.0,60070899,60000289,60000010,,,,,,,,,,,Scrambled,True,2025-11-03T22:20:34,726.0,725.0,,,ESPN+,False,-94.0,-93.0,-93.0,-94.0,2025-11-04T01:30:00,1467.0,"{'StadiumID': 176, 'Active': True, 'Name': 'Devlin Fieldhouse', 'Address': None, 'City': 'New Orleans', 'State': 'LA', 'Zip': None, 'Country': None, 'Capacity': 4100, 'GeoLat': 29.938611, 'GeoLong': -90.120556}","[{'PeriodID': 116168, 'GameID': 70899, 'Number': 1, 'Name': '1', 'Type': 'Half', 'AwayScore': 28, 'HomeScore': 36}, {'PeriodID': 116248, 'GameID': 70899, 'Number': 2, 'Name': '2', 'Type': 'Half', 'AwayScore': 33, 'HomeScore': 35}]"
120,70900,2026,1,Final,2025-11-03T00:00:00,2025-11-03T19:00:00,SOUTH,ARK,305,276,65.0,92.0,2025-11-05T00:19:02,F,0.0,0.0,-22.8,126.2,3165.0,-63300.0,60070900,60000305,60000276,,,,,,,,,,,Scrambled,True,2025-11-03T21:03:04,258706.0,258705.0,,,SECN,False,-92.0,-95.0,-96.0,-92.0,2025-11-04T00:00:00,19200.0,"{'StadiumID': 194, 'Active': True, 'Name': 'Bud Walton Arena', 'Address': None, 'City': 'Fayetteville', 'State': 'AR', 'Zip': None, 'Country': None, 'Capacity': 19200, 'GeoLat': 36.061518, 'GeoLong': -94.178188}","[{'PeriodID': 116003, 'GameID': 70900, 'Number': 1, 'Name': '1', 'Type': 'Half', 'AwayScore': 27, 'HomeScore': 48}, {'PeriodID': 116145, 'GameID': 70900, 'Number': 2, 'Name': '2', 'Type': 'Half', 'AwayScore': 38, 'HomeScore': 44}]"
121,70901,2026,1,Final,2025-11-03T00:00:00,2025-11-03T19:00:00,RIVI,MASLOW,612,16,46.0,90.0,2025-11-05T00:19:02,F,0.0,0.0,,,,,60070901,60000612,60000016,,,,,,,,,,,Scrambled,True,2025-11-03T20:49:03,,,,,ESPN+,False,,,,,2025-11-04T00:00:00,795.0,"{'StadiumID': 147, 'Active': True, 'Name': 'Costello Athletic Center', 'Address': None, 'City': 'Lowell', 'State': 'MA', 'Zip': None, 'Country': None, 'Capacity': 2000, 'GeoLat': 42.6555, 'GeoLong': -71.3242}","[{'PeriodID': 116026, 'GameID': 70901, 'Number': 1, 'Name': '1', 'Type': 'Half', 'AwayScore': 27, 'HomeScore': 35}, {'PeriodID': 116117, 'GameID': 70901, 'Number': 2, 'Name': '2', 'Type': 'Half', 'AwayScore': 19, 'HomeScore': 55}]"
122,70902,2026,1,Final,2025-11-03T00:00:00,2025-11-03T22:00:00,UCSC,SF,764,338,45.0,83.0,2025-11-05T00:19:02,F,0.0,0.0,,,,,60070902,60000764,60000338,,,,,,,,,,,Scrambled,True,2025-11-03T23:45:24,,,,,ESPN+,False,,,,,2025-11-04T03:00:00,848.0,"{'StadiumID': 160, 'Active': True, 'Name': 'War Memorial Gymnasium', 'Address': None, 'City': 'San Francisco', 'State': 'CA', 'Zip': None, 'Country': None, 'Capacity': 3006, 'GeoLat': 37.776944, 'GeoLong': -122.449444}","[{'PeriodID': 116258, 'GameID': 70902, 'Number': 1, 'Name': '1', 'Type': 'Half', 'AwayScore': 13, 'HomeScore': 43}, {'PeriodID': 116294, 'GameID': 70902, 'Number': 2, 'Name': '2', 'Type': 'Half', 'AwayScore': 32, 'HomeScore': 40}]"
123,70903,2026,1,Final,2025-11-03T00:00:00,2025-11-03T19:00:00,WOFF,GMSN,285,56,39.0,59.0,2025-11-05T00:19:02,F,0.0,0.0,-12.2,117.7,656.0,-1149.0,60070903,60000285,60000056,,,,,,,,,,,Scrambled,True,2025-11-03T20:59:06,695.0,695.0,,,ESPN+,False,-94.0,-93.0,-95.0,-93.0,2025-11-04T00:00:00,3009.0,"{'StadiumID': 121, 'Active': True, 'Name': 'EagleBank Arena', 'Address': None, 'City': 'Fairfax', 'State': 'VA', 'Zip': None, 'Country': None, 'Capacity': 7860, 'GeoLat': 38.827, 'GeoLong': -77.31}","[{'PeriodID': 116041, 'GameID': 70903, 'Number': 1, 'Name': '1', 'Type': 'Half', 'AwayScore': 19, 'HomeScore': 24}, {'PeriodID': 116134, 'GameID': 70903, 'Number': 2, 'Name': '2', 'Type': 'Half', 'AwayScore': 20, 'HomeScore': 35}]"
124,70904,2026,1,Final,2025-11-03T00:00:00,2025-11-03T13:00:00,BIBL,PVAM,1366,313,41.0,80.0,2025-11-03T15:59:16,F,0.0,0.0,,,,,60070904,60001366,60000313,,,,,,,,,,,Scrambled,True,2025-11-03T14:55:13,,,,,,False,,,,,2025-11-03T18:00:00,437.0,"{'StadiumID': 417, 'Active': True, 'Name': 'William Nicks Building', 'Address': None, 'City': 'Prairie View', 'State': 'TX', 'Zip': None, 'Country': None, 'Capacity': 3500, 'GeoLat': 30.092278, 'GeoLong': -95.993083}","[{'PeriodID': 115974, 'GameID': 70904, 'Number': 1, 'Name': '1', 'Type': 'Half', 'AwayScore': 26, 'HomeScore': 41}, {'PeriodID': 115977, 'GameID': 70904, 'Number': 2, 'Name': '2', 'Type': 'Half', 'AwayScore': 14, 'HomeScore': 40}]"
125,70905,2026,1,Final,2025-11-03T00:00:00,2025-11-03T13:30:00,MURST,NEOM,240,316,72.0,65.0,2025-11-03T16:16:45,F,0.0,0.0,3.9,129.6,-182.0,149.0,60070905,60000240,60000316,,,,,,,,,,,Scrambled,True,2025-11-03T15:40:02,653.0,652.0,,,YT,True,-91.0,-97.0,-94.0,-94.0,2025-11-03T18:30:00,1013.0,"{'StadiumID': 388, 'Active': True, 'Name': 'Sanford Pentagon', 'Address': None, 'City': 'Sioux Falls', 'State': 'SD', 'Zip': None, 'Country': None, 'Capacity': 3250, 'GeoLat': 43.593056, 'GeoLong': -96.758611}","[{'PeriodID': 115976, 'GameID': 70905, 'Number': 1, 'Name': '1', 'Type': 'Half', 'AwayScore': 29, 'HomeScore': 26}, {'PeriodID': 115978, 'GameID': 70905, 'Number': 2, 'Name': '2', 'Type': 'Half', 'AwayScore': 43, 'HomeScore': 39}]"
126,70906,2026,1,Final,2025-11-03T00:00:00,2025-11-03T19:00:00,GCL,WM,981,125,53.0,93.0,2025-11-05T00:19:02,F,0.0,0.0,,,,,60070906,60000981,60000125,,,,,,,,,,,Scrambled,True,2025-11-03T21:12:31,,,,,FloC,False,,,,,2025-11-04T00:00:00,2478.0,"{'StadiumID': 89, 'Active': True, 'Name': 'Kaplan Arena', 'Address': None, 'City': 'Williamsburg', 'State': 'VA', 'Zip': None, 'Country': None, 'Capacity': 8600, 'GeoLat': 37.273472, 'GeoLong': -76.719625}","[{'PeriodID': 116045, 'GameID': 70906, 'Number': 1, 'Name': '1', 'Type': 'Half', 'AwayScore': 22, 'HomeScore': 47}, {'PeriodID': 116103, 'GameID': 70906, 'Number': 2, 'Name': '2', 'Type': 'Half', 'AwayScore': 31, 'HomeScore': 46}]"
127,70907,2026,1,Final,2025-11-03T00:00:00,2025-11-03T19:00:00,MARB,LONGWD,1140,87,46.0,78.0,2025-11-05T00:19:02,F,0.0,0.0,,,,,60070907,60001140,60000087,,,,,,,,,,,Scrambled,True,2025-11-03T21:05:08,,,,,ESPN+,False,,,,,2025-11-04T00:00:00,2341.0,"{'StadiumID': 576, 'Active': True, 'Name': 'Joan Perry Brock Center', 'Address': None, 'City': 'Farmville', 'State': 'VA', 'Zip': None, 'Country': None, 'Capacity': 3000, 'GeoLat': None, 'GeoLong': None}","[{'PeriodID': 116014, 'GameID': 70907, 'Number': 1, 'Name': '1', 'Type': 'Half', 'AwayScore': 29, 'HomeScore': 37}, {'PeriodID': 116142, 'GameID': 70907, 'Number': 2, 'Name': '2', 'Type': 'Half', 'AwayScore': 18, 'HomeScore': 41}]"
128,70908,2026,1,Final,2025-11-03T00:00:00,2025-11-03T19:00:00,SUNYCOB,LEMYN,1457,427,42.0,79.0,2025-11-03T20:58:55,F,0.0,0.0,,,,,60070908,60001457,60000427,,,,,,,,,,,Scrambled,True,2025-11-03T20:41:56,,,,,NEC,False,,,,,2025-11-04T00:00:00,394.0,"{'StadiumID': 587, 'Active': True, 'Name': 'Ted Grant Court', 'Address': None, 'City': 'Syracuse', 'State': 'NY', 'Zip': None, 'Country': None, 'Capacity': 2637, 'GeoLat': None, 'GeoLong': None}","[{'PeriodID': 115996, 'GameID': 70908, 'Number': 1, 'Name': '1', 'Type': 'Half', 'AwayScore': 17, 'HomeScore': 34}, {'PeriodID': 116086, 'GameID': 70908, 'Number': 2, 'Name': '2', 'Type': 'Half', 'AwayScore': 25, 'HomeScore': 46}]"
129,70909,2026,1,Final,2025-11-03T00:00:00,2025-11-03T19:00:00,WNE,VERM,683,15,57.0,63.0,2025-11-05T00:19:02,F,0.0,0.0,,,,,60070909,60000683,60000015,,,,,,,,,,,Scrambled,True,2025-11-03T21:10:09,,,,,ESPN+,False,,,,,2025-11-04T00:00:00,1723.0,"{'StadiumID': 252, 'Active': True, 'Name': 'Patrick Gymnasium', 'Address': None, 'City': 'Burlington', 'State': 'VT', 'Zip': None, 'Country': None, 'Capacity': 3266, 'GeoLat': 44.470264, 'GeoLong': -73.194705}","[{'PeriodID': 116034, 'GameID': 70909, 'Number': 1, 'Name': '1', 'Type': 'Half', 'AwayScore': 23, 'HomeScore': 31}, {'PeriodID': 116123, 'GameID': 70909, 'Number': 2, 'Name': '2', 'Type': 'Half', 'AwayScore': 35, 'HomeScore': 32}]"
130,70910,2026,1,Final,2025-11-03T00:00:00,2025-11-03T22:30:00,SCUP,CABAP,43,394,63.0,73.0,2025-11-05T00:19:02,F,0.0,0.0,-12.2,128.7,598.0,-1001.0,60070910,60000043,60000394,,,,,,,,,,,Scrambled,True,2025-11-04T00:32:58,258772.0,258771.0,,,ESPN+,False,-94.0,-94.0,-93.0,-94.0,2025-11-04T03:30:00,4386.0,"{'StadiumID': 345, 'Active': True, 'Name': 'Dale E. and Sarah Ann Fowler Events Center', 'Address': None, 'City': 'Riverside', 'State': 'CA', 'Zip': None, 'Country': None, 'Capacity': 5050, 'GeoLat': 33.5548, 'GeoLong': -117.253}","[{'PeriodID': 116288, 'GameID': 70910, 'Number': 1, 'Name': '1', 'Type': 'Half', 'AwayScore': 24, 'HomeScore': 35}, {'PeriodID': 116307, 'GameID': 70910, 'Number': 2, 'Name': '2', 'Type': 'Half', 'AwayScore': 40, 'HomeScore': 39}]"
131,70911,2026,1,Final,2025-11-03T00:00:00,2025-11-03T20:00:00,BLUMT,ALAAM,658,309,51.0,68.0,2025-11-05T00:19:02,F,0.0,0.0,,,,,60070911,60000658,60000309,,,,,,,,,,,Scrambled,True,2025-11-03T21:48:42,,,,,SWAC,False,,,,,2025-11-04T01:00:00,851.0,"{'StadiumID': 578, 'Active': True, 'Name': 'Alabama A&M Event Center', 'Address': None, 'City': 'Huntsville', 'State': 'AL', 'Zip': None, 'Country': None, 'Capacity': 6000, 'GeoLat': 34.781139, 'GeoLong': -86.580528}","[{'PeriodID': 116101, 'GameID': 70911, 'Number': 1, 'Name': '1', 'Type': 'Half', 'AwayScore': 18, 'HomeScore': 35}, {'PeriodID': 116201, 'GameID': 70911, 'Number': 2, 'Name': '2', 'Type': 'Half', 'AwayScore': 33, 'HomeScore': 33}]"
132,70912,2026,1,Final,2025-11-03T00:00:00,2025-11-03T20:00:00,FLAM,SFL,198,11,57.0,86.0,2025-11-05T00:19:02,F,0.0,0.0,-21.9,129.6,1815.0,-7596.0,60070912,60000198,60000011,,,,,,,,,,,Scrambled,True,2025-11-03T23:04:32,258752.0,258751.0,,,ESPN+,False,-92.0,-96.0,-94.0,-95.0,2025-11-04T01:00:00,6531.0,"{'StadiumID': 21, 'Active': True, 'Name': 'Yuengling Center', 'Address': None, 'City': 'Tampa', 'State': 'FL', 'Zip': None, 'Country': None, 'Capacity': 10411, 'GeoLat': 28.059236, 'GeoLong': -82.406472}","[{'PeriodID': 116188, 'GameID': 70912, 'Number': 1, 'Name': '1', 'Type': 'Half', 'AwayScore': 28, 'HomeScore': 40}, {'PeriodID': 116255, 'GameID': 70912, 'Number': 2, 'Name': '2', 'Type': 'Half', 'AwayScore': 29, 'HomeScore': 46}]"
133,70913,2026,1,Final,2025-11-03T00:00:00,2025-11-03T20:00:00,SUNYM,ARMY,734,263,41.0,62.0,2025-11-05T00:19:02,F,0.0,0.0,,,,,60070913,60000734,60000263,,,,,,,,,,,Scrambled,True,2025-11-03T22:00:14,,,,,ESPN+,False,,,,,2025-11-04T01:00:00,829.0,"{'StadiumID': 305, 'Active': True, 'Name': 'Christl Arena', 'Address': None, 'City': 'West Point', 'State': 'NY', 'Zip': None, 'Country': None, 'Capacity': 5043, 'GeoLat': 41.38641, 'GeoLong': -73.96571}","[{'PeriodID': 116097, 'GameID': 70913, 'Number': 1, 'Name': '1', 'Type': 'Half', 'AwayScore': 23, 'HomeScore': 30}, {'PeriodID': 116219, 'GameID': 70913, 'Number': 2, 'Name': '2', 'Type': 'Half', 'AwayScore': 19, 'HomeScore': 31}]"
134,70914,2026,1,Final,2025-11-03T00:00:00,2025-11-03T21:00:00,WCBAP,WEBST,767,69,32.0,110.0,2025-11-05T00:19:02,F,0.0,0.0,,,,,60070914,60000767,60000069,,,,,,,,,,,Scrambled,True,2025-11-03T22:37:08,,,,,ESPN+,False,,,,,2025-11-04T02:00:00,1086.0,"{'StadiumID': 344, 'Active': True, 'Name': 'Dee Events Center', 'Address': None, 'City': 'Ogden', 'State': 'UT', 'Zip': None, 'Country': None, 'Capacity': 11500, 'GeoLat': 41.1825, 'GeoLong': -111.945}","[{'PeriodID': 116191, 'GameID': 70914, 'Number': 1, 'Name': '1', 'Type': 'Half', 'AwayScore': 14, 'HomeScore': 59}, {'PeriodID': 116256, 'GameID': 70914, 'Number': 2, 'Name': '2', 'Type': 'Half', 'AwayScore': 19, 'HomeScore': 51}]"
135,70915,2026,1,Final,2025-11-03T00:00:00,2025-11-03T21:30:00,COCOL,NCOL,662,75,48.0,77.0,2025-11-05T00:19:02,F,0.0,0.0,,,,,60070915,60000662,60000075,,,,,,,,,,,Scrambled,True,2025-11-03T23:21:13,,,,,,False,,,,,2025-11-04T02:30:00,1181.0,"{'StadiumID': 207, 'Active': True, 'Name': 'Bank of Colorado Arena', 'Address': None, 'City': 'Greeley', 'State': 'CO', 'Zip': None, 'Country': None, 'Capacity': 2950, 'GeoLat': 40.402251, 'GeoLong': -104.703097}","[{'PeriodID': 116241, 'GameID': 70915, 'Number': 1, 'Name': '1', 'Type': 'Half', 'AwayScore': 24, 'HomeScore': 35}, {'PeriodID': 116289, 'GameID': 70915, 'Number': 2, 'Name': '2', 'Type': 'Half', 'AwayScore': 24, 'HomeScore': 41}]"
136,70916,2026,1,Final,2025-11-03T00:00:00,2025-11-03T22:00:00,LAV,UCSD,755,1007,62.0,89.0,2025-11-05T00:19:02,F,0.0,0.0,,,,,60070916,60000755,60001007,,,,,,,,,,,Scrambled,True,2025-11-03T23:52:00,,,,,ESPN+,False,,,,,2025-11-04T03:00:00,2041.0,"{'StadiumID': 479, 'Active': True, 'Name': 'LionTree Arena', 'Address': None, 'City': 'San Diego', 'State': 'CA', 'Zip': None, 'Country': None, 'Capacity': 4000, 'GeoLat': 32.885278, 'GeoLong': -117.239223}","[{'PeriodID': 116265, 'GameID': 70916, 'Number': 1, 'Name': '1', 'Type': 'Half', 'AwayScore': 25, 'HomeScore': 40}, {'PeriodID': 116297, 'GameID': 70916, 'Number': 2, 'Name': '2', 'Type': 'Half', 'AwayScore': 36, 'HomeScore': 49}]"
137,71577,2026,1,Final,2025-11-03T00:00:00,2025-11-03T21:00:00,WSTMUT,UTAHST,633,220,46.0,93.0,2025-11-05T00:19:02,F,0.0,0.0,,,,,60071577,60000633,60000220,,,,,,,,,,,Scrambled,True,2025-11-03T22:48:15,,,,,MWN,False,,,,,2025-11-04T02:00:00,8927.0,"{'StadiumID': 138, 'Active': True, 'Name': 'Dee Glen Smith Spectrum', 'Address': None, 'City': 'Logan', 'State': 'UT', 'Zip': None, 'Country': None, 'Capacity': 10270, 'GeoLat': 41.748, 'GeoLong': -111.812}","[{'PeriodID': 116211, 'GameID': 71577, 'Number': 1, 'Name': '1', 'Type': 'Half', 'AwayScore': 23, 'HomeScore': 45}, {'PeriodID': 116273, 'GameID': 71577, 'Number': 2, 'Name': '2', 'Type': 'Half', 'AwayScore': 23, 'HomeScore': 48}]"
138,71597,2026,1,Final,2025-11-03T00:00:00,2025-11-03T19:00:00,MIDW,MHST,678,236,71.0,75.0,2025-11-05T00:19:02,F,0.0,0.0,,,,,60071597,60000678,60000236,,,,,,,,,,,Scrambled,True,2025-11-03T21:05:30,,,,,ESPN+,False,,,,,2025-11-04T00:00:00,1482.0,"{'StadiumID': 280, 'Active': True, 'Name': 'Ellis T. Johnson Arena', 'Address': None, 'City': 'Morehead', 'State': 'KY', 'Zip': None, 'Country': None, 'Capacity': 6500, 'GeoLat': 38.188786, 'GeoLong': -83.429006}","[{'PeriodID': 116023, 'GameID': 71597, 'Number': 1, 'Name': '1', 'Type': 'Half', 'AwayScore': 37, 'HomeScore': 27}, {'PeriodID': 116143, 'GameID': 71597, 'Number': 2, 'Name': '2', 'Type': 'Half', 'AwayScore': 34, 'HomeScore': 48}]"
139,71598,2026,1,Final,2025-11-03T00:00:00,2025-11-03T19:00:00,KYCH,LIBRTY,435,84,48.0,83.0,2025-11-03T20:58:55,F,0.0,0.0,,,,,60071598,60000435,60000084,,,,,,,,,,,Scrambled,True,2025-11-03T20:38:59,,,,,ESPN+,False,,,,,2025-11-04T00:00:00,3431.0,"{'StadiumID': 493, 'Active': True, 'Name': 'Liberty Arena', 'Address': None, 'City': 'Lynchburg', 'State': 'VA', 'Zip': None, 'Country': None, 'Capacity': 4000, 'GeoLat': 37.349356, 'GeoLong': -79.180225}","[{'PeriodID': 116027, 'GameID': 71598, 'Number': 1, 'Name': '1', 'Type': 'Half', 'AwayScore': 23, 'HomeScore': 38}, {'PeriodID': 116077, 'GameID': 71598, 'Number': 2, 'Name': '2', 'Type': 'Half', 'AwayScore': 25, 'HomeScore': 45}]"
140,71599,2026,1,Final,2025-11-03T00:00:00,2025-11-03T19:00:00,PAIN,KENEST,875,42,25.0,89.0,2025-11-05T00:19:02,F,0.0,0.0,,,,,60071599,60000875,60000042,,,,,,,,,,,Scrambled,True,2025-11-03T20:43:59,,,,,ESPN+,False,,,,,2025-11-04T00:00:00,20258.0,"{'StadiumID': 275, 'Active': True, 'Name': 'KSU Convocation Center', 'Address': None, 'City': 'Kennesaw', 'State': 'GA', 'Zip': None, 'Country': None, 'Capacity': 4600, 'GeoLat': 34.036924, 'GeoLong': -84.580329}","[{'PeriodID': 116030, 'GameID': 71599, 'Number': 1, 'Name': '1', 'Type': 'Half', 'AwayScore': 7, 'HomeScore': 51}, {'PeriodID': 116074, 'GameID': 71599, 'Number': 2, 'Name': '2', 'Type': 'Half', 'AwayScore': 17, 'HomeScore': 38}]"
141,71600,2026,1,Final,2025-11-03T00:00:00,2025-11-03T20:00:00,OCE,TULSA,979,5,48.0,84.0,2025-11-05T00:19:02,F,0.0,0.0,,,,,60071600,60000979,60000005,,,,,,,,,,,Scrambled,True,2025-11-03T21:55:02,,,,,ESPN+,False,,,,,2025-11-04T01:00:00,2621.0,"{'StadiumID': 48, 'Active': True, 'Name': 'Reynolds Center', 'Address': None, 'City': 'Tulsa', 'State': 'OK', 'Zip': None, 'Country': None, 'Capacity': 8355, 'GeoLat': 36.148611, 'GeoLong': -95.941944}","[{'PeriodID': 116109, 'GameID': 71600, 'Number': 1, 'Name': '1', 'Type': 'Half', 'AwayScore': 25, 'HomeScore': 44}, {'PeriodID': 116229, 'GameID': 71600, 'Number': 2, 'Name': '2', 'Type': 'Half', 'AwayScore': 23, 'HomeScore': 41}]"
142,71601,2026,1,Final,2025-11-03T00:00:00,2025-11-03T20:30:00,NMH,NTX,391,141,46.0,74.0,2025-11-05T00:19:02,F,0.0,0.0,,,,,60071601,60000391,60000141,,,,,,,,,,,Scrambled,True,2025-11-03T23:15:56,,,,,ESPN+,False,,,,,2025-11-04T01:30:00,4684.0,"{'StadiumID': 218, 'Active': True, 'Name': 'UNT Coliseum', 'Address': None, 'City': 'Denton', 'State': 'TX', 'Zip': None, 'Country': None, 'Capacity': 10500, 'GeoLat': 33.208333, 'GeoLong': -97.153889}","[{'PeriodID': 116184, 'GameID': 71601, 'Number': 1, 'Name': '1', 'Type': 'Half', 'AwayScore': 25, 'HomeScore': 31}, {'PeriodID': 116284, 'GameID': 71601, 'Number': 2, 'Name': '2', 'Type': 'Half', 'AwayScore': 20, 'HomeScore': 43}]"
143,71928,2026,1,Final,2025-11-03T00:00:00,2025-11-03T19:00:00,DES,DAVID,656,49,53.0,82.0,2025-11-05T00:19:02,F,0.0,0.0,,,,,60071928,60000656,60000049,,,,,,,,,,,Scrambled,True,2025-11-03T21:16:57,,,,,ESPN+,False,,,,,2025-11-04T00:00:00,2218.0,"{'StadiumID': 22, 'Active': True, 'Name': 'John M. Belk Arena', 'Address': None, 'City': 'Davidson', 'State': 'NC', 'Zip': None, 'Country': None, 'Capacity': 4300, 'GeoLat': 35.499278, 'GeoLong': -80.840521}","[{'PeriodID': 116051, 'GameID': 71928, 'Number': 1, 'Name': '1', 'Type': 'Half', 'AwayScore': 25, 'HomeScore': 41}, {'PeriodID': 116157, 'GameID': 71928, 'Number': 2, 'Name': '2', 'Type': 'Half', 'AwayScore': 28, 'HomeScore': 41}]"
144,71990,2026,1,Final,2025-11-03T00:00:00,2025-11-03T20:00:00,MCKEND,SILL,702,205,35.0,70.0,2025-11-05T00:19:02,F,0.0,0.0,,,,,60071990,60000702,60000205,,,,,,,,,,,Scrambled,True,2025-11-03T21:56:07,,,,,ESPN+,False,,,,,2025-11-04T01:00:00,3719.0,"{'StadiumID': 186, 'Active': True, 'Name': 'Banterra Center', 'Address': None, 'City': 'Carbondale', 'State': 'IL', 'Zip': None, 'Country': None, 'Capacity': 8284, 'GeoLat': 37.708333, 'GeoLong': -89.218611}","[{'PeriodID': 116110, 'GameID': 71990, 'Number': 1, 'Name': '1', 'Type': 'Half', 'AwayScore': 17, 'HomeScore': 34}, {'PeriodID': 116213, 'GameID': 71990, 'Number': 2, 'Name': '2', 'Type': 'Half', 'AwayScore': 19, 'HomeScore': 36}]"
145,72021,2026,1,Final,2025-11-03T00:00:00,2025-11-03T19:00:00,OLD,MIAOH,138,182,61.0,73.0,2025-11-05T00:19:02,F,0.0,0.0,-6.3,127.9,219.0,-278.0,60072021,60000138,60000182,,,,,,,,,,,Scrambled,True,2025-11-03T21:05:10,684.0,683.0,,,ESPN+,False,-92.0,-96.0,-90.0,-96.0,2025-11-04T00:00:00,2131.0,"{'StadiumID': 272, 'Active': True, 'Name': 'Millett Hall', 'Address': None, 'City': 'Oxford', 'State': 'OH', 'Zip': None, 'Country': None, 'Capacity': 6400, 'GeoLat': 39.517236, 'GeoLong': -84.734544}","[{'PeriodID': 116043, 'GameID': 72021, 'Number': 1, 'Name': '1', 'Type': 'Half', 'AwayScore': 38, 'HomeScore': 31}, {'PeriodID': 116151, 'GameID': 72021, 'Number': 2, 'Name': '2', 'Type': 'Half', 'AwayScore': 23, 'HomeScore': 42}]"
146,72022,2026,1,Final,2025-11-03T00:00:00,2025-11-03T20:00:00,EVA,UMKC,1045,362,62.0,68.0,2025-11-05T00:19:02,F,0.0,0.0,,,,,60072022,60001045,60000362,,,,,,,,,,,Scrambled,True,2025-11-03T22:00:23,,,,,,False,,,,,2025-11-04T01:00:00,789.0,"{'StadiumID': 426, 'Active': True, 'Name': 'Swinney Recreation Center', 'Address': None, 'City': 'Kansas City', 'State': 'MO', 'Zip': None, 'Country': None, 'Capacity': 1500, 'GeoLat': 39.03555, 'GeoLong': -94.57876}","[{'PeriodID': 116137, 'GameID': 72022, 'Number': 1, 'Name': '1', 'Type': 'Half', 'AwayScore': 33, 'HomeScore': 30}, {'PeriodID': 116198, 'GameID': 72022, 'Number': 2, 'Name': '2', 'Type': 'Half', 'AwayScore': 30, 'HomeScore': 38}]"
147,72023,2026,1,Final,2025-11-03T00:00:00,2025-11-03T20:00:00,NWST,TXAM,301,270,57.0,83.0,2025-11-05T00:19:02,F,0.0,0.0,-18.6,129.6,1273.0,-4502.0,60072023,60000301,60000270,,,,,,,,,,,Scrambled,True,2025-11-03T22:01:01,258730.0,258729.0,,,SEC,False,-96.0,-92.0,-92.0,-95.0,2025-11-04T01:00:00,7517.0,"{'StadiumID': 95, 'Active': True, 'Name': 'Reed Arena', 'Address': None, 'City': 'College Station', 'State': 'TX', 'Zip': None, 'Country': None, 'Capacity': 12989, 'GeoLat': 30.60578, 'GeoLong': -96.34619}","[{'PeriodID': 116100, 'GameID': 72023, 'Number': 1, 'Name': '1', 'Type': 'Half', 'AwayScore': 30, 'HomeScore': 47}, {'PeriodID': 116225, 'GameID': 72023, 'Number': 2, 'Name': '2', 'Type': 'Half', 'AwayScore': 28, 'HomeScore': 35}]"
148,72024,2026,1,Final,2025-11-03T00:00:00,2025-11-03T19:00:00,MISSR,HOWRD,280,195,74.0,57.0,2025-11-05T00:19:02,F,0.0,0.0,17.3,133.8,-2713.0,1073.0,60072024,60000280,60000195,,,,,,,,,,,Scrambled,True,2025-11-03T21:05:52,258701.0,258700.0,,,ESPN+,False,-93.0,-93.0,-95.0,-92.0,2025-11-04T00:00:00,2312.0,"{'StadiumID': 363, 'Active': True, 'Name': 'Burr Gymnasium', 'Address': None, 'City': 'Washington', 'State': 'DC', 'Zip': None, 'Country': None, 'Capacity': 2700, 'GeoLat': 38.9264, 'GeoLong': -77.0221}","[{'PeriodID': 116006, 'GameID': 72024, 'Number': 1, 'Name': '1', 'Type': 'Half', 'AwayScore': 35, 'HomeScore': 22}, {'PeriodID': 116116, 'GameID': 72024, 'Number': 2, 'Name': '2', 'Type': 'Half', 'AwayScore': 39, 'HomeScore': 35}]"
149,72025,2026,1,Final,2025-11-03T00:00:00,2025-11-03T19:00:00,COAST,WMICH,81,188,60.0,64.0,2025-11-05T00:19:02,F,0.0,0.0,-1.7,123.6,96.0,-115.0,60072025,60000081,60000188,,,,,,,,,,,Scrambled,True,2025-11-03T21:11:14,689.0,688.0,,,ESPN+,False,-94.0,-95.0,-89.0,-97.0,2025-11-04T00:00:00,1443.0,"{'StadiumID': 328, 'Active': True, 'Name': 'University Arena (MI)', 'Address': None, 'City': 'Kalamazoo', 'State': 'MI', 'Zip': None, 'Country': None, 'Capacity': 5421, 'GeoLat': 42.283372, 'GeoLong': -85.60845}","[{'PeriodID': 116029, 'GameID': 72025, 'Number': 1, 'Name': '1', 'Type': 'Half', 'AwayScore': 29, 'HomeScore': 27}, {'PeriodID': 116133, 'GameID': 72025, 'Number': 2, 'Name': '2', 'Type': 'Half', 'AwayScore': 31, 'HomeScore': 37}]"
150,72026,2026,1,Final,2025-11-03T00:00:00,2025-11-03T19:00:00,FLOR,FLINT,757,140,41.0,85.0,2025-11-05T00:19:02,F,0.0,0.0,,,,,60072026,60000757,60000140,,,,,,,,,,,Scrambled,True,2025-11-03T20:56:40,,,,,ESPN+,False,,,,,2025-11-04T00:00:00,1605.0,"{'StadiumID': 373, 'Active': True, 'Name': 'Ocean Bank Convocation Center', 'Address': None, 'City': 'Miami', 'State': 'FL', 'Zip': None, 'Country': None, 'Capacity': 5000, 'GeoLat': 25.756667, 'GeoLong': -80.379444}","[{'PeriodID': 116015, 'GameID': 72026, 'Number': 1, 'Name': '1', 'Type': 'Half', 'AwayScore': 20, 'HomeScore': 42}, {'PeriodID': 116121, 'GameID': 72026, 'Number': 2, 'Name': '2', 'Type': 'Half', 'AwayScore': 21, 'HomeScore': 43}]"
151,72493,2026,1,Final,2025-11-03T00:00:00,2025-11-03T20:30:00,BRYAN,AUSP,520,242,40.0,108.0,2025-11-05T00:19:02,F,0.0,0.0,,,,,60072493,60000520,60000242,,,,,,,,,,,Scrambled,True,2025-11-03T22:35:20,,,,,ESPN+,False,,,,,2025-11-04T01:30:00,1416.0,"{'StadiumID': 577, 'Active': True, 'Name': 'F&M Bank Arena', 'Address': None, 'City': 'Clarksville', 'State': 'TN', 'Zip': None, 'Country': None, 'Capacity': 5500, 'GeoLat': 36.529444, 'GeoLong': -87.359722}","[{'PeriodID': 116179, 'GameID': 72493, 'Number': 1, 'Name': '1', 'Type': 'Half', 'AwayScore': 21, 'HomeScore': 58}, {'PeriodID': 116251, 'GameID': 72493, 'Number': 2, 'Name': '2', 'Type': 'Half', 'AwayScore': 19, 'HomeScore': 50}]"
152,72494,2026,1,Final,2025-11-03T00:00:00,2025-11-03T11:30:00,ARBAP,TXAMC,772,392,51.0,100.0,2025-11-03T15:12:44,F,0.0,0.0,,,,,60072494,60000772,60000392,,,,,,,,,,,Scrambled,True,2025-11-03T13:27:50,,,,,ESPN+,False,,,,,2025-11-03T16:30:00,1787.0,"{'StadiumID': 554, 'Active': True, 'Name': 'The Field House', 'Address': None, 'City': 'Commerce', 'State': 'TX', 'Zip': None, 'Country': None, 'Capacity': 3055, 'GeoLat': None, 'GeoLong': None}","[{'PeriodID': 115970, 'GameID': 72494, 'Number': 1, 'Name': '1', 'Type': 'Half', 'AwayScore': 17, 'HomeScore': 57}, {'PeriodID': 115973, 'GameID': 72494, 'Number': 2, 'Name': '2', 'Type': 'Half', 'AwayScore': 34, 'HomeScore': 43}]"
153,72495,2026,1,Final,2025-11-03T00:00:00,2025-11-03T12:00:00,TAMSA,LAMAR,1398,303,45.0,78.0,2025-11-03T15:46:02,F,0.0,0.0,,,,,60072495,60001398,60000303,,,,,,,,,,,Scrambled,True,2025-11-03T14:04:52,,,,,ESPN+,False,,,,,2025-11-03T17:00:00,1000.0,"{'StadiumID': 395, 'Active': True, 'Name': 'Montagne Center', 'Address': None, 'City': 'Beaumont', 'State': 'TX', 'Zip': None, 'Country': None, 'Capacity': 10080, 'GeoLat': 30.043889, 'GeoLong': -94.070833}","[{'PeriodID': 115971, 'GameID': 72495, 'Number': 1, 'Name': '1', 'Type': 'Half', 'AwayScore': 22, 'HomeScore': 39}, {'PeriodID': 115975, 'GameID': 72495, 'Number': 2, 'Name': '2', 'Type': 'Half', 'AwayScore': 23, 'HomeScore': 40}]"
154,72589,2026,1,Final,2025-11-03T00:00:00,2025-11-03T15:00:00,MILLSA,SFAUS,497,291,64.0,87.0,2025-11-03T18:37:49,F,0.0,0.0,,,,,60072589,60000497,60000291,,,,,,,,,,,Scrambled,True,2025-11-03T17:03:23,,,,,ESPN+,False,,,,,2025-11-03T20:00:00,896.0,"{'StadiumID': 241, 'Active': True, 'Name': 'Johnson Coliseum', 'Address': None, 'City': 'Nacogdoches', 'State': 'TX', 'Zip': None, 'Country': None, 'Capacity': 7203, 'GeoLat': 31.622222, 'GeoLong': -94.640833}","[{'PeriodID': 115979, 'GameID': 72589, 'Number': 1, 'Name': '1', 'Type': 'Half', 'AwayScore': 30, 'HomeScore': 48}, {'PeriodID': 115980, 'GameID': 72589, 'Number': 2, 'Name': '2', 'Type': 'Half', 'AwayScore': 35, 'HomeScore': 39}]"
155,72592,2026,1,Final,2025-11-03T00:00:00,2025-11-03T18:30:00,GAST,EMICH,328,187,41.0,60.0,2025-11-03T20:43:27,F,0.0,0.0,-3.0,126.2,115.0,-138.0,60072592,60000328,60000187,,,,,,,,,,,Scrambled,True,2025-11-03T20:29:27,658.0,657.0,,,ESPN+,False,-95.0,-91.0,-97.0,-89.0,2025-11-03T23:30:00,1729.0,"{'StadiumID': 111, 'Active': True, 'Name': 'George Gervin GameAbove Center', 'Address': None, 'City': 'Ypsilanti', 'State': 'MI', 'Zip': None, 'Country': None, 'Capacity': 8784, 'GeoLat': 42.254444, 'GeoLong': -83.647222}","[{'PeriodID': 115992, 'GameID': 72592, 'Number': 1, 'Name': '1', 'Type': 'Half', 'AwayScore': 19, 'HomeScore': 27}, {'PeriodID': 116063, 'GameID': 72592, 'Number': 2, 'Name': '2', 'Type': 'Half', 'AwayScore': 22, 'HomeScore': 33}]"
156,72593,2026,1,Final,2025-11-03T00:00:00,2025-11-03T19:00:00,ERSFF,CITA,820,288,51.0,89.0,2025-11-05T00:19:02,F,0.0,0.0,,,,,60072593,60000820,60000288,,,,,,,,,,,Scrambled,True,2025-11-03T20:50:16,,,,,ESPN+,False,,,,,2025-11-04T00:00:00,1329.0,"{'StadiumID': 291, 'Active': True, 'Name': 'McAlister Field House', 'Address': None, 'City': 'Charleston', 'State': 'SC', 'Zip': None, 'Country': None, 'Capacity': 6000, 'GeoLat': 32.798508, 'GeoLong': -79.962573}","[{'PeriodID': 116031, 'GameID': 72593, 'Number': 1, 'Name': '1', 'Type': 'Half', 'AwayScore': 18, 'HomeScore': 40}, {'PeriodID': 116080, 'GameID': 72593, 'Number': 2, 'Name': '2', 'Type': 'Half', 'AwayScore': 34, 'HomeScore': 49}]"
157,72594,2026,1,Final,2025-11-03T00:00:00,2025-11-03T19:00:00,ARKST,OHIO,327,180,75.0,72.0,2025-11-05T00:19:02,F,0.0,0.0,-3.0,134.2,118.0,-145.0,60072594,60000327,60000180,,,,,,,,,,,Scrambled,True,2025-11-03T21:29:01,677.0,676.0,,,ESPN+,False,-93.0,-93.0,-95.0,-93.0,2025-11-04T00:00:00,5545.0,"{'StadiumID': 189, 'Active': True, 'Name': 'Convocation Center (OH)', 'Address': None, 'City': 'Athens', 'State': 'OH', 'Zip': None, 'Country': None, 'Capacity': 13080, 'GeoLat': 39.323056, 'GeoLong': -82.105556}","[{'PeriodID': 116050, 'GameID': 72594, 'Number': 1, 'Name': '1', 'Type': 'Half', 'AwayScore': 27, 'HomeScore': 33}, {'PeriodID': 116164, 'GameID': 72594, 'Number': 2, 'Name': '2', 'Type': 'Half', 'AwayScore': 48, 'HomeScore': 39}]"
158,72595,2026,1,Final,2025-11-03T00:00:00,2025-11-03T19:00:00,COLU,NORFST,639,191,64.0,83.0,2025-11-05T00:19:02,F,0.0,0.0,,,,,60072595,60000639,60000191,,,,,,,,,,,Scrambled,True,2025-11-03T21:02:36,,,,,,False,,,,,2025-11-04T00:00:00,1820.0,"{'StadiumID': 289, 'Active': True, 'Name': 'Echols Hall', 'Address': None, 'City': 'Norfolk', 'State': 'VA', 'Zip': None, 'Country': None, 'Capacity': 4500, 'GeoLat': 36.847999, 'GeoLong': -76.258157}","[{'PeriodID': 115997, 'GameID': 72595, 'Number': 1, 'Name': '1', 'Type': 'Half', 'AwayScore': 28, 'HomeScore': 38}, {'PeriodID': 116152, 'GameID': 72595, 'Number': 2, 'Name': '2', 'Type': 'Half', 'AwayScore': 36, 'HomeScore': 45}]"
159,72596,2026,1,Final,2025-11-03T00:00:00,2025-11-03T19:00:00,OAKA,JAXST,859,238,53.0,99.0,2025-11-05T00:19:02,F,0.0,0.0,,,,,60072596,60000859,60000238,,,,,,,,,,,Scrambled,True,2025-11-03T20:59:46,,,,,ESPN+,False,,,,,2025-11-04T00:00:00,1985.0,"{'StadiumID': 391, 'Active': True, 'Name': 'Pete Mathews Coliseum', 'Address': None, 'City': 'Jacksonville', 'State': 'AL', 'Zip': None, 'Country': None, 'Capacity': 3500, 'GeoLat': 33.824, 'GeoLong': -85.773}","[{'PeriodID': 116042, 'GameID': 72596, 'Number': 1, 'Name': '1', 'Type': 'Half', 'AwayScore': 21, 'HomeScore': 44}, {'PeriodID': 116113, 'GameID': 72596, 'Number': 2, 'Name': '2', 'Type': 'Half', 'AwayScore': 32, 'HomeScore': 55}]"
160,72597,2026,1,Final,2025-11-03T00:00:00,2025-11-03T19:30:00,CCT,MCNST,400,299,55.0,107.0,2025-11-05T00:19:02,F,0.0,0.0,,,,,60072597,60000400,60000299,,,,,,,,,,,Scrambled,True,2025-11-03T21:18:50,,,,,,False,,,,,2025-11-04T00:30:00,2587.0,"{'StadiumID': 374, 'Active': True, 'Name': 'The Legacy Center', 'Address': None, 'City': 'Lake Charles', 'State': 'LA', 'Zip': None, 'Country': None, 'Capacity': 4300, 'GeoLat': 30.1755, 'GeoLong': -93.2095}","[{'PeriodID': 116061, 'GameID': 72597, 'Number': 1, 'Name': '1', 'Type': 'Half', 'AwayScore': 21, 'HomeScore': 59}, {'PeriodID': 116171, 'GameID': 72597, 'Number': 2, 'Name': '2', 'Type': 'Half', 'AwayScore': 34, 'HomeScore': 48}]"
161,72646,2026,1,Final,2025-11-03T00:00:00,2025-11-03T19:00:00,UC,CHAT,1173,281,33.0,78.0,2025-11-05T00:19:02,F,0.0,0.0,,,,,60072646,60001173,60000281,,,,,,,,,,,Scrambled,True,2025-11-03T20:52:44,,,,,ESPN+,False,,,,,2025-11-04T00:00:00,3612.0,"{'StadiumID': 166, 'Active': True, 'Name': 'McKenzie Arena', 'Address': None, 'City': 'Chattanooga', 'State': 'TN', 'Zip': None, 'Country': None, 'Capacity': 10995, 'GeoLat': 35.050382, 'GeoLong': -85.30091}","[{'PeriodID': 116038, 'GameID': 72646, 'Number': 1, 'Name': '1', 'Type': 'Half', 'AwayScore': 8, 'HomeScore': 39}, {'PeriodID': 116078, 'GameID': 72646, 'Number': 2, 'Name': '2', 'Type': 'Half', 'AwayScore': 24, 'HomeScore': 39}]"
162,72651,2026,1,Final,2025-11-03T00:00:00,2025-11-03T20:00:00,FISK,TENST,474,235,42.0,85.0,2025-11-03T22:00:50,F,0.0,0.0,,,,,60072651,60000474,60000235,,,,,,,,,,,Scrambled,True,2025-11-03T21:54:19,,,,,ESPN+,False,,,,,2025-11-04T01:00:00,,"{'StadiumID': 206, 'Active': True, 'Name': 'Gentry Center', 'Address': None, 'City': 'Nashville', 'State': 'TN', 'Zip': None, 'Country': None, 'Capacity': 9100, 'GeoLat': 36.168889, 'GeoLong': -86.829444}","[{'PeriodID': 116107, 'GameID': 72651, 'Number': 1, 'Name': '1', 'Type': 'Half', 'AwayScore': 14, 'HomeScore': 40}, {'PeriodID': 116209, 'GameID': 72651, 'Number': 2, 'Name': '2', 'Type': 'Half', 'AwayScore': 29, 'HomeScore': 46}]"
163,72655,2026,1,Final,2025-11-03T00:00:00,2025-11-03T20:00:00,SAU,HOUBAP,1458,293,59.0,62.0,2025-11-05T00:19:02,F,0.0,0.0,,,,,60072655,60001458,60000293,,,,,,,,,,,Scrambled,True,2025-11-03T21:56:58,,,,,ESPN+,False,,,,,2025-11-04T01:00:00,546.0,"{'StadiumID': 168, 'Active': True, 'Name': 'Sharp Gymnasium', 'Address': None, 'City': 'Houston', 'State': 'TX', 'Zip': None, 'Country': None, 'Capacity': 1000, 'GeoLat': 29.695, 'GeoLong': -95.516944}","[{'PeriodID': 116098, 'GameID': 72655, 'Number': 1, 'Name': '1', 'Type': 'Half', 'AwayScore': 25, 'HomeScore': 31}, {'PeriodID': 116205, 'GameID': 72655, 'Number': 2, 'Name': '2', 'Type': 'Half', 'AwayScore': 34, 'HomeScore': 31}]"
164,72708,2026,1,Final,2025-11-03T00:00:00,2025-11-03T21:00:00,SDKST,MERRI,314,817,63.0,56.0,2025-11-05T00:19:02,F,0.0,0.0,4.6,121.1,-218.0,177.0,60072708,60000314,60000817,,,,,,,,,,,Scrambled,True,2025-11-03T23:09:54,258764.0,258765.0,,,YT,True,-93.0,-93.0,-93.0,-95.0,2025-11-04T02:00:00,1784.0,"{'StadiumID': 388, 'Active': True, 'Name': 'Sanford Pentagon', 'Address': None, 'City': 'Sioux Falls', 'State': 'SD', 'Zip': None, 'Country': None, 'Capacity': 3250, 'GeoLat': 43.593056, 'GeoLong': -96.758611}","[{'PeriodID': 116208, 'GameID': 72708, 'Number': 1, 'Name': '1', 'Type': 'Half', 'AwayScore': 32, 'HomeScore': 28}, {'PeriodID': 116276, 'GameID': 72708, 'Number': 2, 'Name': '2', 'Type': 'Half', 'AwayScore': 31, 'HomeScore': 28}]"
165,72709,2026,1,Final,2025-11-03T00:00:00,2025-11-03T21:00:00,TXPB,UTEP,431,139,47.0,83.0,2025-11-05T00:19:02,F,0.0,0.0,,,,,60072709,60000431,60000139,,,,,,,,,,,Scrambled,True,2025-11-03T22:57:23,,,,,,False,,,,,2025-11-04T02:00:00,3038.0,"{'StadiumID': 313, 'Active': True, 'Name': 'Don Haskins Center', 'Address': None, 'City': 'El Paso', 'State': 'TX', 'Zip': None, 'Country': None, 'Capacity': 12000, 'GeoLat': 31.777608, 'GeoLong': -106.505718}","[{'PeriodID': 116195, 'GameID': 72709, 'Number': 1, 'Name': '1', 'Type': 'Half', 'AwayScore': 27, 'HomeScore': 37}, {'PeriodID': 116277, 'GameID': 72709, 'Number': 2, 'Name': '2', 'Type': 'Half', 'AwayScore': 20, 'HomeScore': 46}]"
166,72710,2026,1,Final,2025-11-03T00:00:00,2025-11-03T21:00:00,NWIN,MONT,1232,68,35.0,89.0,2025-11-05T00:19:02,F,0.0,0.0,,,,,60072710,60001232,60000068,,,,,,,,,,,Scrambled,True,2025-11-03T22:48:24,,,,,ESPN+,False,,,,,2025-11-04T02:00:00,2194.0,"{'StadiumID': 136, 'Active': True, 'Name': 'Dahlberg Arena', 'Address': None, 'City': 'Missoula', 'State': 'MT', 'Zip': None, 'Country': None, 'Capacity': 7322, 'GeoLat': 46.864, 'GeoLong': -113.983}","[{'PeriodID': 116197, 'GameID': 72710, 'Number': 1, 'Name': '1', 'Type': 'Half', 'AwayScore': 17, 'HomeScore': 48}, {'PeriodID': 116262, 'GameID': 72710, 'Number': 2, 'Name': '2', 'Type': 'Half', 'AwayScore': 18, 'HomeScore': 41}]"
167,72711,2026,1,Final,2025-11-03T00:00:00,2025-11-03T22:00:00,BETH,UCIRV,412,116,41.0,106.0,2025-11-05T00:19:02,F,0.0,0.0,,,,,60072711,60000412,60000116,,,,,,,,,,,Scrambled,True,2025-11-03T23:55:17,,,,,ESPN+,False,,,,,2025-11-04T03:00:00,1483.0,"{'StadiumID': 81, 'Active': True, 'Name': 'Bren Events Center', 'Address': None, 'City': 'Irvine', 'State': 'CA', 'Zip': None, 'Country': None, 'Capacity': 5000, 'GeoLat': 33.649167, 'GeoLong': -117.846944}","[{'PeriodID': 116267, 'GameID': 72711, 'Number': 1, 'Name': '1', 'Type': 'Half', 'AwayScore': 17, 'HomeScore': 57}, {'PeriodID': 116300, 'GameID': 72711, 'Number': 2, 'Name': '2', 'Type': 'Half', 'AwayScore': 24, 'HomeScore': 49}]"
168,72712,2026,1,Final,2025-11-03T00:00:00,2025-11-03T22:00:00,STMN,STMRY,1112,335,49.0,71.0,2025-11-05T00:19:02,F,0.0,0.0,-11.4,120.3,592.0,-987.0,60072712,60001112,60000335,,,,,,,,,,,Scrambled,True,2025-11-03T23:51:28,741.0,740.0,,,ESPN+,False,-92.0,-95.0,-93.0,-95.0,2025-11-04T03:00:00,3327.0,"{'StadiumID': 96, 'Active': True, 'Name': 'University Credit Union Pavilion', 'Address': ""1928 Saint Mary's Road"", 'City': 'Moraga', 'State': 'CA', 'Zip': '94575', 'Country': 'USA', 'Capacity': 3500, 'GeoLat': 37.841247, 'GeoLong': -122.106409}","[{'PeriodID': 116261, 'GameID': 72712, 'Number': 1, 'Name': '1', 'Type': 'Half', 'AwayScore': 21, 'HomeScore': 30}, {'PeriodID': 116296, 'GameID': 72712, 'Number': 2, 'Name': '2', 'Type': 'Half', 'AwayScore': 28, 'HomeScore': 41}]"
169,72713,2026,1,Final,2025-11-03T00:00:00,2025-11-03T22:30:00,FPS,FREST,932,213,43.0,74.0,2025-11-05T00:19:02,F,0.0,0.0,,,,,60072713,60000932,60000213,,,,,,,,,,,Scrambled,True,2025-11-04T00:40:40,,,,,MWN,False,,,,,2025-11-04T03:30:00,3340.0,"{'StadiumID': 314, 'Active': True, 'Name': 'Save Mart Center', 'Address': None, 'City': 'Fresno', 'State': 'CA', 'Zip': None, 'Country': None, 'Capacity': 15596, 'GeoLat': 36.809722, 'GeoLong': -119.738611}","[{'PeriodID': 116293, 'GameID': 72713, 'Number': 1, 'Name': '1', 'Type': 'Half', 'AwayScore': 24, 'HomeScore': 35}, {'PeriodID': 116309, 'GameID': 72713, 'Number': 2, 'Name': '2', 'Type': 'Half', 'AwayScore': 19, 'HomeScore': 39}]"
