,TeamID,Key,Active,School,Name,ApRank,Wins,Losses,ConferenceWins,ConferenceLosses,GlobalTeamID,ConferenceID,Conference,TeamLogoUrl,ShortDisplayName,PrimaryColor,SecondaryColor,TertiaryColor,QuaternaryColor,Stadium
0,1,SMU,True,SMU,Mustangs,,5.0,0.0,0.0,0.0,60000001,3.0,Atlantic Coast,https://s3-us-west-2.amazonaws.com/static.fantasydata.com/logos/ncaa/1.png,SMU,CC0035,354CA1,,,"{'StadiumID': 101, 'Active': True, 'Name': 'Moody Coliseum', 'Address': None, 'City': 'Dallas', 'State': 'TX', 'Zip': None, 'Country': None, 'Capacity': 7000, 'GeoLat': 32.840278, 'GeoLong': -96.780556}"
1,2,TEMPL,True,Temple,Owls,,3.0,1.0,0.0,0.0,60000002,1.0,American,https://s3-us-west-2.amazonaws.com/static.fantasydata.com/logos/ncaa/2.png,TEMPLE,A41E35,FFFFFF,,,"{'StadiumID': 45, 'Active': True, 'Name': 'Liacouras Center', 'Address': None, 'City': 'Philadelphia', 'State': 'PA', 'Zip': None, 'Country': None, 'Capacity': 10206, 'GeoLat': 39.979722, 'GeoLong': -75.158611}"
2,3,UCONN,True,Connecticut,Huskies,3.0,4.0,1.0,0.0,0.0,60000003,6.0,Big East,https://s3-us-west-2.amazonaws.com/static.fantasydata.com/logos/ncaa/3.png,UCONN,000e2f,FFFFFF,,,"{'StadiumID': 290, 'Active': True, 'Name': 'Gampel Pavilion', 'Address': None, 'City': 'Storrs', 'State': 'CT', 'Zip': None, 'Country': None, 'Capacity': 10167, 'GeoLat': 41.805292, 'GeoLong': -72.254194}"
3,4,CIN,True,Cincinnati,Bearcats,,4.0,0.0,0.0,0.0,60000004,10.0,Big 12,https://s3-us-west-2.amazonaws.com/static.fantasydata.com/logos/ncaa/4.png,CIN,E00122,000000,,,"{'StadiumID': 86, 'Active': True, 'Name': 'Fifth Third Arena', 'Address': None, 'City': 'Cincinnati', 'State': 'OH', 'Zip': None, 'Country': None, 'Capacity': 12012, 'GeoLat': 39.131101, 'GeoLong': -84.514207}"
4,5,TULSA,True,Tulsa,Golden Hurricane,,3.0,1.0,0.0,0.0,60000005,1.0,American,https://s3-us-west-2.amazonaws.com/static.fantasydata.com/logos/ncaa/5.png,TULSA,0A2240,C2A01E,CE0E2D,,"{'StadiumID': 48, 'Active': True, 'Name': 'Reynolds Center', 'Address': None, 'City': 'Tulsa', 'State': 'OK', 'Zip': None, 'Country': None, 'Capacity': 8355, 'GeoLat': 36.148611, 'GeoLong': -95.941944}"
5,6,HOU,True,Houston,Cougars,2.0,5.0,0.0,0.0,0.0,60000006,10.0,Big 12,https://s3-us-west-2.amazonaws.com/static.fantasydata.com/logos/ncaa/6.png,UH,C8102E,FFFFFF,,,"{'StadiumID': 343, 'Active': True, 'Name': 'Fertitta Center', 'Address': None, 'City': 'Houston', 'State': 'TX', 'Zip': None, 'Country': None, 'Capacity': 7035, 'GeoLat': 29.724722, 'GeoLong': -95.346944}"
6,7,MPHS,True,Memphis,Tigers,,1.0,3.0,0.0,0.0,60000007,1.0,American,https://s3-us-west-2.amazonaws.com/static.fantasydata.com/logos/ncaa/7.png,MEM,003087,898D8D,,,"{'StadiumID': 47, 'Active': True, 'Name': 'FedExForum', 'Address': None, 'City': 'Memphis', 'State': 'TN', 'Zip': None, 'Country': None, 'Capacity': 18400, 'GeoLat': 35.138333, 'GeoLong': -90.050556}"
7,8,UCF,True,UCF,Knights,,5.0,1.0,0.0,0.0,60000008,10.0,Big 12,https://s3-us-west-2.amazonaws.com/static.fantasydata.com/logos/ncaa/8.png,UCF,000000,FFC904,,,"{'StadiumID': 20, 'Active': True, 'Name': 'Addition Financial Arena', 'Address': None, 'City': 'Orlando', 'State': 'FL', 'Zip': None, 'Country': None, 'Capacity': 10000, 'GeoLat': 28.6068, 'GeoLong': -81.1976}"
8,9,ECAR,True,East Carolina,Pirates,,2.0,2.0,0.0,0.0,60000009,1.0,American,https://s3-us-west-2.amazonaws.com/static.fantasydata.com/logos/ncaa/9.png,ECU,582C83,FFC72C,,,"{'StadiumID': 46, 'Active': True, 'Name': 'Minges Coliseum', 'Address': None, 'City': 'Greenville', 'State': 'NC', 'Zip': None, 'Country': None, 'Capacity': 7100, 'GeoLat': 35.597391, 'GeoLong': -77.367167}"
9,10,TULANE,True,Tulane,Green Wave,,3.0,2.0,0.0,0.0,60000010,1.0,American,https://s3-us-west-2.amazonaws.com/static.fantasydata.com/logos/ncaa/10.png,TULANE,21543F,71C5E8,,,"{'StadiumID': 176, 'Active': True, 'Name': 'Devlin Fieldhouse', 'Address': None, 'City': 'New Orleans', 'State': 'LA', 'Zip': None, 'Country': None, 'Capacity': 4100, 'GeoLat': 29.938611, 'GeoLong': -90.120556}"
10,11,SFL,True,South Florida,Bulls,,3.0,2.0,0.0,0.0,60000011,1.0,American,https://s3-us-west-2.amazonaws.com/static.fantasydata.com/logos/ncaa/11.png,USF,006747,CFC493,,,"{'StadiumID': 21, 'Active': True, 'Name': 'Yuengling Center', 'Address': None, 'City': 'Tampa', 'State': 'FL', 'Zip': None, 'Country': None, 'Capacity': 10411, 'GeoLat': 28.059236, 'GeoLong': -82.406472}"
11,12,STBR,True,Stony Brook,Seawolves,,4.0,1.0,0.0,0.0,60000012,12.0,Coastal Athletic Association,https://s3-us-west-2.amazonaws.com/static.fantasydata.com/logos/ncaa/12.png,STBR,990000,000000,,,"{'StadiumID': 339, 'Active': True, 'Name': 'Stony Brook Arena', 'Address': None, 'City': 'Stony Brook', 'State': 'NY', 'Zip': None, 'Country': None, 'Capacity': 4000, 'GeoLat': 40.91741, 'GeoLong': -73.125955}"
12,13,ALBNY,True,Albany,Great Danes,,2.0,3.0,0.0,0.0,60000013,2.0,America East,https://s3-us-west-2.amazonaws.com/static.fantasydata.com/logos/ncaa/13.png,ALBANY,46166B,EEB211,,,"{'StadiumID': 215, 'Active': True, 'Name': 'Broadview Center', 'Address': None, 'City': 'Albany', 'State': 'NY', 'Zip': None, 'Country': None, 'Capacity': 4280, 'GeoLat': 42.681667, 'GeoLong': -73.828333}"
13,14,NHAMP,True,New Hampshire,Wildcats,,2.0,4.0,0.0,0.0,60000014,2.0,America East,https://s3-us-west-2.amazonaws.com/static.fantasydata.com/logos/ncaa/14.png,UNH,041E42,BBBCBC,FFFFFF,,"{'StadiumID': 231, 'Active': True, 'Name': 'Lundholm Gymnasium', 'Address': None, 'City': 'Durham', 'State': 'NH', 'Zip': None, 'Country': None, 'Capacity': 2500, 'GeoLat': 43.138611, 'GeoLong': -70.938056}"
14,15,VERM,True,Vermont,Catamounts,,4.0,1.0,0.0,0.0,60000015,2.0,America East,https://s3-us-west-2.amazonaws.com/static.fantasydata.com/logos/ncaa/15.png,UVM,005710,FFC20E,,,"{'StadiumID': 252, 'Active': True, 'Name': 'Patrick Gymnasium', 'Address': None, 'City': 'Burlington', 'State': 'VT', 'Zip': None, 'Country': None, 'Capacity': 3266, 'GeoLat': 44.470264, 'GeoLong': -73.194705}"
15,16,MASLOW,True,Massachusetts-Lowell,River Hawks,,1.0,5.0,0.0,0.0,60000016,2.0,America East,https://s3-us-west-2.amazonaws.com/static.fantasydata.com/logos/ncaa/16.png,MASLOW,0067B1,FFFFFF,C8102E,,"{'StadiumID': 147, 'Active': True, 'Name': 'Costello Athletic Center', 'Address': None, 'City': 'Lowell', 'State': 'MA', 'Zip': None, 'Country': None, 'Capacity': 2000, 'GeoLat': 42.6555, 'GeoLong': -71.3242}"
16,17,MAINE,True,Maine,Black Bears,,0.0,5.0,0.0,0.0,60000017,2.0,America East,https://s3-us-west-2.amazonaws.com/static.fantasydata.com/logos/ncaa/17.png,MAINE,B0D7FF,FFFFFF,003263,,"{'StadiumID': 298, 'Active': True, 'Name': 'Cross Insurance Center', 'Address': None, 'City': 'Bangor', 'State': 'ME', 'Zip': None, 'Country': None, 'Capacity': 5800, 'GeoLat': 44.7893, 'GeoLong': -68.7787}"
17,18,HARTFD,False,Hartford,Hawks,,5.0,23.0,0.0,2.0,60000018,,,https://s3-us-west-2.amazonaws.com/static.fantasydata.com/logos/ncaa/18.png,HARTFD,,,,,"{'StadiumID': 27, 'Active': True, 'Name': 'Chase Arena', 'Address': None, 'City': 'West Hartford', 'State': 'CT', 'Zip': None, 'Country': None, 'Capacity': 4017, 'GeoLat': 41.801769, 'GeoLong': -72.718567}"
18,19,UMBC,True,UMBC,Retrievers,,3.0,2.0,0.0,0.0,60000019,2.0,America East,https://s3-us-west-2.amazonaws.com/static.fantasydata.com/logos/ncaa/19.png,UMBC,000000,FDB515,,,"{'StadiumID': 449, 'Active': True, 'Name': 'Chesapeake Employers Insurance Arena', 'Address': '1000 Hilltop Circle', 'City': 'Baltimore', 'State': 'MD', 'Zip': '21250', 'Country': None, 'Capacity': 4654, 'GeoLat': 39.252342, 'GeoLong': -76.707431}"
19,20,BING,True,Binghamton,Bearcats,,2.0,4.0,0.0,0.0,60000020,2.0,America East,https://s3-us-west-2.amazonaws.com/static.fantasydata.com/logos/ncaa/20.png,BING,005A43,FFFFFF,000000,,"{'StadiumID': 52, 'Active': True, 'Name': 'Events Center (Binghamton)', 'Address': None, 'City': 'Binghamton', 'State': 'NY', 'Zip': None, 'Country': None, 'Capacity': 4923, 'GeoLat': 42.093333, 'GeoLong': -75.971944}"
20,21,NCAR,True,North Carolina,Tar Heels,18.0,5.0,0.0,0.0,0.0,60000021,3.0,Atlantic Coast,https://s3-us-west-2.amazonaws.com/static.fantasydata.com/logos/ncaa/21.png,UNC,4B9CD3,FFFFFF,,,"{'StadiumID': 185, 'Active': True, 'Name': 'Dean E. Smith Center', 'Address': None, 'City': 'Chapel Hill', 'State': 'NC', 'Zip': None, 'Country': None, 'Capacity': 21750, 'GeoLat': 35.899722, 'GeoLong': -79.043889}"
21,22,VIR,True,Virginia,Cavaliers,,4.0,0.0,0.0,0.0,60000022,3.0,Atlantic Coast,https://s3-us-west-2.amazonaws.com/static.fantasydata.com/logos/ncaa/22.png,VIR,E57200,232D4B,,,"{'StadiumID': 4, 'Active': True, 'Name': 'John Paul Jones Arena', 'Address': None, 'City': 'Charlottesville', 'State': 'VA', 'Zip': None, 'Country': None, 'Capacity': 14623, 'GeoLat': 38.046, 'GeoLong': -78.507}"
22,23,MIA,True,Miami,Hurricanes,,4.0,1.0,0.0,0.0,60000023,3.0,Atlantic Coast,https://s3-us-west-2.amazonaws.com/static.fantasydata.com/logos/ncaa/23.png,MIA,F47321,FFFFFF,005030,,"{'StadiumID': 115, 'Active': True, 'Name': 'Watsco Center', 'Address': None, 'City': 'Coral Gables', 'State': 'FL', 'Zip': None, 'Country': None, 'Capacity': 7972, 'GeoLat': 25.715, 'GeoLong': -80.279167}"
23,24,LOU,True,Louisville,Cardinals,6.0,4.0,0.0,0.0,0.0,60000024,3.0,Atlantic Coast,https://s3-us-west-2.amazonaws.com/static.fantasydata.com/logos/ncaa/24.png,LOU,AD0000,000000,,,"{'StadiumID': 97, 'Active': True, 'Name': 'KFC Yum! Center', 'Address': None, 'City': 'Louisville', 'State': 'KY', 'Zip': None, 'Country': None, 'Capacity': 22090, 'GeoLat': 38.2575, 'GeoLong': -85.753889}"
24,25,ND,True,Notre Dame,Fighting Irish,,4.0,1.0,0.0,0.0,60000025,3.0,Atlantic Coast,https://s3-us-west-2.amazonaws.com/static.fantasydata.com/logos/ncaa/25.png,ND,0C2340,AE9142,,,"{'StadiumID': 32, 'Active': True, 'Name': 'Purcell Pavilion', 'Address': None, 'City': 'South Bend', 'State': 'IN', 'Zip': None, 'Country': None, 'Capacity': 9149, 'GeoLat': 41.698443, 'GeoLong': -86.231292}"
25,26,DUKE,True,Duke,Blue Devils,5.0,5.0,0.0,0.0,0.0,60000026,3.0,Atlantic Coast,https://s3-us-west-2.amazonaws.com/static.fantasydata.com/logos/ncaa/26.png,DUKE,012169,FFFFFF,,,"{'StadiumID': 211, 'Active': True, 'Name': 'Cameron Indoor Stadium', 'Address': None, 'City': 'Durham', 'State': 'NC', 'Zip': None, 'Country': None, 'Capacity': 9314, 'GeoLat': 35.9976, 'GeoLong': -78.9422}"
26,27,CLMSN,True,Clemson,Tigers,,4.0,1.0,0.0,0.0,60000027,3.0,Atlantic Coast,https://s3-us-west-2.amazonaws.com/static.fantasydata.com/logos/ncaa/27.png,CLEM,F66733,522D80,,,"{'StadiumID': 13, 'Active': True, 'Name': 'Littlejohn Coliseum', 'Address': None, 'City': 'Clemson', 'State': 'SC', 'Zip': None, 'Country': None, 'Capacity': 9000, 'GeoLat': 34.680278, 'GeoLong': -82.846389}"
27,28,PITT,True,Pittsburgh,Panthers,,4.0,2.0,0.0,0.0,60000028,3.0,Atlantic Coast,https://s3-us-west-2.amazonaws.com/static.fantasydata.com/logos/ncaa/28.png,PITT,003594,FFB81C,,,"{'StadiumID': 31, 'Active': True, 'Name': 'Petersen Events Center', 'Address': None, 'City': 'Pittsburgh', 'State': 'PA', 'Zip': None, 'Country': None, 'Capacity': 12508, 'GeoLat': 40.443777, 'GeoLong': -79.962274}"
28,29,FLST,True,Florida State,Seminoles,,3.0,1.0,0.0,0.0,60000029,3.0,Atlantic Coast,https://s3-us-west-2.amazonaws.com/static.fantasydata.com/logos/ncaa/29.png,FSU,782F40,CEB888,,,"{'StadiumID': 11, 'Active': True, 'Name': 'Donald L. Tucker Center', 'Address': None, 'City': 'Tallahassee', 'State': 'FL', 'Zip': None, 'Country': None, 'Capacity': 11500, 'GeoLat': 30.437842, 'GeoLong': -84.28669}"
29,30,SYRA,True,Syracuse,Orange,,4.0,0.0,0.0,0.0,60000030,3.0,Atlantic Coast,https://s3-us-west-2.amazonaws.com/static.fantasydata.com/logos/ncaa/30.png,SYRA,F76900,,,,"{'StadiumID': 10, 'Active': True, 'Name': 'JMA Wireless Dome', 'Address': None, 'City': 'Syracuse', 'State': 'NY', 'Zip': None, 'Country': None, 'Capacity': 35642, 'GeoLat': 43.036111, 'GeoLong': -76.136389}"
30,31,VTECH,True,Virginia Tech,Hokies,,5.0,0.0,0.0,0.0,60000031,3.0,Atlantic Coast,https://s3-us-west-2.amazonaws.com/static.fantasydata.com/logos/ncaa/31.png,VTECH,861F41,E87722,,,"{'StadiumID': 107, 'Active': True, 'Name': 'Cassell Coliseum', 'Address': None, 'City': 'Blacksburg', 'State': 'VA', 'Zip': None, 'Country': None, 'Capacity': 8925, 'GeoLat': 37.222222, 'GeoLong': -80.418889}"
31,32,GTECH,True,Georgia Tech,Yellow Jackets,,4.0,1.0,0.0,0.0,60000032,3.0,Atlantic Coast,https://s3-us-west-2.amazonaws.com/static.fantasydata.com/logos/ncaa/32.png,GTECH,B3A369,FFFFFF,,,"{'StadiumID': 129, 'Active': True, 'Name': 'McCamish Pavilion', 'Address': None, 'City': 'Atlanta', 'State': 'GA', 'Zip': None, 'Country': None, 'Capacity': 8600, 'GeoLat': 33.780833, 'GeoLong': -84.392778}"
32,33,NCST,True,North Carolina State,Wolfpack,25.0,4.0,0.0,0.0,0.0,60000033,3.0,Atlantic Coast,https://s3-us-west-2.amazonaws.com/static.fantasydata.com/logos/ncaa/33.png,NCSU,CC0000,FFFFFF,,,"{'StadiumID': 145, 'Active': True, 'Name': 'Lenovo Center', 'Address': None, 'City': 'Raleigh', 'State': 'NC', 'Zip': None, 'Country': None, 'Capacity': 19700, 'GeoLat': 35.803333, 'GeoLong': -78.721944}"
33,34,WAKE,True,Wake Forest,Demon Deacons,,3.0,2.0,0.0,0.0,60000034,3.0,Atlantic Coast,https://s3-us-west-2.amazonaws.com/static.fantasydata.com/logos/ncaa/34.png,WAKE,9E7E38,000000,,,"{'StadiumID': 152, 'Active': True, 'Name': 'Lawrence Joel Coliseum', 'Address': None, 'City': 'Winston-Salem', 'State': 'NC', 'Zip': None, 'Country': None, 'Capacity': 14665, 'GeoLat': 36.127866, 'GeoLong': -80.257628}"
34,35,BOSCOL,True,Boston College,Eagles,,3.0,3.0,0.0,0.0,60000035,3.0,Atlantic Coast,https://s3-us-west-2.amazonaws.com/static.fantasydata.com/logos/ncaa/35.png,BC,8A100B,b29d6c,,,"{'StadiumID': 30, 'Active': True, 'Name': 'Silvio Conte Forum', 'Address': None, 'City': 'Chestnut Hill', 'State': 'MA', 'Zip': None, 'Country': None, 'Capacity': 8606, 'GeoLat': 42.335, 'GeoLong': -71.1675}"
35,36,NFL,True,North Florida,Ospreys,,1.0,3.0,0.0,0.0,60000036,4.0,Atlantic Sun,https://s3-us-west-2.amazonaws.com/static.fantasydata.com/logos/ncaa/36.png,NFL,003886,929497,,,"{'StadiumID': 317, 'Active': True, 'Name': 'UNF Arena', 'Address': None, 'City': 'Jacksonville', 'State': 'FL', 'Zip': None, 'Country': None, 'Capacity': 5800, 'GeoLat': 30.2734, 'GeoLong': -81.5079}"
36,37,JAX,True,Jacksonville,Dolphins,,2.0,3.0,0.0,0.0,60000037,4.0,Atlantic Sun,https://s3-us-west-2.amazonaws.com/static.fantasydata.com/logos/ncaa/37.png,JAX,004d40,FFFFFF,,,"{'StadiumID': 35, 'Active': True, 'Name': 'Swisher Gymnasium', 'Address': None, 'City': 'Jacksonville', 'State': 'FL', 'Zip': None, 'Country': None, 'Capacity': 1452, 'GeoLat': 30.350278, 'GeoLong': -81.605}"
37,38,FLGC,True,Florida Gulf Coast,Eagles,,3.0,2.0,0.0,0.0,60000038,4.0,Atlantic Sun,https://s3-us-west-2.amazonaws.com/static.fantasydata.com/logos/ncaa/38.png,FLGC,004785,00794C,,,"{'StadiumID': 307, 'Active': True, 'Name': 'Alico Arena', 'Address': None, 'City': 'Fort Myers', 'State': 'FL', 'Zip': None, 'Country': None, 'Capacity': 4633, 'GeoLat': 26.471111, 'GeoLong': -81.764722}"
38,39,NJIT,True,NJIT,Highlanders,,3.0,2.0,0.0,0.0,60000039,2.0,America East,https://s3-us-west-2.amazonaws.com/static.fantasydata.com/logos/ncaa/39.png,NJIT,CC0000,FFFFFF,071D49,,"{'StadiumID': 28, 'Active': True, 'Name': 'Joel & Diane Bloom Wellness and Events Center', 'Address': None, 'City': 'Newark', 'State': 'NJ', 'Zip': None, 'Country': None, 'Capacity': 3500, 'GeoLat': 40.743125, 'GeoLong': -74.182161}"
39,40,LIPSC,True,Lipscomb,Bisons,,1.0,4.0,0.0,0.0,60000040,4.0,Atlantic Sun,https://s3-us-west-2.amazonaws.com/static.fantasydata.com/logos/ncaa/40.png,LIPSC,331E54,F4AA00,,,"{'StadiumID': 156, 'Active': True, 'Name': 'Allen Arena', 'Address': None, 'City': 'Nashville', 'State': 'TN', 'Zip': None, 'Country': None, 'Capacity': 5028, 'GeoLat': 36.103833, 'GeoLong': -86.798836}"
40,41,STETSN,True,Stetson,Hatters,,2.0,3.0,0.0,0.0,60000041,4.0,Atlantic Sun,https://s3-us-west-2.amazonaws.com/static.fantasydata.com/logos/ncaa/41.png,STETSN,3D8E33,FFFFFF,,,"{'StadiumID': 264, 'Active': True, 'Name': 'Edmunds Center', 'Address': None, 'City': 'DeLand', 'State': 'FL', 'Zip': None, 'Country': None, 'Capacity': 4000, 'GeoLat': 29.039584, 'GeoLong': -81.301819}"
41,42,KENEST,True,Kennesaw State,Owls,,3.0,1.0,0.0,0.0,60000042,13.0,Conference USA,https://s3-us-west-2.amazonaws.com/static.fantasydata.com/logos/ncaa/42.png,KENEST,2D2926,FFC629,,,"{'StadiumID': 275, 'Active': True, 'Name': 'KSU Convocation Center', 'Address': None, 'City': 'Kennesaw', 'State': 'GA', 'Zip': None, 'Country': None, 'Capacity': 4600, 'GeoLat': 34.036924, 'GeoLong': -84.580329}"
42,43,SCUP,True,USC Upstate,Spartans,,3.0,3.0,0.0,0.0,60000043,8.0,Big South,https://s3-us-west-2.amazonaws.com/static.fantasydata.com/logos/ncaa/43.png,USCU,00833e,373a36,898a8d,d0d0ce,"{'StadiumID': 303, 'Active': True, 'Name': 'Hodge Center', 'Address': None, 'City': 'Spartanburg', 'State': 'SC', 'Zip': None, 'Country': None, 'Capacity': 837, 'GeoLat': 34.996696, 'GeoLong': -81.968774}"
43,44,DAY,True,Dayton,Flyers,,4.0,1.0,0.0,0.0,60000044,5.0,Atlantic 10,https://s3-us-west-2.amazonaws.com/static.fantasydata.com/logos/ncaa/44.png,DAYTON,D70036,002F87,,,"{'StadiumID': 87, 'Active': True, 'Name': 'UD Arena', 'Address': None, 'City': 'Dayton', 'State': 'OH', 'Zip': None, 'Country': None, 'Capacity': 13409, 'GeoLat': 39.735556, 'GeoLong': -84.2}"
44,45,VCU,True,VCU,Rams,,2.0,2.0,0.0,0.0,60000045,5.0,Atlantic 10,https://s3-us-west-2.amazonaws.com/static.fantasydata.com/logos/ncaa/45.png,VCU,000000,FFB300,,,"{'StadiumID': 26, 'Active': True, 'Name': 'Stuart C. Siegel Center', 'Address': None, 'City': 'Richmond', 'State': 'VA', 'Zip': None, 'Country': None, 'Capacity': 7637, 'GeoLat': 37.552918, 'GeoLong': -77.4529}"
45,46,STJOE,True,Saint Joseph's,Hawks,,2.0,3.0,0.0,0.0,60000046,5.0,Atlantic 10,https://s3-us-west-2.amazonaws.com/static.fantasydata.com/logos/ncaa/46.png,STJOE,9E1b32,6C6F70,,,"{'StadiumID': 128, 'Active': True, 'Name': 'Hagan Arena', 'Address': None, 'City': 'Philadelphia', 'State': 'PA', 'Zip': None, 'Country': None, 'Capacity': 4200, 'GeoLat': 39.995245, 'GeoLong': -75.234806}"
46,47,STBON,True,St. Bonaventure,Bonnies,,5.0,0.0,0.0,0.0,60000047,5.0,Atlantic 10,https://s3-us-west-2.amazonaws.com/static.fantasydata.com/logos/ncaa/47.png,STBON,4E3227,FFFFFF,,,"{'StadiumID': 88, 'Active': True, 'Name': 'Reilly Center', 'Address': None, 'City': 'Saint Bonaventure', 'State': 'NY', 'Zip': None, 'Country': None, 'Capacity': 5480, 'GeoLat': 42.079428, 'GeoLong': -78.484998}"
47,48,GEOWS,True,George Washington,Revolutionaries,,5.0,0.0,0.0,0.0,60000048,5.0,Atlantic 10,https://s3-us-west-2.amazonaws.com/static.fantasydata.com/logos/ncaa/48.png,GEOWS,AA9868,033C5A,,,"{'StadiumID': 24, 'Active': True, 'Name': 'Charles E. Smith Center', 'Address': None, 'City': 'Washington', 'State': 'DC', 'Zip': None, 'Country': None, 'Capacity': 5000, 'GeoLat': 38.897755, 'GeoLong': -77.049329}"
48,49,DAVID,True,Davidson,Wildcats,,5.0,0.0,0.0,0.0,60000049,5.0,Atlantic 10,https://s3-us-west-2.amazonaws.com/static.fantasydata.com/logos/ncaa/49.png,DAVID,D42121,000000,,,"{'StadiumID': 22, 'Active': True, 'Name': 'John M. Belk Arena', 'Address': None, 'City': 'Davidson', 'State': 'NC', 'Zip': None, 'Country': None, 'Capacity': 4300, 'GeoLat': 35.499278, 'GeoLong': -80.840521}"
49,50,RI,True,Rhode Island,Rams,,4.0,1.0,0.0,0.0,60000050,5.0,Atlantic 10,https://s3-us-west-2.amazonaws.com/static.fantasydata.com/logos/ncaa/50.png,URI,002147,75b2dd,,,"{'StadiumID': 25, 'Active': True, 'Name': 'Ryan Center', 'Address': None, 'City': 'Kingston', 'State': 'RI', 'Zip': None, 'Country': None, 'Capacity': 8000, 'GeoLat': 41.4875, 'GeoLong': -71.535556}"
50,51,DUQ,True,Duquesne,Dukes,,4.0,1.0,0.0,0.0,60000051,5.0,Atlantic 10,https://s3-us-west-2.amazonaws.com/static.fantasydata.com/logos/ncaa/51.png,DUQ,D31245,091F40,,,"{'StadiumID': 159, 'Active': True, 'Name': 'UPMC Cooper Fieldhouse', 'Address': '600 Forbes Avenue', 'City': 'Pittsburgh', 'State': 'PA', 'Zip': '15282', 'Country': 'USA', 'Capacity': 3500, 'GeoLat': 40.4374, 'GeoLong': -79.9879}"
51,52,RICH,True,Richmond,Spiders,,4.0,0.0,0.0,0.0,60000052,5.0,Atlantic 10,https://s3-us-west-2.amazonaws.com/static.fantasydata.com/logos/ncaa/52.png,RICH,000066,990000,,,"{'StadiumID': 116, 'Active': True, 'Name': 'Robins Center', 'Address': None, 'City': 'Richmond', 'State': 'VA', 'Zip': None, 'Country': None, 'Capacity': 7201, 'GeoLat': 37.580701, 'GeoLong': -77.538987}"
52,53,FORDM,True,Fordham,Rams,,4.0,2.0,0.0,0.0,60000053,5.0,Atlantic 10,https://s3-us-west-2.amazonaws.com/static.fantasydata.com/logos/ncaa/53.png,FORDHAM,900028,FFFFFF,,,"{'StadiumID': 279, 'Active': True, 'Name': 'Rose Hill Gymnasium', 'Address': None, 'City': 'Bronx', 'State': 'NY', 'Zip': None, 'Country': None, 'Capacity': 3200, 'GeoLat': 40.862148, 'GeoLong': -73.883824}"
53,54,STLOU,True,Saint Louis,Billikens,,4.0,0.0,0.0,0.0,60000054,5.0,Atlantic 10,https://s3-us-west-2.amazonaws.com/static.fantasydata.com/logos/ncaa/54.png,SLU,003DA5,FFFFFF,,,"{'StadiumID': 50, 'Active': True, 'Name': 'Chaifetz Arena', 'Address': None, 'City': 'St. Louis', 'State': 'MO', 'Zip': None, 'Country': None, 'Capacity': 10600, 'GeoLat': 38.63246, 'GeoLong': -90.22797}"
54,55,UMASS,True,Massachusetts,Minutemen,,3.0,2.0,0.0,0.0,60000055,18.0,Mid-American,https://s3-us-west-2.amazonaws.com/static.fantasydata.com/logos/ncaa/55.png,UMASS,881C1C,FFFFFF,,,"{'StadiumID': 296, 'Active': True, 'Name': 'William D. Mullins Memorial Center', 'Address': None, 'City': 'Amherst', 'State': 'MA', 'Zip': None, 'Country': None, 'Capacity': 9493, 'GeoLat': 42.389381, 'GeoLong': -72.533439}"
55,56,GMSN,True,George Mason,Patriots,,5.0,0.0,0.0,0.0,60000056,5.0,Atlantic 10,https://s3-us-west-2.amazonaws.com/static.fantasydata.com/logos/ncaa/56.png,GMSN,006633,FFCC33,,,"{'StadiumID': 121, 'Active': True, 'Name': 'EagleBank Arena', 'Address': None, 'City': 'Fairfax', 'State': 'VA', 'Zip': None, 'Country': None, 'Capacity': 7860, 'GeoLat': 38.827, 'GeoLong': -77.31}"
56,57,LASAL,True,La Salle,Explorers,,2.0,3.0,0.0,0.0,60000057,5.0,Atlantic 10,https://s3-us-west-2.amazonaws.com/static.fantasydata.com/logos/ncaa/57.png,LASALLE,003057,F1C400,,,"{'StadiumID': 154, 'Active': True, 'Name': 'Tom Gola Arena', 'Address': None, 'City': 'Philadelphia', 'State': 'PA', 'Zip': None, 'Country': None, 'Capacity': 3400, 'GeoLat': 40.039993, 'GeoLong': -75.15654}"
57,58,VILL,True,Villanova,Wildcats,,4.0,1.0,0.0,0.0,60000058,6.0,Big East,https://s3-us-west-2.amazonaws.com/static.fantasydata.com/logos/ncaa/58.png,VILL,002664,FFFFFF,,,"{'StadiumID': 7, 'Active': True, 'Name': 'Finneran Pavilion', 'Address': None, 'City': 'Villanova', 'State': 'PA', 'Zip': None, 'Country': None, 'Capacity': 6501, 'GeoLat': 40.034072, 'GeoLong': -75.336553}"
58,59,XAV,True,Xavier,Musketeers,,3.0,2.0,0.0,0.0,60000059,6.0,Big East,https://s3-us-west-2.amazonaws.com/static.fantasydata.com/logos/ncaa/59.png,XAV,0C2340,FFFFFF,9EA2A2,,"{'StadiumID': 66, 'Active': True, 'Name': 'Cintas Center', 'Address': None, 'City': 'Cincinnati', 'State': 'OH', 'Zip': None, 'Country': None, 'Capacity': 10224, 'GeoLat': 39.150148, 'GeoLong': -84.471881}"
59,60,SETON,True,Seton Hall,Pirates,,5.0,0.0,0.0,0.0,60000060,6.0,Big East,https://s3-us-west-2.amazonaws.com/static.fantasydata.com/logos/ncaa/60.png,SETON,004488,A2AAAD,FFFFFF,,"{'StadiumID': 326, 'Active': True, 'Name': 'Prudential Center', 'Address': None, 'City': 'Newark', 'State': 'NJ', 'Zip': None, 'Country': None, 'Capacity': 10481, 'GeoLat': 40.733611, 'GeoLong': -74.171111}"
60,61,CREIGH,True,Creighton,Bluejays,,3.0,1.0,0.0,0.0,60000061,6.0,Big East,https://s3-us-west-2.amazonaws.com/static.fantasydata.com/logos/ncaa/61.png,CREIGH,0054A6,FFFFFF,,,"{'StadiumID': 65, 'Active': True, 'Name': 'CHI Health Center Omaha', 'Address': None, 'City': 'Omaha', 'State': 'NE', 'Zip': None, 'Country': None, 'Capacity': 17352, 'GeoLat': 41.263, 'GeoLong': -95.928}"
61,62,GEORGE,True,Georgetown,Hoyas,,4.0,0.0,0.0,0.0,60000062,6.0,Big East,https://s3-us-west-2.amazonaws.com/static.fantasydata.com/logos/ncaa/62.png,GEORGE,041E42,63666A,,,"{'StadiumID': 67, 'Active': True, 'Name': 'Capital One Arena', 'Address': None, 'City': 'Washington', 'State': 'DC', 'Zip': None, 'Country': None, 'Capacity': 20333, 'GeoLat': 38.898056, 'GeoLong': -77.020833}"
62,63,PROV,True,Providence,Friars,,3.0,2.0,0.0,0.0,60000063,6.0,Big East,https://s3-us-west-2.amazonaws.com/static.fantasydata.com/logos/ncaa/63.png,PROV,000000,B3C7C4,FFFFFF,,"{'StadiumID': 17, 'Active': True, 'Name': 'Amica Mutual Pavilion', 'Address': None, 'City': 'Providence', 'State': 'RI', 'Zip': None, 'Country': None, 'Capacity': 12410, 'GeoLat': 41.823611, 'GeoLong': -71.418333}"
63,64,BUTL,True,Butler,Bulldogs,,4.0,1.0,0.0,0.0,60000064,6.0,Big East,https://s3-us-west-2.amazonaws.com/static.fantasydata.com/logos/ncaa/64.png,BUTLER,13294B,FFFFFF,,,"{'StadiumID': 161, 'Active': True, 'Name': 'Hinkle Fieldhouse', 'Address': None, 'City': 'Indianapolis', 'State': 'IN', 'Zip': None, 'Country': None, 'Capacity': 9100, 'GeoLat': 39.843611, 'GeoLong': -86.167222}"
64,65,MARQ,True,Marquette,Golden Eagles,,3.0,3.0,0.0,0.0,60000065,6.0,Big East,https://s3-us-west-2.amazonaws.com/static.fantasydata.com/logos/ncaa/65.png,MARQ,003366,FFCC00,,,"{'StadiumID': 74, 'Active': True, 'Name': 'Fiserv Forum', 'Address': None, 'City': 'Milwaukee', 'State': 'WI', 'Zip': None, 'Country': None, 'Capacity': 17341, 'GeoLat': 43.045028, 'GeoLong': -87.918167}"
65,66,DEPAUL,True,DePaul,Blue Demons,,3.0,2.0,0.0,0.0,60000066,6.0,Big East,https://s3-us-west-2.amazonaws.com/static.fantasydata.com/logos/ncaa/66.png,DEPAUL,005A8B,AD3044,,,"{'StadiumID': 93, 'Active': True, 'Name': 'Wintrust Arena', 'Address': None, 'City': 'Chicago', 'State': 'IL', 'Zip': None, 'Country': None, 'Capacity': 10387, 'GeoLat': 41.853611, 'GeoLong': -87.621389}"
66,67,STJOHN,True,St. John's,Red Storm,14.0,3.0,1.0,0.0,0.0,60000067,6.0,Big East,https://s3-us-west-2.amazonaws.com/static.fantasydata.com/logos/ncaa/67.png,STJOHN,C3002F,FFFFFF,,,"{'StadiumID': 19, 'Active': True, 'Name': 'Carnesecca Arena', 'Address': None, 'City': 'Queens', 'State': 'NY', 'Zip': None, 'Country': None, 'Capacity': 5602, 'GeoLat': 40.724167, 'GeoLong': -73.794444}"
67,68,MONT,True,Montana,Grizzlies,,4.0,2.0,0.0,0.0,60000068,7.0,Big Sky,https://s3-us-west-2.amazonaws.com/static.fantasydata.com/logos/ncaa/68.png,MONT,70002e,6B6B6B,,,"{'StadiumID': 136, 'Active': True, 'Name': 'Dahlberg Arena', 'Address': None, 'City': 'Missoula', 'State': 'MT', 'Zip': None, 'Country': None, 'Capacity': 7322, 'GeoLat': 46.864, 'GeoLong': -113.983}"
68,69,WEBST,True,Weber State,Wildcats,,2.0,3.0,0.0,0.0,60000069,7.0,Big Sky,https://s3-us-west-2.amazonaws.com/static.fantasydata.com/logos/ncaa/69.png,WEBST,492365,FFFFFF,,,"{'StadiumID': 344, 'Active': True, 'Name': 'Dee Events Center', 'Address': None, 'City': 'Ogden', 'State': 'UT', 'Zip': None, 'Country': None, 'Capacity': 11500, 'GeoLat': 41.1825, 'GeoLong': -111.945}"
69,70,EWASH,True,Eastern Washington,Eagles,,1.0,4.0,0.0,0.0,60000070,7.0,Big Sky,https://s3-us-west-2.amazonaws.com/static.fantasydata.com/logos/ncaa/70.png,EWU,B7142E,FFFFFF,,,"{'StadiumID': 392, 'Active': True, 'Name': 'Reese Court', 'Address': None, 'City': 'Cheney', 'State': 'WA', 'Zip': None, 'Country': None, 'Capacity': 5000, 'GeoLat': 47.4914, 'GeoLong': -117.5892}"
70,71,NDAK,True,North Dakota,Fighting Hawks,,2.0,4.0,0.0,0.0,60000071,30.0,Summit,https://s3-us-west-2.amazonaws.com/static.fantasydata.com/logos/ncaa/71.png,UND,009A44,FFFFFF,,,"{'StadiumID': 336, 'Active': True, 'Name': 'Betty Engelstad Sioux Center', 'Address': None, 'City': 'Grand Forks', 'State': 'ND', 'Zip': None, 'Country': None, 'Capacity': 3140, 'GeoLat': 47.927641, 'GeoLong': -97.071438}"
71,72,IDHST,True,Idaho State,Bengals,,3.0,3.0,0.0,0.0,60000072,7.0,Big Sky,https://s3-us-west-2.amazonaws.com/static.fantasydata.com/logos/ncaa/72.png,IDST,F47920,000000,,,"{'StadiumID': 226, 'Active': True, 'Name': 'Reed Gym', 'Address': None, 'City': 'Pocatello', 'State': 'ID', 'Zip': None, 'Country': None, 'Capacity': 3040, 'GeoLat': 42.8645, 'GeoLong': -112.429}"
72,73,IDAHO,True,Idaho,Vandals,,2.0,2.0,0.0,0.0,60000073,7.0,Big Sky,https://s3-us-west-2.amazonaws.com/static.fantasydata.com/logos/ncaa/73.png,IDAHO,808080,F1B300,,,"{'StadiumID': 525, 'Active': True, 'Name': 'ICCU Arena', 'Address': None, 'City': 'Moscow', 'State': 'ID', 'Zip': None, 'Country': None, 'Capacity': 4200, 'GeoLat': None, 'GeoLong': None}"
73,74,MONST,True,Montana State,Bobcats,,2.0,4.0,0.0,0.0,60000074,7.0,Big Sky,https://s3-us-west-2.amazonaws.com/static.fantasydata.com/logos/ncaa/74.png,MONST,00205B,eaaa00,,,"{'StadiumID': 73, 'Active': True, 'Name': 'Brick Breeden Fieldhouse ', 'Address': None, 'City': 'Bozeman', 'State': 'MT', 'Zip': None, 'Country': None, 'Capacity': 6772, 'GeoLat': 45.6633, 'GeoLong': -111.0506}"
74,75,NCOL,True,Northern Colorado,Bears,,3.0,0.0,0.0,0.0,60000075,7.0,Big Sky,https://s3-us-west-2.amazonaws.com/static.fantasydata.com/logos/ncaa/75.png,UNCO,013C65,F6B000,,,"{'StadiumID': 207, 'Active': True, 'Name': 'Bank of Colorado Arena', 'Address': None, 'City': 'Greeley', 'State': 'CO', 'Zip': None, 'Country': None, 'Capacity': 2950, 'GeoLat': 40.402251, 'GeoLong': -104.703097}"
75,76,PORTST,True,Portland State,Vikings,,3.0,2.0,0.0,0.0,60000076,7.0,Big Sky,https://s3-us-west-2.amazonaws.com/static.fantasydata.com/logos/ncaa/76.png,PORTST,6d8d24,FFFFFF,,,"{'StadiumID': 174, 'Active': True, 'Name': 'Viking Pavilion', 'Address': None, 'City': 'Portland', 'State': 'OR', 'Zip': None, 'Country': None, 'Capacity': 3094, 'GeoLat': 45.510987, 'GeoLong': -122.687471}"
76,77,SACST,True,Sacramento State,Hornets,,3.0,3.0,0.0,0.0,60000077,7.0,Big Sky,https://s3-us-west-2.amazonaws.com/static.fantasydata.com/logos/ncaa/77.png,SACST,043927,c4b581,,,"{'StadiumID': 278, 'Active': True, 'Name': 'The Hornets Nest', 'Address': None, 'City': 'Sacramento', 'State': 'CA', 'Zip': None, 'Country': None, 'Capacity': 1012, 'GeoLat': 38.561903, 'GeoLong': -121.426878}"
77,78,SUTAH,True,Southern Utah,Thunderbirds,,1.0,5.0,0.0,0.0,60000078,33.0,Western Athletic,https://s3-us-west-2.amazonaws.com/static.fantasydata.com/logos/ncaa/78.png,SUTAH,E91D2D,FFFFFF,,,"{'StadiumID': 377, 'Active': True, 'Name': 'America First Events Center', 'Address': None, 'City': 'Cedar City', 'State': 'UT', 'Zip': None, 'Country': None, 'Capacity': 5300, 'GeoLat': 37.675556, 'GeoLong': -113.073056}"
78,79,NARZ,True,Northern Arizona,Lumberjacks,,2.0,2.0,0.0,0.0,60000079,7.0,Big Sky,https://s3-us-west-2.amazonaws.com/static.fantasydata.com/logos/ncaa/79.png,NARZ,003466,FFD200,,,"{'StadiumID': 151, 'Active': True, 'Name': 'J. Lawrence Walkup Skydome', 'Address': None, 'City': 'Flagstaff', 'State': 'AZ', 'Zip': None, 'Country': None, 'Capacity': 7000, 'GeoLat': 35.1805, 'GeoLong': -111.6525}"
79,80,NCASHE,True,UNC Asheville,Bulldogs,,2.0,3.0,0.0,0.0,60000080,8.0,Big South,https://s3-us-west-2.amazonaws.com/static.fantasydata.com/logos/ncaa/80.png,NCASHE,003da5,FFFFFF,,,"{'StadiumID': 283, 'Active': True, 'Name': 'Kimmel Arena', 'Address': None, 'City': 'Asheville', 'State': 'NC', 'Zip': None, 'Country': None, 'Capacity': 3200, 'GeoLat': 35.618, 'GeoLong': -82.568}"
80,81,COAST,True,Coastal Carolina,Chanticleers,,2.0,2.0,0.0,0.0,60000081,31.0,Sun Belt,https://s3-us-west-2.amazonaws.com/static.fantasydata.com/logos/ncaa/81.png,COAST,006F71,A27752,111111,,"{'StadiumID': 220, 'Active': True, 'Name': 'The HTC Center', 'Address': None, 'City': 'Conway', 'State': 'SC', 'Zip': None, 'Country': None, 'Capacity': 3212, 'GeoLat': 33.799167, 'GeoLong': -79.015556}"
81,82,WINTH,True,Winthrop,Eagles,,2.0,3.0,0.0,0.0,60000082,8.0,Big South,https://s3-us-west-2.amazonaws.com/static.fantasydata.com/logos/ncaa/82.png,WINTH,660000,F0B323,,,"{'StadiumID': 398, 'Active': True, 'Name': 'Winthrop Coliseum', 'Address': None, 'City': 'Rock Hill', 'State': 'SC', 'Zip': None, 'Country': None, 'Capacity': 6100, 'GeoLat': 34.947911, 'GeoLong': -81.014972}"
82,83,GARDWB,True,Gardner-Webb,Runnin' Bulldogs,,0.0,5.0,0.0,0.0,60000083,8.0,Big South,https://s3-us-west-2.amazonaws.com/static.fantasydata.com/logos/ncaa/83.png,GARDWB,A6192E,231F20,,,"{'StadiumID': 334, 'Active': True, 'Name': 'Paul Porter Arena', 'Address': None, 'City': 'Boiling Springs', 'State': 'NC', 'Zip': None, 'Country': None, 'Capacity': 3000, 'GeoLat': 35.246538, 'GeoLong': -81.669518}"
83,84,LIBRTY,True,Liberty,Flames,,4.0,0.0,0.0,0.0,60000084,13.0,Conference USA,https://s3-us-west-2.amazonaws.com/static.fantasydata.com/logos/ncaa/84.png,LIBERTY,B72025,FFFFFF,0A254E,,"{'StadiumID': 493, 'Active': True, 'Name': 'Liberty Arena', 'Address': None, 'City': 'Lynchburg', 'State': 'VA', 'Zip': None, 'Country': None, 'Capacity': 4000, 'GeoLat': 37.349356, 'GeoLong': -79.180225}"
84,85,HPNT,True,High Point,Panthers,,5.0,1.0,0.0,0.0,60000085,8.0,Big South,https://s3-us-west-2.amazonaws.com/static.fantasydata.com/logos/ncaa/85.png,HIGHPT,330072,FFFFFF,,,"{'StadiumID': 494, 'Active': True, 'Name': 'Nido and Mariana Qubein Arena', 'Address': None, 'City': 'High Point', 'State': 'NC', 'Zip': None, 'Country': None, 'Capacity': 4200, 'GeoLat': 35.978847, 'GeoLong': -79.996429}"
85,86,RADF,True,Radford,Highlanders,,2.0,4.0,0.0,0.0,60000086,8.0,Big South,https://s3-us-west-2.amazonaws.com/static.fantasydata.com/logos/ncaa/86.png,RADF,C2011B,003C71,808285,,"{'StadiumID': 135, 'Active': True, 'Name': 'Donald N. Dedmon Center', 'Address': None, 'City': 'Radford', 'State': 'VA', 'Zip': None, 'Country': None, 'Capacity': 3125, 'GeoLat': 37.1386, 'GeoLong': -80.541769}"
86,87,LONGWD,True,Longwood,Lancers,,3.0,2.0,0.0,0.0,60000087,8.0,Big South,https://s3-us-west-2.amazonaws.com/static.fantasydata.com/logos/ncaa/87.png,LONGWD,002147,FFFFFF,,,"{'StadiumID': 576, 'Active': True, 'Name': 'Joan Perry Brock Center', 'Address': None, 'City': 'Farmville', 'State': 'VA', 'Zip': None, 'Country': None, 'Capacity': 3000, 'GeoLat': None, 'GeoLong': None}"
87,88,CHSOU,True,Charleston Southern,Buccaneers,,3.0,3.0,0.0,0.0,60000088,8.0,Big South,https://s3-us-west-2.amazonaws.com/static.fantasydata.com/logos/ncaa/88.png,CHSOU,002855,A89968,,,"{'StadiumID': 202, 'Active': True, 'Name': 'Buccaneer Fieldhouse', 'Address': None, 'City': 'Charleston', 'State': 'SC', 'Zip': None, 'Country': None, 'Capacity': 881, 'GeoLat': 32.980822, 'GeoLong': -80.067125}"
88,89,PRESB,True,Presbyterian,Blue Hose,,3.0,4.0,0.0,0.0,60000089,8.0,Big South,https://s3-us-west-2.amazonaws.com/static.fantasydata.com/logos/ncaa/89.png,PRESB,0060A9,9D2235,,,"{'StadiumID': 301, 'Active': True, 'Name': 'Ross E. Templeton P.E. Center', 'Address': None, 'City': 'Clinton', 'State': 'SC', 'Zip': None, 'Country': None, 'Capacity': 2500, 'GeoLat': 34.465, 'GeoLong': -81.869}"
89,90,CAMP,True,Campbell,Fighting Camels,,3.0,3.0,0.0,0.0,60000090,12.0,Coastal Athletic Association,https://s3-us-west-2.amazonaws.com/static.fantasydata.com/logos/ncaa/90.png,CAMP,1E252B,EA7125,,,"{'StadiumID': 42, 'Active': True, 'Name': 'Pope Convocation Center', 'Address': None, 'City': 'Buies Creek', 'State': 'NC', 'Zip': None, 'Country': None, 'Capacity': 3095, 'GeoLat': 35.407905, 'GeoLong': 78.736696}"
90,91,IOWA,True,Iowa,Hawkeyes,,5.0,0.0,0.0,0.0,60000091,9.0,Big Ten,https://s3-us-west-2.amazonaws.com/static.fantasydata.com/logos/ncaa/91.png,IOWA,000000,FCD116,,,"{'StadiumID': 99, 'Active': True, 'Name': 'Carver-Hawkeye Arena', 'Address': None, 'City': 'Iowa City', 'State': 'IA', 'Zip': None, 'Country': None, 'Capacity': 15056, 'GeoLat': 41.663611, 'GeoLong': -91.554444}"
91,92,MARY,True,Maryland,Terrapins,,4.0,1.0,0.0,0.0,60000092,9.0,Big Ten,https://s3-us-west-2.amazonaws.com/static.fantasydata.com/logos/ncaa/92.png,MARY,E21833,FFD200,FFFFFF,000000,"{'StadiumID': 41, 'Active': True, 'Name': 'XFINITY Center', 'Address': None, 'City': 'College Park', 'State': 'MD', 'Zip': None, 'Country': None, 'Capacity': 17950, 'GeoLat': 38.995417, 'GeoLong': -76.941556}"
92,93,IND,True,Indiana,Hoosiers,,5.0,0.0,0.0,0.0,60000093,9.0,Big Ten,https://s3-us-west-2.amazonaws.com/static.fantasydata.com/logos/ncaa/93.png,IU,990000,EDEBEB,,,"{'StadiumID': 130, 'Active': True, 'Name': 'Simon Skjodt Assembly Hall', 'Address': '1001 E 17th Street', 'City': 'Bloomington', 'State': 'IN', 'Zip': '47408', 'Country': 'USA', 'Capacity': 17222, 'GeoLat': 39.180833, 'GeoLong': -86.522222}"
93,94,PUR,True,Purdue,Boilermakers,1.0,5.0,0.0,0.0,0.0,60000094,9.0,Big Ten,https://s3-us-west-2.amazonaws.com/static.fantasydata.com/logos/ncaa/94.png,PUR,CFB991,000000,,,"{'StadiumID': 14, 'Active': True, 'Name': 'Mackey Arena', 'Address': None, 'City': 'West Lafayette', 'State': 'IN', 'Zip': None, 'Country': None, 'Capacity': 14876, 'GeoLat': 40.433322, 'GeoLong': -86.916144}"
94,95,MICH,True,Michigan,Wolverines,7.0,4.0,0.0,0.0,0.0,60000095,9.0,Big Ten,https://s3-us-west-2.amazonaws.com/static.fantasydata.com/logos/ncaa/95.png,MICH,FFCB05,00274C,,,"{'StadiumID': 12, 'Active': True, 'Name': 'Crisler Center', 'Address': None, 'City': 'Ann Arbor', 'State': 'MI', 'Zip': None, 'Country': None, 'Capacity': 12707, 'GeoLat': 42.265037, 'GeoLong': -83.746768}"
95,96,WISC,True,Wisconsin,Badgers,23.0,4.0,0.0,0.0,0.0,60000096,9.0,Big Ten,https://s3-us-west-2.amazonaws.com/static.fantasydata.com/logos/ncaa/96.png,WISC,C5050C,FFFFFF,,,"{'StadiumID': 61, 'Active': True, 'Name': 'Kohl Center', 'Address': None, 'City': 'Madison', 'State': 'WI', 'Zip': None, 'Country': None, 'Capacity': 17287, 'GeoLat': 43.06942, 'GeoLong': -89.396972}"
96,97,MST,True,Michigan State,Spartans,17.0,4.0,0.0,0.0,0.0,60000097,9.0,Big Ten,https://s3-us-west-2.amazonaws.com/static.fantasydata.com/logos/ncaa/97.png,MSU,18453B,FFFFFF,,,"{'StadiumID': 175, 'Active': True, 'Name': 'Breslin Center', 'Address': None, 'City': 'East Lansing', 'State': 'MI', 'Zip': None, 'Country': None, 'Capacity': 14797, 'GeoLat': 42.728227, 'GeoLong': -84.492396}"
97,98,OHIOST,True,Ohio State,Buckeyes,,5.0,0.0,0.0,0.0,60000098,9.0,Big Ten,https://s3-us-west-2.amazonaws.com/static.fantasydata.com/logos/ncaa/98.png,OSU,CE0F3D,B0B7BC,,,"{'StadiumID': 233, 'Active': True, 'Name': 'Value City Arena', 'Address': None, 'City': 'Columbus', 'State': 'OH', 'Zip': None, 'Country': None, 'Capacity': 19049, 'GeoLat': 40.007511, 'GeoLong': -83.025102}"
98,99,NEBR,True,Nebraska,Cornhuskers,,5.0,0.0,0.0,0.0,60000099,9.0,Big Ten,https://s3-us-west-2.amazonaws.com/static.fantasydata.com/logos/ncaa/99.png,NEB,D00000,F5F1E7,,,"{'StadiumID': 60, 'Active': True, 'Name': 'Pinnacle Bank Arena', 'Address': None, 'City': 'Lincoln', 'State': 'NE', 'Zip': None, 'Country': None, 'Capacity': 15000, 'GeoLat': 40.817778, 'GeoLong': -96.713333}"
99,100,NW,True,Northwestern,Wildcats,,4.0,0.0,0.0,0.0,60000100,9.0,Big Ten,https://s3-us-west-2.amazonaws.com/static.fantasydata.com/logos/ncaa/100.png,NWU,4E2A84,FFFFFF,,,"{'StadiumID': 100, 'Active': True, 'Name': 'Welsh-Ryan Arena', 'Address': None, 'City': 'Evanston', 'State': 'IL', 'Zip': None, 'Country': None, 'Capacity': 7039, 'GeoLat': 42.066944, 'GeoLong': -87.692778}"
100,101,PENNST,True,Penn State,Nittany Lions,,5.0,0.0,0.0,0.0,60000101,9.0,Big Ten,https://s3-us-west-2.amazonaws.com/static.fantasydata.com/logos/ncaa/101.png,PSU,001E44,FFFFFF,,,"{'StadiumID': 127, 'Active': True, 'Name': 'Bryce Jordan Center', 'Address': None, 'City': 'University Park', 'State': 'PA', 'Zip': None, 'Country': None, 'Capacity': 15261, 'GeoLat': 40.808889, 'GeoLong': -77.855833}"
101,102,ILL,True,Illinois,Fighting Illini,8.0,4.0,1.0,0.0,0.0,60000102,9.0,Big Ten,https://s3-us-west-2.amazonaws.com/static.fantasydata.com/logos/ncaa/102.png,ILL,FF5F05,13294B,,,"{'StadiumID': 98, 'Active': True, 'Name': 'State Farm Center', 'Address': None, 'City': 'Champaign', 'State': 'IL', 'Zip': None, 'Country': None, 'Capacity': 15544, 'GeoLat': 40.096259, 'GeoLong': -88.235956}"
102,103,RUTGER,True,Rutgers,Scarlet Knights,,4.0,0.0,0.0,0.0,60000103,9.0,Big Ten,https://s3-us-west-2.amazonaws.com/static.fantasydata.com/logos/ncaa/103.png,RUTGERS,CC0033,,,,"{'StadiumID': 114, 'Active': True, 'Name': ""Jersey Mike's Arena"", 'Address': None, 'City': 'Piscataway', 'State': 'NJ', 'Zip': None, 'Country': None, 'Capacity': 8000, 'GeoLat': 40.525278, 'GeoLong': -74.441111}"
103,104,MINNST,True,Minnesota,Golden Gophers,,4.0,1.0,0.0,0.0,60000104,9.0,Big Ten,https://s3-us-west-2.amazonaws.com/static.fantasydata.com/logos/ncaa/104.png,MINN,7A0019,FFCC33,,,"{'StadiumID': 59, 'Active': True, 'Name': 'Williams Arena', 'Address': None, 'City': 'Minneapolis', 'State': 'MN', 'Zip': None, 'Country': None, 'Capacity': 14625, 'GeoLat': 44.976944, 'GeoLong': -93.228333}"
104,105,OKL,True,Oklahoma,Sooners,,3.0,2.0,0.0,0.0,60000105,26.0,Southeastern,https://s3-us-west-2.amazonaws.com/static.fantasydata.com/logos/ncaa/105.png,OU,841617,DDCBA4,,,"{'StadiumID': 294, 'Active': True, 'Name': 'Lloyd Noble Center', 'Address': None, 'City': 'Norman', 'State': 'OK', 'Zip': None, 'Country': None, 'Capacity': 11562, 'GeoLat': 35.187438, 'GeoLong': -97.444504}"
105,106,KAN,True,Kansas,Jayhawks,24.0,3.0,2.0,0.0,0.0,60000106,10.0,Big 12,https://s3-us-west-2.amazonaws.com/static.fantasydata.com/logos/ncaa/106.png,KANSAS,E8000D,0051BA,,,"{'StadiumID': 184, 'Active': True, 'Name': 'Allen Fieldhouse', 'Address': None, 'City': 'Lawrence', 'State': 'KS', 'Zip': None, 'Country': None, 'Capacity': 16300, 'GeoLat': 38.954306, 'GeoLong': -95.252394}"
106,107,WVIR,True,West Virginia,Mountaineers,,5.0,0.0,0.0,0.0,60000107,10.0,Big 12,https://s3-us-west-2.amazonaws.com/static.fantasydata.com/logos/ncaa/107.png,WVU,EAAA00,002855,,,"{'StadiumID': 106, 'Active': True, 'Name': 'WVU Coliseum', 'Address': None, 'City': 'Morgantown', 'State': 'WV', 'Zip': None, 'Country': None, 'Capacity': 14000, 'GeoLat': 39.649167, 'GeoLong': -79.981111}"
107,108,BAYL,True,Baylor,Bears,,3.0,0.0,0.0,0.0,60000108,10.0,Big 12,https://s3-us-west-2.amazonaws.com/static.fantasydata.com/logos/ncaa/108.png,BAYLOR,154734,FFB81C,,,"{'StadiumID': 596, 'Active': True, 'Name': 'Foster Pavilion', 'Address': None, 'City': 'Waco', 'State': 'TX', 'Zip': None, 'Country': None, 'Capacity': 7000, 'GeoLat': 31.556698, 'GeoLong': -97.121613}"
108,109,TX,True,Texas,Longhorns,,4.0,1.0,0.0,0.0,60000109,26.0,Southeastern,https://s3-us-west-2.amazonaws.com/static.fantasydata.com/logos/ncaa/109.png,UT,BF5700,FFFFFF,,,"{'StadiumID': 544, 'Active': True, 'Name': 'Moody Center', 'Address': None, 'City': 'Austin', 'State': 'TX', 'Zip': None, 'Country': None, 'Capacity': 10763, 'GeoLat': None, 'GeoLong': None}"
109,110,IOWAST,True,Iowa State,Cyclones,16.0,4.0,0.0,0.0,0.0,60000110,10.0,Big 12,https://s3-us-west-2.amazonaws.com/static.fantasydata.com/logos/ncaa/110.png,IAST,C8102E,F1BE48,,,"{'StadiumID': 56, 'Active': True, 'Name': 'Hilton Coliseum', 'Address': None, 'City': 'Ames', 'State': 'IA', 'Zip': None, 'Country': None, 'Capacity': 14384, 'GeoLat': 42.02101, 'GeoLong': -93.634763}"
110,111,TXTECH,True,Texas Tech,Red Raiders,15.0,4.0,1.0,0.0,0.0,60000111,10.0,Big 12,https://s3-us-west-2.amazonaws.com/static.fantasydata.com/logos/ncaa/111.png,TTU,E90802,000000,,,"{'StadiumID': 43, 'Active': True, 'Name': 'United Supermarkets Arena', 'Address': None, 'City': 'Lubbock', 'State': 'TX', 'Zip': None, 'Country': None, 'Capacity': 15098, 'GeoLat': 33.581261, 'GeoLong': -101.886636}"
111,112,KANST,True,Kansas State,Wildcats,,5.0,0.0,0.0,0.0,60000112,10.0,Big 12,https://s3-us-west-2.amazonaws.com/static.fantasydata.com/logos/ncaa/112.png,KSU,512888,,,,"{'StadiumID': 105, 'Active': True, 'Name': 'Bramlage Coliseum', 'Address': None, 'City': 'Manhattan', 'State': 'KS', 'Zip': None, 'Country': None, 'Capacity': 11000, 'GeoLat': 39.200361, 'GeoLong': -96.593833}"
112,113,OKST,True,Oklahoma State,Cowboys,,5.0,0.0,0.0,0.0,60000113,10.0,Big 12,https://s3-us-west-2.amazonaws.com/static.fantasydata.com/logos/ncaa/113.png,OKST,FE5C00,000000,,,"{'StadiumID': 216, 'Active': True, 'Name': 'Gallagher-Iba Arena', 'Address': None, 'City': 'Stillwater', 'State': 'OK', 'Zip': None, 'Country': None, 'Capacity': 13611, 'GeoLat': 36.125833, 'GeoLong': -97.065}"
113,114,TCU,True,TCU,Horned Frogs,,3.0,2.0,0.0,0.0,60000114,10.0,Big 12,https://s3-us-west-2.amazonaws.com/static.fantasydata.com/logos/ncaa/114.png,TCU,4D1979,FFFFFF,,,"{'StadiumID': 85, 'Active': True, 'Name': 'Ed and Rae Schollmaier Arena', 'Address': None, 'City': 'Fort Worth', 'State': 'TX', 'Zip': None, 'Country': None, 'Capacity': 6800, 'GeoLat': 32.708774, 'GeoLong': -97.36673}"
114,115,HAWAII,True,Hawaii,Rainbow Warriors,,4.0,2.0,0.0,0.0,60000115,11.0,Big West,https://s3-us-west-2.amazonaws.com/static.fantasydata.com/logos/ncaa/115.png,HAWAII,024731,000000,,,"{'StadiumID': 142, 'Active': True, 'Name': 'Stan Sheriff Center', 'Address': None, 'City': 'Honolulu', 'State': 'HI', 'Zip': None, 'Country': None, 'Capacity': 10300, 'GeoLat': 21.294292, 'GeoLong': -157.818875}"
115,116,UCIRV,True,UC Irvine,Anteaters,,3.0,2.0,0.0,0.0,60000116,11.0,Big West,https://s3-us-west-2.amazonaws.com/static.fantasydata.com/logos/ncaa/116.png,UCI,0064A4,FFD200,,,"{'StadiumID': 81, 'Active': True, 'Name': 'Bren Events Center', 'Address': None, 'City': 'Irvine', 'State': 'CA', 'Zip': None, 'Country': None, 'Capacity': 5000, 'GeoLat': 33.649167, 'GeoLong': -117.846944}"
116,117,LBST,True,Long Beach State,Beach,,1.0,4.0,0.0,0.0,60000117,11.0,Big West,https://s3-us-west-2.amazonaws.com/static.fantasydata.com/logos/ncaa/117.png,LBST,000000,ECAA00,,,"{'StadiumID': 284, 'Active': True, 'Name': 'Walter Pyramid', 'Address': None, 'City': 'Long Beach', 'State': 'CA', 'Zip': None, 'Country': None, 'Capacity': 4200, 'GeoLat': 33.787222, 'GeoLong': -118.114167}"
117,118,UCDV,True,UC Davis,Aggies,,4.0,1.0,0.0,0.0,60000118,11.0,Big West,https://s3-us-west-2.amazonaws.com/static.fantasydata.com/logos/ncaa/118.png,UCDV,002851,FFBF00,,,"{'StadiumID': 80, 'Active': True, 'Name': 'University Credit Union Center', 'Address': None, 'City': 'Davis', 'State': 'CA', 'Zip': None, 'Country': None, 'Capacity': 6003, 'GeoLat': 38.541667, 'GeoLong': -121.759444}"
118,119,USCB,True,UC Santa Barbara,Gauchos,,3.0,1.0,0.0,0.0,60000119,11.0,Big West,https://s3-us-west-2.amazonaws.com/static.fantasydata.com/logos/ncaa/119.png,USCB,003660,FEBC11,,,"{'StadiumID': 318, 'Active': True, 'Name': 'The Thunderdome', 'Address': None, 'City': 'Santa Barbara', 'State': 'CA', 'Zip': None, 'Country': None, 'Capacity': 6000, 'GeoLat': 34.413792, 'GeoLong': -119.851147}"
119,120,UCRVS,True,UC Riverside,Highlanders,,2.0,3.0,0.0,0.0,60000120,11.0,Big West,https://s3-us-west-2.amazonaws.com/static.fantasydata.com/logos/ncaa/120.png,UCRVS,003DA5,FFB81C,,,"{'StadiumID': 319, 'Active': True, 'Name': 'SRC Arena', 'Address': None, 'City': 'Riverside', 'State': 'CA', 'Zip': None, 'Country': None, 'Capacity': 3168, 'GeoLat': 33.9789, 'GeoLong': -117.32813}"
120,121,CSUNR,True,CSUN,Matadors,,3.0,2.0,0.0,0.0,60000121,11.0,Big West,https://s3-us-west-2.amazonaws.com/static.fantasydata.com/logos/ncaa/121.png,CSUNR,D22030,000000,,,"{'StadiumID': 243, 'Active': True, 'Name': 'Premier America Credit Union', 'Address': None, 'City': 'Northridge', 'State': 'CA', 'Zip': None, 'Country': None, 'Capacity': 2200, 'GeoLat': 34.241974, 'GeoLong': -118.526484}"
121,122,CALPOL,True,Cal Poly,Mustangs,,3.0,3.0,0.0,0.0,60000122,11.0,Big West,https://s3-us-west-2.amazonaws.com/static.fantasydata.com/logos/ncaa/122.png,CALPOL,154734,BD8B13,,,"{'StadiumID': 366, 'Active': True, 'Name': 'Mott Athletics Center', 'Address': None, 'City': 'San Luis Obispo', 'State': 'CA', 'Zip': None, 'Country': None, 'Capacity': 3032, 'GeoLat': 35.29886, 'GeoLong': -120.65855}"
122,123,CSUFL,True,Cal State Fullerton,Titans,,1.0,3.0,0.0,0.0,60000123,11.0,Big West,https://s3-us-west-2.amazonaws.com/static.fantasydata.com/logos/ncaa/123.png,CSUFL,00274C,E17000,,,"{'StadiumID': 260, 'Active': True, 'Name': 'Titan Gym', 'Address': None, 'City': 'Fullerton', 'State': 'CA', 'Zip': None, 'Country': None, 'Capacity': 4000, 'GeoLat': 33.883046, 'GeoLong': -117.88609}"
123,124,NCW,True,UNCW,Seahawks,,3.0,1.0,0.0,0.0,60000124,12.0,Coastal Athletic Association,https://s3-us-west-2.amazonaws.com/static.fantasydata.com/logos/ncaa/124.png,NCW,006666,003366,F3E389,,"{'StadiumID': 117, 'Active': True, 'Name': 'Trask Coliseum', 'Address': None, 'City': 'Wilmington', 'State': 'NC', 'Zip': None, 'Country': None, 'Capacity': 5200, 'GeoLat': 34.225, 'GeoLong': -77.878333}"
124,125,WM,True,William & Mary,Tribe,,4.0,2.0,0.0,0.0,60000125,12.0,Coastal Athletic Association,https://s3-us-west-2.amazonaws.com/static.fantasydata.com/logos/ncaa/125.png,WM,115740,B9975B,,,"{'StadiumID': 89, 'Active': True, 'Name': 'Kaplan Arena', 'Address': None, 'City': 'Williamsburg', 'State': 'VA', 'Zip': None, 'Country': None, 'Capacity': 8600, 'GeoLat': 37.273472, 'GeoLong': -76.719625}"
125,126,JMAD,True,James Madison,Dukes,,3.0,3.0,0.0,0.0,60000126,31.0,Sun Belt,https://s3-us-west-2.amazonaws.com/static.fantasydata.com/logos/ncaa/126.png,JMAD,450084,B3A369,,,"{'StadiumID': 486, 'Active': True, 'Name': 'Atlantic Union Bank Center', 'Address': None, 'City': 'Harrisonburg', 'State': 'VA', 'Zip': None, 'Country': None, 'Capacity': 8500, 'GeoLat': 38.430437, 'GeoLong': -78.859574}"
126,127,TOWS,True,Towson,Tigers,,3.0,2.0,0.0,0.0,60000127,12.0,Coastal Athletic Association,https://s3-us-west-2.amazonaws.com/static.fantasydata.com/logos/ncaa/127.png,TOWS,000000,FFCC00,,,"{'StadiumID': 286, 'Active': True, 'Name': 'TU Arena', 'Address': None, 'City': 'Towson', 'State': 'MD', 'Zip': None, 'Country': None, 'Capacity': 5200, 'GeoLat': 39.387361, 'GeoLong': -76.617083}"
127,128,HOFST,True,Hofstra,Pride,,2.0,3.0,0.0,0.0,60000128,12.0,Coastal Athletic Association,https://s3-us-west-2.amazonaws.com/static.fantasydata.com/logos/ncaa/128.png,HOFST,003591,FFFFFF,FDC82F,,"{'StadiumID': 212, 'Active': True, 'Name': 'Mack Sports Complex', 'Address': None, 'City': 'Hempstead', 'State': 'NY', 'Zip': None, 'Country': None, 'Capacity': 5023, 'GeoLat': 40.719681, 'GeoLong': -73.596865}"
128,129,CHAR,True,Charleston,Cougars,,3.0,3.0,0.0,0.0,60000129,12.0,Coastal Athletic Association,https://s3-us-west-2.amazonaws.com/static.fantasydata.com/logos/ncaa/129.png,CHAR,61162d,f2ae00,,,"{'StadiumID': 29, 'Active': True, 'Name': 'TD Arena', 'Address': None, 'City': 'Charleston', 'State': 'SC', 'Zip': None, 'Country': None, 'Capacity': 5100, 'GeoLat': 32.785556, 'GeoLong': -79.934444}"
129,130,ELON,True,Elon,Phoenix,,3.0,2.0,0.0,0.0,60000130,12.0,Coastal Athletic Association,https://s3-us-west-2.amazonaws.com/static.fantasydata.com/logos/ncaa/130.png,ELON,73000A,B59A57,,,"{'StadiumID': 329, 'Active': True, 'Name': 'Schar Center', 'Address': None, 'City': 'Elon', 'State': 'NC', 'Zip': None, 'Country': None, 'Capacity': 5100, 'GeoLat': 36.106998, 'GeoLong': -79.509392}"
130,131,NEAST,True,Northeastern,Huskies,,2.0,3.0,0.0,0.0,60000131,12.0,Coastal Athletic Association,https://s3-us-west-2.amazonaws.com/static.fantasydata.com/logos/ncaa/131.png,NEAST,C8102E,000000,,,"{'StadiumID': 57, 'Active': True, 'Name': 'Matthews Arena', 'Address': None, 'City': 'Boston', 'State': 'MA', 'Zip': None, 'Country': None, 'Capacity': 5066, 'GeoLat': 42.341111, 'GeoLong': -71.084444}"
131,132,DREXEL,True,Drexel,Dragons,,2.0,3.0,0.0,0.0,60000132,12.0,Coastal Athletic Association,https://s3-us-west-2.amazonaws.com/static.fantasydata.com/logos/ncaa/132.png,DREXEL,07294D,FFC600,,,"{'StadiumID': 247, 'Active': True, 'Name': 'Daskalakis Athletic Center', 'Address': None, 'City': 'Philadelphia', 'State': 'PA', 'Zip': None, 'Country': None, 'Capacity': 2509, 'GeoLat': 39.956389, 'GeoLong': -75.190833}"
132,133,DEL,True,Delaware,Fightin' Blue Hens,,1.0,3.0,0.0,0.0,60000133,13.0,Conference USA,https://s3-us-west-2.amazonaws.com/static.fantasydata.com/logos/ncaa/133.png,DEL,00539F,FFD200,,,"{'StadiumID': 268, 'Active': True, 'Name': 'Bob Carpenter Center', 'Address': None, 'City': 'Newark', 'State': 'DE', 'Zip': None, 'Country': None, 'Capacity': 5000, 'GeoLat': 39.660556, 'GeoLong': -75.748639}"
133,134,UAB,True,UAB,Blazers,,3.0,2.0,0.0,0.0,60000134,1.0,American,https://s3-us-west-2.amazonaws.com/static.fantasydata.com/logos/ncaa/134.png,UAB,1E6b52,FFFFFF,A69363,,"{'StadiumID': 64, 'Active': True, 'Name': 'Bartow Arena', 'Address': None, 'City': 'Birmingham', 'State': 'AL', 'Zip': None, 'Country': None, 'Capacity': 8500, 'GeoLat': 33.502164, 'GeoLong': -86.809244}"
134,135,MTNST,True,Middle Tennessee,Blue Raiders,,3.0,1.0,0.0,0.0,60000135,13.0,Conference USA,https://s3-us-west-2.amazonaws.com/static.fantasydata.com/logos/ncaa/135.png,MTNST,0066CC,ffffff,,,"{'StadiumID': 324, 'Active': True, 'Name': 'Murphy Athletic Center', 'Address': None, 'City': 'Murfreesboro', 'State': 'TN', 'Zip': None, 'Country': None, 'Capacity': 11520, 'GeoLat': 35.852467, 'GeoLong': -86.369803}"
135,136,MARSH,True,Marshall,Thundering Herd,,4.0,1.0,0.0,0.0,60000136,31.0,Sun Belt,https://s3-us-west-2.amazonaws.com/static.fantasydata.com/logos/ncaa/136.png,MARSH,00B140,FFFFFF,,,"{'StadiumID': 179, 'Active': True, 'Name': 'Cam Henderson Center', 'Address': None, 'City': 'Huntington', 'State': 'WV', 'Zip': None, 'Country': None, 'Capacity': 9043, 'GeoLat': 38.424908, 'GeoLong': -82.426575}"
136,137,LOUTCH,True,Louisiana Tech,Bulldogs,,2.0,2.0,0.0,0.0,60000137,13.0,Conference USA,https://s3-us-west-2.amazonaws.com/static.fantasydata.com/logos/ncaa/137.png,LATECH,003087,CB333B,,,"{'StadiumID': 180, 'Active': True, 'Name': 'Thomas Assembly Center', 'Address': None, 'City': 'Ruston', 'State': 'LA', 'Zip': None, 'Country': None, 'Capacity': 8000, 'GeoLat': 32.5321, 'GeoLong': -92.6584}"
137,138,OLD,True,Old Dominion,Monarchs,,2.0,3.0,0.0,0.0,60000138,31.0,Sun Belt,https://s3-us-west-2.amazonaws.com/static.fantasydata.com/logos/ncaa/138.png,OLD,003767,95999C,A1D0F0,,"{'StadiumID': 37, 'Active': True, 'Name': 'Chartway Arena', 'Address': None, 'City': 'Norfolk', 'State': 'VA', 'Zip': None, 'Country': None, 'Capacity': 8472, 'GeoLat': 36.884169, 'GeoLong': -76.301231}"
138,139,UTEP,True,UTEP,Miners,,3.0,2.0,0.0,0.0,60000139,13.0,Conference USA,https://s3-us-west-2.amazonaws.com/static.fantasydata.com/logos/ncaa/139.png,UTEP,041E42,FF8200,B1B3B3,,"{'StadiumID': 313, 'Active': True, 'Name': 'Don Haskins Center', 'Address': None, 'City': 'El Paso', 'State': 'TX', 'Zip': None, 'Country': None, 'Capacity': 12000, 'GeoLat': 31.777608, 'GeoLong': -106.505718}"
139,140,FLINT,True,Florida International,Golden Panthers,,2.0,2.0,0.0,0.0,60000140,13.0,Conference USA,https://s3-us-west-2.amazonaws.com/static.fantasydata.com/logos/ncaa/140.png,FIU,081E3F,B6862C,,,"{'StadiumID': 373, 'Active': True, 'Name': 'Ocean Bank Convocation Center', 'Address': None, 'City': 'Miami', 'State': 'FL', 'Zip': None, 'Country': None, 'Capacity': 5000, 'GeoLat': 25.756667, 'GeoLong': -80.379444}"
140,141,NTX,True,North Texas,Mean Green,,4.0,2.0,0.0,0.0,60000141,1.0,American,https://s3-us-west-2.amazonaws.com/static.fantasydata.com/logos/ncaa/141.png,NTX,059033,FFFFFF,,,"{'StadiumID': 218, 'Active': True, 'Name': 'UNT Coliseum', 'Address': None, 'City': 'Denton', 'State': 'TX', 'Zip': None, 'Country': None, 'Capacity': 10500, 'GeoLat': 33.208333, 'GeoLong': -97.153889}"
141,142,CHARLT,True,Charlotte,49ers,,2.0,2.0,0.0,0.0,60000142,1.0,American,https://s3-us-west-2.amazonaws.com/static.fantasydata.com/logos/ncaa/142.png,CHARLT,005035,FFFFFF,A49665,,"{'StadiumID': 36, 'Active': True, 'Name': 'Halton Arena', 'Address': None, 'City': 'Charlotte', 'State': 'NC', 'Zip': None, 'Country': None, 'Capacity': 9105, 'GeoLat': 35.306111, 'GeoLong': -80.734444}"
142,143,SOUMIS,True,Southern Miss,Golden Eagles,,2.0,3.0,0.0,0.0,60000143,31.0,Sun Belt,https://s3-us-west-2.amazonaws.com/static.fantasydata.com/logos/ncaa/143.png,SOUMIS,000000,FFD046,,,"{'StadiumID': 309, 'Active': True, 'Name': 'Reed Green Coliseum', 'Address': None, 'City': 'Hattiesburg', 'State': 'MS', 'Zip': None, 'Country': None, 'Capacity': 8095, 'GeoLat': 31.330833, 'GeoLong': -89.337778}"
143,144,WKENT,True,Western Kentucky,Hilltoppers,,4.0,0.0,0.0,0.0,60000144,13.0,Conference USA,https://s3-us-west-2.amazonaws.com/static.fantasydata.com/logos/ncaa/144.png,WKENT,B01E24,FFFFFF,,,"{'StadiumID': 165, 'Active': True, 'Name': 'E. A. Diddle Arena', 'Address': None, 'City': 'Bowling Green', 'State': 'KY', 'Zip': None, 'Country': None, 'Capacity': 7523, 'GeoLat': 36.985833, 'GeoLong': -86.4575}"
144,145,FLATL,True,Florida Atlantic,Owls,,4.0,1.0,0.0,0.0,60000145,1.0,American,https://s3-us-west-2.amazonaws.com/static.fantasydata.com/logos/ncaa/145.png,FAU,003366,CC0000,,,"{'StadiumID': 281, 'Active': True, 'Name': 'Eleanor R. Baldwin Arena', 'Address': None, 'City': 'Boca Raton', 'State': 'FL', 'Zip': None, 'Country': None, 'Capacity': 2900, 'GeoLat': 26.372222, 'GeoLong': -80.109167}"
145,146,RICE,True,Rice,Owls,,2.0,4.0,0.0,0.0,60000146,1.0,American,https://s3-us-west-2.amazonaws.com/static.fantasydata.com/logos/ncaa/146.png,RICE,00205B,C1C6C8,,,"{'StadiumID': 190, 'Active': True, 'Name': 'Tudor Fieldhouse', 'Address': None, 'City': 'Houston', 'State': 'TX', 'Zip': None, 'Country': None, 'Capacity': 5750, 'GeoLat': 29.715102, 'GeoLong': -95.403895}"
146,147,UTSA,True,UTSA,Roadrunners,,3.0,2.0,0.0,0.0,60000147,1.0,American,https://s3-us-west-2.amazonaws.com/static.fantasydata.com/logos/ncaa/147.png,UTSA,0C2340,F15A22,,,"{'StadiumID': 193, 'Active': True, 'Name': 'UTSA Convocation Center', 'Address': None, 'City': 'San Antonio', 'State': 'TX', 'Zip': None, 'Country': None, 'Capacity': 2650, 'GeoLat': 29.582222, 'GeoLong': -98.621389}"
147,148,VALP,True,Valparaiso,Beacons,,4.0,1.0,0.0,0.0,60000148,20.0,Missouri Valley,https://s3-us-west-2.amazonaws.com/static.fantasydata.com/logos/ncaa/148.png,VALP,5C3000,FFE300,,,"{'StadiumID': 256, 'Active': True, 'Name': 'Athletics-Recreation Center', 'Address': None, 'City': 'Valparaiso', 'State': 'IN', 'Zip': None, 'Country': None, 'Capacity': 5000, 'GeoLat': 41.464198, 'GeoLong': -87.048338}"
148,149,OAK,True,Oakland,Golden Grizzlies,,1.0,4.0,0.0,0.0,60000149,14.0,Horizon League,https://s3-us-west-2.amazonaws.com/static.fantasydata.com/logos/ncaa/149.png,OAK,000000,B59A57,,,"{'StadiumID': 124, 'Active': True, 'Name': ""Athletics Center O'rena"", 'Address': None, 'City': 'Rochester', 'State': 'MI', 'Zip': None, 'Country': None, 'Capacity': 4000, 'GeoLat': 42.673972, 'GeoLong': -83.213158}"
149,150,WRGHT,True,Wright State,Raiders,,3.0,3.0,0.0,0.0,60000150,14.0,Horizon League,https://s3-us-west-2.amazonaws.com/static.fantasydata.com/logos/ncaa/150.png,WRIGHT,026937,CEA052,,,"{'StadiumID': 92, 'Active': True, 'Name': 'Nutter Center', 'Address': None, 'City': 'Dayton', 'State': 'OH', 'Zip': None, 'Country': None, 'Capacity': 8000, 'GeoLat': 39.781944, 'GeoLong': -84.0525}"
150,151,WBD,True,Milwaukee,Panthers,,2.0,3.0,0.0,0.0,60000151,14.0,Horizon League,https://s3-us-west-2.amazonaws.com/static.fantasydata.com/logos/ncaa/151.png,UWM,000000,FFBD00,,,"{'StadiumID': 164, 'Active': True, 'Name': 'UW-Milwaukee Panther Arena', 'Address': None, 'City': 'Milwaukee', 'State': 'WI', 'Zip': None, 'Country': None, 'Capacity': 10783, 'GeoLat': 43.042222, 'GeoLong': -87.916944}"
151,152,GB,True,Green Bay,Phoenix,,1.0,5.0,0.0,0.0,60000152,14.0,Horizon League,https://s3-us-west-2.amazonaws.com/static.fantasydata.com/logos/ncaa/152.png,GB,0F5640,FFFFFF,,,"{'StadiumID': 311, 'Active': True, 'Name': 'Resch Center', 'Address': None, 'City': 'Ashwaubenon', 'State': 'WI', 'Zip': None, 'Country': None, 'Capacity': 10000, 'GeoLat': 44.499547, 'GeoLong': -88.055049}"
152,153,DET,True,Detroit,Titans,,1.0,4.0,0.0,0.0,60000153,14.0,Horizon League,https://s3-us-west-2.amazonaws.com/static.fantasydata.com/logos/ncaa/153.png,DET,002D72,A6093D,FFFFFF,,"{'StadiumID': 304, 'Active': True, 'Name': 'Calihan Hall', 'Address': None, 'City': 'Detroit', 'State': 'MI', 'Zip': None, 'Country': None, 'Capacity': 8295, 'GeoLat': 42.414167, 'GeoLong': -83.135833}"
153,154,NKENT,True,Northern Kentucky,Norse,,3.0,2.0,0.0,0.0,60000154,14.0,Horizon League,https://s3-us-west-2.amazonaws.com/static.fantasydata.com/logos/ncaa/154.png,NKENT,000000,FFC72C,,,"{'StadiumID': 320, 'Active': True, 'Name': 'Truist Arena', 'Address': None, 'City': 'Highland Heights', 'State': 'KY', 'Zip': None, 'Country': None, 'Capacity': 8427, 'GeoLat': 39.032273, 'GeoLong': -84.458864}"
154,155,YNGST,True,Youngstown State,Penguins,,2.0,3.0,0.0,0.0,60000155,14.0,Horizon League,https://s3-us-west-2.amazonaws.com/static.fantasydata.com/logos/ncaa/155.png,YNGST,a71930,FFFFFF,,,"{'StadiumID': 349, 'Active': True, 'Name': 'Beeghly Center', 'Address': None, 'City': 'Youngstown', 'State': 'OH', 'Zip': None, 'Country': None, 'Capacity': 6300, 'GeoLat': 41.108056, 'GeoLong': -80.648889}"
155,156,CLVST,True,Cleveland State,Vikings,,2.0,4.0,0.0,0.0,60000156,14.0,Horizon League,https://s3-us-west-2.amazonaws.com/static.fantasydata.com/logos/ncaa/156.png,CLVST,006A4D,69BE28,,,"{'StadiumID': 158, 'Active': True, 'Name': 'Wolstein Center', 'Address': None, 'City': 'Cleveland', 'State': 'OH', 'Zip': None, 'Country': None, 'Capacity': 13610, 'GeoLat': 41.499167, 'GeoLong': -81.676944}"
156,157,ILLCHI,True,UIC,Flames,,3.0,2.0,0.0,0.0,60000157,20.0,Missouri Valley,https://s3-us-west-2.amazonaws.com/static.fantasydata.com/logos/ncaa/157.png,UIC,001E62,D50032,,,"{'StadiumID': 225, 'Active': True, 'Name': 'Credit Union 1 Arena', 'Address': None, 'City': 'Chicago', 'State': 'IL', 'Zip': None, 'Country': None, 'Capacity': 8000, 'GeoLat': 41.874722, 'GeoLong': -87.656111}"
157,158,YALE,True,Yale,Bulldogs,,4.0,1.0,0.0,0.0,60000158,16.0,Ivy League,https://s3-us-west-2.amazonaws.com/static.fantasydata.com/logos/ncaa/158.png,YALE,00356B,FFFFFF,,,"{'StadiumID': 355, 'Active': True, 'Name': 'John J. Lee Amphitheater', 'Address': None, 'City': 'New Haven', 'State': 'CT', 'Zip': None, 'Country': None, 'Capacity': 2800, 'GeoLat': 41.31345, 'GeoLong': -72.93088}"
158,159,COLMB,True,Columbia,Lions,,3.0,1.0,0.0,0.0,60000159,16.0,Ivy League,https://s3-us-west-2.amazonaws.com/static.fantasydata.com/logos/ncaa/159.png,COL,B9D9EB,FFFFFF,,,"{'StadiumID': 346, 'Active': True, 'Name': 'Levien Gymnasium', 'Address': None, 'City': 'New York', 'State': 'NY', 'Zip': None, 'Country': None, 'Capacity': 2700, 'GeoLat': 40.80979, 'GeoLong': -73.961715}"
159,160,PRNCE,True,Princeton,Tigers,,3.0,3.0,0.0,0.0,60000160,16.0,Ivy League,https://s3-us-west-2.amazonaws.com/static.fantasydata.com/logos/ncaa/160.png,PRNCE,000000,FF6000,,,"{'StadiumID': 251, 'Active': True, 'Name': 'Jadwin Gymnasium', 'Address': None, 'City': 'Princeton', 'State': 'NJ', 'Zip': None, 'Country': None, 'Capacity': 6854, 'GeoLat': 40.343449, 'GeoLong': -74.648595}"
160,161,PENN,True,Penn,Quakers,,2.0,2.0,0.0,0.0,60000161,16.0,Ivy League,https://s3-us-west-2.amazonaws.com/static.fantasydata.com/logos/ncaa/161.png,UPENN,990000,011F5B,,,"{'StadiumID': 331, 'Active': True, 'Name': 'The Palestra', 'Address': None, 'City': 'Philadelphia', 'State': 'PA', 'Zip': None, 'Country': None, 'Capacity': 8722, 'GeoLat': 39.951411, 'GeoLong': -75.188606}"
161,162,CORNEL,True,Cornell,Big Red,,3.0,2.0,0.0,0.0,60000162,16.0,Ivy League,https://s3-us-west-2.amazonaws.com/static.fantasydata.com/logos/ncaa/162.png,CORNEL,B31B1B,FFFFFF,,,"{'StadiumID': 177, 'Active': True, 'Name': 'Newman Arena', 'Address': None, 'City': 'Ithaca', 'State': 'NY', 'Zip': None, 'Country': None, 'Capacity': 3500, 'GeoLat': 42.445794, 'GeoLong': -76.476581}"
162,163,BROWN,True,Brown,Bears,,1.0,5.0,0.0,0.0,60000163,16.0,Ivy League,https://s3-us-west-2.amazonaws.com/static.fantasydata.com/logos/ncaa/163.png,BROWN,4E3629,C00404,FFFFFF,,"{'StadiumID': 285, 'Active': True, 'Name': 'Pizzitola Sports Center', 'Address': None, 'City': 'Providence', 'State': 'RI', 'Zip': None, 'Country': None, 'Capacity': 2800, 'GeoLat': 41.831743, 'GeoLong': -71.398043}"
163,164,HARVRD,True,Harvard,Crimson,,4.0,2.0,0.0,0.0,60000164,16.0,Ivy League,https://s3-us-west-2.amazonaws.com/static.fantasydata.com/logos/ncaa/164.png,HARVARD,A31F36,FFFFFF,2C2A29,,"{'StadiumID': 118, 'Active': True, 'Name': 'Lavietes Pavilion', 'Address': None, 'City': 'Cambridge', 'State': 'MA', 'Zip': None, 'Country': None, 'Capacity': 1636, 'GeoLat': 42.368218, 'GeoLong': -71.125291}"
164,165,DART,True,Dartmouth,Big Green,,1.0,3.0,0.0,0.0,60000165,16.0,Ivy League,https://s3-us-west-2.amazonaws.com/static.fantasydata.com/logos/ncaa/165.png,DART,00693E,FFFFFF,,,"{'StadiumID': 353, 'Active': True, 'Name': 'Edward Leede Arena', 'Address': None, 'City': 'Hanover', 'State': 'NH', 'Zip': None, 'Country': None, 'Capacity': 2100, 'GeoLat': 43.703056, 'GeoLong': -72.283333}"
165,166,MONM,True,Monmouth,Hawks,,1.0,3.0,0.0,0.0,60000166,12.0,Coastal Athletic Association,https://s3-us-west-2.amazonaws.com/static.fantasydata.com/logos/ncaa/166.png,MONM,002245,FFFFFF,,,"{'StadiumID': 69, 'Active': True, 'Name': 'OceanFirst Bank Center', 'Address': None, 'City': 'West Long Branch', 'State': 'NJ', 'Zip': None, 'Country': None, 'Capacity': 4100, 'GeoLat': 40.279475, 'GeoLong': -74.007583}"
166,167,IONA,True,Iona,Gaels,,4.0,0.0,0.0,0.0,60000167,17.0,Metro Atlantic Athletic,https://s3-us-west-2.amazonaws.com/static.fantasydata.com/logos/ncaa/167.png,IONA,910026,FDB913,,,"{'StadiumID': 132, 'Active': True, 'Name': 'Hynes Athletics Center', 'Address': None, 'City': 'New Rochelle', 'State': 'NY', 'Zip': None, 'Country': None, 'Capacity': 2578, 'GeoLat': 40.92664, 'GeoLong': -73.784325}"
167,168,SIENA,True,Siena,Saints,,2.0,2.0,0.0,0.0,60000168,17.0,Metro Atlantic Athletic,https://s3-us-west-2.amazonaws.com/static.fantasydata.com/logos/ncaa/168.png,SIENA,006B54,FCC917,,,"{'StadiumID': 250, 'Active': True, 'Name': 'MVP Arena', 'Address': '51 South Pearl Street', 'City': 'Albany', 'State': 'NY', 'Zip': None, 'Country': None, 'Capacity': 15727, 'GeoLat': 42.648611, 'GeoLong': -73.754722}"
168,169,STPETE,True,Saint Peter's,Peacocks,,1.0,3.0,0.0,0.0,60000169,17.0,Metro Atlantic Athletic,https://s3-us-west-2.amazonaws.com/static.fantasydata.com/logos/ncaa/169.png,STP,003C71,FFFFFF,,,"{'StadiumID': 90, 'Active': True, 'Name': 'Yanitelli Center', 'Address': None, 'City': 'Jersey City', 'State': 'NJ', 'Zip': None, 'Country': None, 'Capacity': 3200, 'GeoLat': 40.727648, 'GeoLong': -74.073173}"
169,170,FAIR,True,Fairfield,Stags,,3.0,2.0,0.0,0.0,60000170,17.0,Metro Atlantic Athletic,https://s3-us-west-2.amazonaws.com/static.fantasydata.com/logos/ncaa/170.png,FAIR,E0143E,FFFFFF,,,"{'StadiumID': 565, 'Active': True, 'Name': 'Leo D. Mahoney Arena', 'Address': None, 'City': 'Fairfield', 'State': 'CT', 'Zip': None, 'Country': None, 'Capacity': 3500, 'GeoLat': None, 'GeoLong': None}"
170,171,MANH,True,Manhattan,Jaspers,,3.0,2.0,0.0,0.0,60000171,17.0,Metro Atlantic Athletic,https://s3-us-west-2.amazonaws.com/static.fantasydata.com/logos/ncaa/171.png,MANH,00703C,FFFFFF,,,"{'StadiumID': 68, 'Active': True, 'Name': 'Draddy Gymnasium', 'Address': None, 'City': 'Riverdale', 'State': 'NY', 'Zip': None, 'Country': None, 'Capacity': 2345, 'GeoLat': 40.89073, 'GeoLong': -73.900158}"
171,172,CANS,True,Canisius,Golden Griffins,,2.0,3.0,0.0,0.0,60000172,17.0,Metro Atlantic Athletic,https://s3-us-west-2.amazonaws.com/static.fantasydata.com/logos/ncaa/172.png,CANS,0E2756,FFBA00,,,"{'StadiumID': 354, 'Active': True, 'Name': 'Koessler Athletic Center', 'Address': None, 'City': 'Buffalo', 'State': 'NY', 'Zip': None, 'Country': None, 'Capacity': 2196, 'GeoLat': 42.920919, 'GeoLong': -78.85754}"
172,173,RIDER,True,Rider,Broncs,,1.0,4.0,0.0,0.0,60000173,17.0,Metro Atlantic Athletic,https://s3-us-west-2.amazonaws.com/static.fantasydata.com/logos/ncaa/173.png,RIDER,981E32,FFFFFF,6C6F70,,"{'StadiumID': 370, 'Active': True, 'Name': 'Alumni Gymnasium (Rider)', 'Address': None, 'City': 'Lawrenceville', 'State': 'NJ', 'Zip': None, 'Country': None, 'Capacity': 1650, 'GeoLat': 40.2788, 'GeoLong': -74.7354}"
173,174,QUIN,True,Quinnipiac,Bobcats,,3.0,2.0,0.0,0.0,60000174,17.0,Metro Atlantic Athletic,https://s3-us-west-2.amazonaws.com/static.fantasydata.com/logos/ncaa/174.png,QUIN,0A2240,FFB819,,,"{'StadiumID': 224, 'Active': True, 'Name': 'M&T Bank Arena', 'Address': '305 Sherman Ave', 'City': 'Hamden', 'State': 'CT', 'Zip': '06518', 'Country': 'USA', 'Capacity': 3570, 'GeoLat': 41.413833, 'GeoLong': -72.911157}"
174,175,NIAGRA,True,Niagara,Purple Eagles,,2.0,2.0,0.0,0.0,60000175,17.0,Metro Atlantic Athletic,https://s3-us-west-2.amazonaws.com/static.fantasydata.com/logos/ncaa/175.png,NIAGRA,582C83,FFFFFF,,,"{'StadiumID': 187, 'Active': True, 'Name': 'Gallagher Center', 'Address': None, 'City': 'Niagara Falls', 'State': 'NY', 'Zip': None, 'Country': None, 'Capacity': 2400, 'GeoLat': 43.137035, 'GeoLong': -79.038026}"
175,176,MARIST,True,Marist,Red Foxes,,2.0,2.0,0.0,0.0,60000176,17.0,Metro Atlantic Athletic,https://s3-us-west-2.amazonaws.com/static.fantasydata.com/logos/ncaa/176.png,MARIST,C8102E,FFFFFF,,,"{'StadiumID': 162, 'Active': True, 'Name': 'McCann Center', 'Address': None, 'City': 'Poughkeepsie', 'State': 'NY', 'Zip': None, 'Country': None, 'Capacity': 3200, 'GeoLat': 41.718431, 'GeoLong': -73.934}"
176,177,AKRON,True,Akron,Zips,,3.0,1.0,0.0,0.0,60000177,18.0,Mid-American,https://s3-us-west-2.amazonaws.com/static.fantasydata.com/logos/ncaa/177.png,AKRON,041E42,A89968,,,"{'StadiumID': 295, 'Active': True, 'Name': 'James A. Rhodes Arena', 'Address': None, 'City': 'Akron', 'State': 'OH', 'Zip': None, 'Country': None, 'Capacity': 5500, 'GeoLat': 41.075833, 'GeoLong': -81.508611}"
177,178,KENTST,True,Kent State,Golden Flashes,,5.0,1.0,0.0,0.0,60000178,18.0,Mid-American,https://s3-us-west-2.amazonaws.com/static.fantasydata.com/logos/ncaa/178.png,KENTST,002664,EFAB00,,,"{'StadiumID': 240, 'Active': True, 'Name': 'MAC Center', 'Address': None, 'City': 'Kent', 'State': 'OH', 'Zip': None, 'Country': None, 'Capacity': 6327, 'GeoLat': 41.148, 'GeoLong': -81.344}"
178,179,BUF,True,Buffalo,Bulls,,5.0,0.0,0.0,0.0,60000179,18.0,Mid-American,https://s3-us-west-2.amazonaws.com/static.fantasydata.com/logos/ncaa/179.png,BUF,005BBB,FFFFFF,,,"{'StadiumID': 16, 'Active': True, 'Name': 'Alumni Arena', 'Address': None, 'City': 'Buffalo', 'State': 'NY', 'Zip': None, 'Country': None, 'Capacity': 6783, 'GeoLat': 43.0, 'GeoLong': -78.781111}"
179,180,OHIO,True,Ohio,Bobcats,,1.0,4.0,0.0,0.0,60000180,18.0,Mid-American,https://s3-us-west-2.amazonaws.com/static.fantasydata.com/logos/ncaa/180.png,OHIO,154734,FFFFFF,,,"{'StadiumID': 189, 'Active': True, 'Name': 'Convocation Center (OH)', 'Address': None, 'City': 'Athens', 'State': 'OH', 'Zip': None, 'Country': None, 'Capacity': 13080, 'GeoLat': 39.323056, 'GeoLong': -82.105556}"
180,181,BOWLGR,True,Bowling Green,Falcons,,3.0,2.0,0.0,0.0,60000181,18.0,Mid-American,https://s3-us-west-2.amazonaws.com/static.fantasydata.com/logos/ncaa/181.png,BOWLGR,4F2C1D,FF7300,,,"{'StadiumID': 222, 'Active': True, 'Name': 'Stroh Center', 'Address': None, 'City': 'Bowling Green', 'State': 'OH', 'Zip': None, 'Country': None, 'Capacity': 4387, 'GeoLat': 41.375343, 'GeoLong': -83.624711}"
181,182,MIAOH,True,Miami (OH),RedHawks,,4.0,0.0,0.0,0.0,60000182,18.0,Mid-American,https://s3-us-west-2.amazonaws.com/static.fantasydata.com/logos/ncaa/182.png,MIAOH,B61E2E,FFFFFF,,,"{'StadiumID': 272, 'Active': True, 'Name': 'Millett Hall', 'Address': None, 'City': 'Oxford', 'State': 'OH', 'Zip': None, 'Country': None, 'Capacity': 6400, 'GeoLat': 39.517236, 'GeoLong': -84.734544}"
182,183,TOLEDO,True,Toledo,Rockets,,3.0,2.0,0.0,0.0,60000183,18.0,Mid-American,https://s3-us-west-2.amazonaws.com/static.fantasydata.com/logos/ncaa/183.png,TOLEDO,0B2240,FFCD00,,,"{'StadiumID': 299, 'Active': True, 'Name': 'Savage Arena', 'Address': None, 'City': 'Toledo', 'State': 'OH', 'Zip': None, 'Country': None, 'Capacity': 7014, 'GeoLat': 41.660232, 'GeoLong': -83.609795}"
183,184,BALLST,True,Ball State,Cardinals,,2.0,2.0,0.0,0.0,60000184,18.0,Mid-American,https://s3-us-west-2.amazonaws.com/static.fantasydata.com/logos/ncaa/184.png,BALLST,BA0C2F,FFFFFF,,,"{'StadiumID': 23, 'Active': True, 'Name': 'Worthen Arena', 'Address': None, 'City': 'Muncie', 'State': 'IN', 'Zip': None, 'Country': None, 'Capacity': 11500, 'GeoLat': 40.206944, 'GeoLong': -85.406111}"
184,185,CMICH,True,Central Michigan,Chippewas,,2.0,3.0,0.0,0.0,60000185,18.0,Mid-American,https://s3-us-west-2.amazonaws.com/static.fantasydata.com/logos/ncaa/185.png,CMICH,6A0032,FFC82E,,,"{'StadiumID': 364, 'Active': True, 'Name': 'McGuirk Arena', 'Address': None, 'City': 'Mount Pleasant', 'State': 'MI', 'Zip': None, 'Country': None, 'Capacity': 5300, 'GeoLat': 43.580888, 'GeoLong': -84.773941}"
185,186,NILL,True,Northern Illinois,Huskies,,2.0,3.0,0.0,0.0,60000186,18.0,Mid-American,https://s3-us-west-2.amazonaws.com/static.fantasydata.com/logos/ncaa/186.png,NIU,BA0C2F,27251F,,,"{'StadiumID': 123, 'Active': True, 'Name': 'NIU Convocation Center', 'Address': None, 'City': 'Dekalb', 'State': 'IL', 'Zip': None, 'Country': None, 'Capacity': 9100, 'GeoLat': 41.935106, 'GeoLong': -88.785569}"
186,187,EMICH,True,Eastern Michigan,Eagles,,2.0,2.0,0.0,0.0,60000187,18.0,Mid-American,https://s3-us-west-2.amazonaws.com/static.fantasydata.com/logos/ncaa/187.png,EMICH,046A38,FFFFFF,,,"{'StadiumID': 111, 'Active': True, 'Name': 'George Gervin GameAbove Center', 'Address': None, 'City': 'Ypsilanti', 'State': 'MI', 'Zip': None, 'Country': None, 'Capacity': 8784, 'GeoLat': 42.254444, 'GeoLong': -83.647222}"
187,188,WMICH,True,Western Michigan,Broncos,,2.0,4.0,0.0,0.0,60000188,18.0,Mid-American,https://s3-us-west-2.amazonaws.com/static.fantasydata.com/logos/ncaa/188.png,WMICH,532E1F,F1C500,,,"{'StadiumID': 328, 'Active': True, 'Name': 'University Arena (MI)', 'Address': None, 'City': 'Kalamazoo', 'State': 'MI', 'Zip': None, 'Country': None, 'Capacity': 5421, 'GeoLat': 42.283372, 'GeoLong': -85.60845}"
188,189,HAMP,True,Hampton,Pirates,,2.0,4.0,0.0,0.0,60000189,12.0,Coastal Athletic Association,https://s3-us-west-2.amazonaws.com/static.fantasydata.com/logos/ncaa/189.png,HAMPTON,00216E,FFFFFF,,,"{'StadiumID': 362, 'Active': True, 'Name': 'Convocation Center (VA)', 'Address': None, 'City': 'Hampton', 'State': 'VA', 'Zip': None, 'Country': None, 'Capacity': 7200, 'GeoLat': 37.01974, 'GeoLong': -76.33108}"
189,190,SCARST,True,South Carolina State,Bulldogs,,0.0,5.0,0.0,0.0,60000190,19.0,Mid-Eastern,https://s3-us-west-2.amazonaws.com/static.fantasydata.com/logos/ncaa/190.png,SCARST,900028,084897,,,"{'StadiumID': 418, 'Active': True, 'Name': 'S-H-M Memorial Center', 'Address': None, 'City': 'Orangeburg', 'State': 'SC', 'Zip': None, 'Country': None, 'Capacity': 3200, 'GeoLat': 33.500979, 'GeoLong': -80.846522}"
190,191,NORFST,True,Norfolk State,Spartans,,2.0,3.0,0.0,0.0,60000191,19.0,Mid-Eastern,https://s3-us-west-2.amazonaws.com/static.fantasydata.com/logos/ncaa/191.png,NORFST,007B5E,FAB80A,,,"{'StadiumID': 289, 'Active': True, 'Name': 'Echols Hall', 'Address': None, 'City': 'Norfolk', 'State': 'VA', 'Zip': None, 'Country': None, 'Capacity': 4500, 'GeoLat': 36.847999, 'GeoLong': -76.258157}"
191,192,BCOOK,True,Bethune-Cookman,Wildcats,,2.0,3.0,0.0,0.0,60000192,29.0,Southwestern Athletic,https://s3-us-west-2.amazonaws.com/static.fantasydata.com/logos/ncaa/192.png,BCOOK,6F263D,F2A900,,,"{'StadiumID': 239, 'Active': True, 'Name': 'Moore Gymnasium', 'Address': None, 'City': 'Daytona Beach', 'State': 'FL', 'Zip': None, 'Country': None, 'Capacity': 900, 'GeoLat': 29.210895, 'GeoLong': -81.030977}"
192,193,MDES,True,Maryland Eastern Shore,Hawks,,2.0,4.0,0.0,0.0,60000193,19.0,Mid-Eastern,https://s3-us-west-2.amazonaws.com/static.fantasydata.com/logos/ncaa/193.png,MDES,651D32,888B8D,,,"{'StadiumID': 200, 'Active': True, 'Name': 'Hytche Athletic Center', 'Address': None, 'City': 'Princess Anne', 'State': 'MD', 'Zip': None, 'Country': None, 'Capacity': 5500, 'GeoLat': 38.211184, 'GeoLong': -75.687227}"
193,194,SAVST,False,Savannah State,Tigers,,11.0,20.0,8.0,8.0,60000194,,,https://s3-us-west-2.amazonaws.com/static.fantasydata.com/logos/ncaa/194.png,SAVST,,,,,"{'StadiumID': 201, 'Active': True, 'Name': 'Tiger Arena', 'Address': None, 'City': 'Savannah', 'State': 'GA', 'Zip': None, 'Country': None, 'Capacity': 5000, 'GeoLat': 32.02376, 'GeoLong': -81.0658}"
194,195,HOWRD,True,Howard,Bison,,2.0,3.0,0.0,0.0,60000195,19.0,Mid-Eastern,https://s3-us-west-2.amazonaws.com/static.fantasydata.com/logos/ncaa/195.png,HOWARD,003A63,FFFFFF,,,"{'StadiumID': 363, 'Active': True, 'Name': 'Burr Gymnasium', 'Address': None, 'City': 'Washington', 'State': 'DC', 'Zip': None, 'Country': None, 'Capacity': 2700, 'GeoLat': 38.9264, 'GeoLong': -77.0221}"
195,196,NCAT,True,North Carolina A&T,Aggies,,3.0,1.0,0.0,0.0,60000196,12.0,Coastal Athletic Association,https://s3-us-west-2.amazonaws.com/static.fantasydata.com/logos/ncaa/196.png,NCAT,004684,FDB927,,,"{'StadiumID': 40, 'Active': True, 'Name': 'Corbett Sports Center', 'Address': None, 'City': 'Greensboro', 'State': 'NC', 'Zip': None, 'Country': None, 'Capacity': 5700, 'GeoLat': 36.076783, 'GeoLong': -79.768849}"
196,197,NCC,True,North Carolina Central,Eagles,,2.0,4.0,0.0,0.0,60000197,19.0,Mid-Eastern,https://s3-us-west-2.amazonaws.com/static.fantasydata.com/logos/ncaa/197.png,NCC,862633,898D8D,,,"{'StadiumID': 337, 'Active': True, 'Name': 'McDougald-McLendon Arena', 'Address': None, 'City': 'Durham', 'State': 'NC', 'Zip': None, 'Country': None, 'Capacity': 3500, 'GeoLat': 35.975884, 'GeoLong': -78.897745}"
197,198,FLAM,True,Florida A&M,Rattlers,,0.0,4.0,0.0,0.0,60000198,29.0,Southwestern Athletic,https://s3-us-west-2.amazonaws.com/static.fantasydata.com/logos/ncaa/198.png,FLAM,008344,F4811F,,,"{'StadiumID': 406, 'Active': True, 'Name': 'Al Lawson Center', 'Address': None, 'City': 'Tallahassee', 'State': 'FL', 'Zip': None, 'Country': None, 'Capacity': 9639, 'GeoLat': 30.424318, 'GeoLong': -84.290473}"
198,199,MORGST,True,Morgan State,Bears,,1.0,4.0,0.0,0.0,60000199,19.0,Mid-Eastern,https://s3-us-west-2.amazonaws.com/static.fantasydata.com/logos/ncaa/199.png,MORGST,002D74,FF4E00,,,"{'StadiumID': 237, 'Active': True, 'Name': 'Hill Field House', 'Address': None, 'City': 'Baltimore', 'State': 'MD', 'Zip': None, 'Country': None, 'Capacity': 4250, 'GeoLat': 39.3425, 'GeoLong': -76.585}"
199,200,COPPST,True,Coppin State,Eagles,,1.0,6.0,0.0,0.0,60000200,19.0,Mid-Eastern,https://s3-us-west-2.amazonaws.com/static.fantasydata.com/logos/ncaa/200.png,COPPST,003056,FFC915,,,"{'StadiumID': 347, 'Active': True, 'Name': 'Physical Education Complex', 'Address': None, 'City': 'Baltimore', 'State': 'MD', 'Zip': None, 'Country': None, 'Capacity': 4100, 'GeoLat': 39.315453, 'GeoLong': -76.657381}"
200,201,DELST,True,Delaware State,Hornets,,2.0,4.0,0.0,0.0,60000201,19.0,Mid-Eastern,https://s3-us-west-2.amazonaws.com/static.fantasydata.com/logos/ncaa/201.png,DELST,0099CC,EE3124,,,"{'StadiumID': 292, 'Active': True, 'Name': 'Memorial Hall (DE)', 'Address': None, 'City': 'Dover', 'State': 'DE', 'Zip': None, 'Country': None, 'Capacity': 1800, 'GeoLat': 39.1876, 'GeoLong': -75.5434}"
201,202,WICHST,True,Wichita State,Shockers,,3.0,1.0,0.0,0.0,60000202,1.0,American,https://s3-us-west-2.amazonaws.com/static.fantasydata.com/logos/ncaa/202.png,WICHST,27251F,FFDB00,,,"{'StadiumID': 49, 'Active': True, 'Name': 'Charles Koch Arena', 'Address': None, 'City': 'Wichita', 'State': 'KS', 'Zip': None, 'Country': None, 'Capacity': 10506, 'GeoLat': 37.721667, 'GeoLong': -97.2975}"
202,203,EVANS,True,Evansville,Aces,,2.0,3.0,0.0,0.0,60000203,20.0,Missouri Valley,https://s3-us-west-2.amazonaws.com/static.fantasydata.com/logos/ncaa/203.png,EVANS,470A68,FFFFFF,ED8B00,,"{'StadiumID': 297, 'Active': True, 'Name': 'Ford Center', 'Address': None, 'City': 'Evansville', 'State': 'IN', 'Zip': None, 'Country': None, 'Capacity': 8930, 'GeoLat': 37.972189, 'GeoLong': -87.567844}"
203,204,ILLST,True,Illinois State,Redbirds,,3.0,2.0,0.0,0.0,60000204,20.0,Missouri Valley,https://s3-us-west-2.amazonaws.com/static.fantasydata.com/logos/ncaa/204.png,ILLST,CE142B,FFFFFF,,,"{'StadiumID': 34, 'Active': True, 'Name': 'CEFCU Arena', 'Address': None, 'City': 'Normal', 'State': 'IL', 'Zip': None, 'Country': None, 'Capacity': 9600, 'GeoLat': 40.510606, 'GeoLong': -88.999011}"
204,205,SILL,True,Southern Illinois,Salukis,,2.0,2.0,0.0,0.0,60000205,20.0,Missouri Valley,https://s3-us-west-2.amazonaws.com/static.fantasydata.com/logos/ncaa/205.png,SILL,6c0633,171717,,,"{'StadiumID': 186, 'Active': True, 'Name': 'Banterra Center', 'Address': None, 'City': 'Carbondale', 'State': 'IL', 'Zip': None, 'Country': None, 'Capacity': 8284, 'GeoLat': 37.708333, 'GeoLong': -89.218611}"
205,206,NIOWA,True,Northern Iowa,Panthers,,4.0,0.0,0.0,0.0,60000206,20.0,Missouri Valley,https://s3-us-west-2.amazonaws.com/static.fantasydata.com/logos/ncaa/206.png,UNI,500778,FFB500,,,"{'StadiumID': 397, 'Active': True, 'Name': 'McLeod Center', 'Address': None, 'City': 'Cedar Falls', 'State': 'IA', 'Zip': None, 'Country': None, 'Capacity': 6650, 'GeoLat': 42.51395, 'GeoLong': -92.46714}"
206,207,INDST,True,Indiana State,Sycamores,,3.0,2.0,0.0,0.0,60000207,20.0,Missouri Valley,https://s3-us-west-2.amazonaws.com/static.fantasydata.com/logos/ncaa/207.png,INDST,224E92,FFFFFF,,,"{'StadiumID': 273, 'Active': True, 'Name': 'Hulman Center', 'Address': None, 'City': 'Terre Haute', 'State': 'IN', 'Zip': None, 'Country': None, 'Capacity': 10200, 'GeoLat': 39.468333, 'GeoLong': -87.405}"
207,208,MSRST,True,Missouri State,Bears,,2.0,2.0,0.0,0.0,60000208,13.0,Conference USA,https://s3-us-west-2.amazonaws.com/static.fantasydata.com/logos/ncaa/208.png,MSRST,5E0009,FFFFFF,,,"{'StadiumID': 63, 'Active': True, 'Name': 'Great Southern Bank Arena', 'Address': None, 'City': 'Springfield', 'State': 'MO', 'Zip': None, 'Country': None, 'Capacity': 11000, 'GeoLat': 37.202047, 'GeoLong': -93.283058}"
208,209,LOYCH,True,Loyola Chicago,Ramblers,,1.0,4.0,0.0,0.0,60000209,5.0,Atlantic 10,https://s3-us-west-2.amazonaws.com/static.fantasydata.com/logos/ncaa/209.png,LOYCH,8D0034,FEBC18,,,"{'StadiumID': 71, 'Active': True, 'Name': 'Joseph J. Gentile Arena', 'Address': None, 'City': 'Chicago', 'State': 'IL', 'Zip': None, 'Country': None, 'Capacity': 4557, 'GeoLat': 42.000556, 'GeoLong': -87.658889}"
209,210,BRADLY,True,Bradley,Braves,,2.0,3.0,0.0,0.0,60000210,20.0,Missouri Valley,https://s3-us-west-2.amazonaws.com/static.fantasydata.com/logos/ncaa/210.png,BRADLY,A50000,FFFFFF,,,"{'StadiumID': 149, 'Active': True, 'Name': 'Carver Arena', 'Address': None, 'City': 'Peoria', 'State': 'IL', 'Zip': None, 'Country': None, 'Capacity': 11060, 'GeoLat': 41.663611, 'GeoLong': -91.554444}"
210,211,DRAKE,True,Drake,Bulldogs,,3.0,2.0,0.0,0.0,60000211,20.0,Missouri Valley,https://s3-us-west-2.amazonaws.com/static.fantasydata.com/logos/ncaa/211.png,DRAKE,1B4677,FFFFFF,,,"{'StadiumID': 293, 'Active': True, 'Name': 'The Knapp Center', 'Address': None, 'City': 'Des Moines', 'State': 'IA', 'Zip': None, 'Country': None, 'Capacity': 7152, 'GeoLat': 41.604444, 'GeoLong': -93.651944}"
211,212,SDST,True,San Diego State,Aztecs,,2.0,1.0,0.0,0.0,60000212,21.0,Mountain West,https://s3-us-west-2.amazonaws.com/static.fantasydata.com/logos/ncaa/212.png,SDSU,C41230,000000,,,"{'StadiumID': 83, 'Active': True, 'Name': 'Viejas Arena', 'Address': None, 'City': 'San Diego', 'State': 'CA', 'Zip': None, 'Country': None, 'Capacity': 12414, 'GeoLat': 32.77375, 'GeoLong': -117.074583}"
212,213,FREST,True,Fresno State,Bulldogs,,4.0,2.0,0.0,0.0,60000213,21.0,Mountain West,https://s3-us-west-2.amazonaws.com/static.fantasydata.com/logos/ncaa/213.png,FRESNO,C41230,13284C,,,"{'StadiumID': 314, 'Active': True, 'Name': 'Save Mart Center', 'Address': None, 'City': 'Fresno', 'State': 'CA', 'Zip': None, 'Country': None, 'Capacity': 15596, 'GeoLat': 36.809722, 'GeoLong': -119.738611}"
213,214,NMX,True,New Mexico,Lobos,,3.0,2.0,0.0,0.0,60000214,21.0,Mountain West,https://s3-us-west-2.amazonaws.com/static.fantasydata.com/logos/ncaa/214.png,UNM,BA0C2F,A7A8AA,,,"{'StadiumID': 208, 'Active': True, 'Name': 'The Pit', 'Address': None, 'City': 'Albuquerque', 'State': 'NM', 'Zip': None, 'Country': None, 'Capacity': 15411, 'GeoLat': 35.067, 'GeoLong': -106.632}"
214,215,BOISE,True,Boise State,Broncos,,4.0,1.0,0.0,0.0,60000215,21.0,Mountain West,https://s3-us-west-2.amazonaws.com/static.fantasydata.com/logos/ncaa/215.png,BOISE,0033A0,D64309,,,"{'StadiumID': 171, 'Active': True, 'Name': 'ExtraMile Arena', 'Address': None, 'City': 'Boise', 'State': 'ID', 'Zip': None, 'Country': None, 'Capacity': 12480, 'GeoLat': 43.6035, 'GeoLong': -116.199}"
215,216,NEVADA,True,Nevada,Wolf Pack,,3.0,2.0,0.0,0.0,60000216,21.0,Mountain West,https://s3-us-west-2.amazonaws.com/static.fantasydata.com/logos/ncaa/216.png,NEVADA,041E42,74767B,,,"{'StadiumID': 5, 'Active': True, 'Name': 'Lawlor Events Center', 'Address': None, 'City': 'Reno', 'State': 'NV', 'Zip': None, 'Country': None, 'Capacity': 11536, 'GeoLat': 39.545069, 'GeoLong': -119.818269}"
216,217,COLST,True,Colorado State,Rams,,4.0,0.0,0.0,0.0,60000217,21.0,Mountain West,https://s3-us-west-2.amazonaws.com/static.fantasydata.com/logos/ncaa/217.png,COLST,1E4D2B,C8C372,,,"{'StadiumID': 155, 'Active': True, 'Name': 'Moby Arena', 'Address': None, 'City': 'Fort Collins', 'State': 'CO', 'Zip': None, 'Country': None, 'Capacity': 8083, 'GeoLat': 40.575669, 'GeoLong': -105.093403}"
217,218,UNLV,True,UNLV,Runnin' Rebels,,3.0,2.0,0.0,0.0,60000218,21.0,Mountain West,https://s3-us-west-2.amazonaws.com/static.fantasydata.com/logos/ncaa/218.png,UNLV,CF0A2C,CAC8C8,,,"{'StadiumID': 173, 'Active': True, 'Name': 'Thomas & Mack Center', 'Address': None, 'City': 'Las Vegas', 'State': 'NV', 'Zip': None, 'Country': None, 'Capacity': 18000, 'GeoLat': 36.105, 'GeoLong': -115.144167}"
218,219,WYOM,True,Wyoming,Cowboys,,4.0,1.0,0.0,0.0,60000219,21.0,Mountain West,https://s3-us-west-2.amazonaws.com/static.fantasydata.com/logos/ncaa/219.png,WYOM,492F24,FFC425,,,"{'StadiumID': 82, 'Active': True, 'Name': 'Arena Auditorium', 'Address': None, 'City': 'Laramie', 'State': 'WY', 'Zip': None, 'Country': None, 'Capacity': 11612, 'GeoLat': 41.313344, 'GeoLong': -105.569419}"
219,220,UTAHST,True,Utah State,Aggies,,5.0,0.0,0.0,0.0,60000220,21.0,Mountain West,https://s3-us-west-2.amazonaws.com/static.fantasydata.com/logos/ncaa/220.png,USU,0F2439,FFFFFF,,,"{'StadiumID': 138, 'Active': True, 'Name': 'Dee Glen Smith Spectrum', 'Address': None, 'City': 'Logan', 'State': 'UT', 'Zip': None, 'Country': None, 'Capacity': 10270, 'GeoLat': 41.748, 'GeoLong': -111.812}"
220,221,AIRF,True,Air Force,Falcons,,1.0,4.0,0.0,0.0,60000221,21.0,Mountain West,https://s3-us-west-2.amazonaws.com/static.fantasydata.com/logos/ncaa/221.png,AIR,003594,B2B4B2,,,"{'StadiumID': 277, 'Active': True, 'Name': 'Clune Arena', 'Address': None, 'City': 'Colorado Springs', 'State': 'CO', 'Zip': None, 'Country': None, 'Capacity': 5843, 'GeoLat': 39.014, 'GeoLong': -104.8833}"
221,222,SJST,True,San Jose State,Spartans,,1.0,3.0,0.0,0.0,60000222,21.0,Mountain West,https://s3-us-west-2.amazonaws.com/static.fantasydata.com/logos/ncaa/222.png,SJSU,FFB81A,FFFFFF,0038A8,,"{'StadiumID': 415, 'Active': True, 'Name': 'Provident Credit Union Event Center', 'Address': None, 'City': 'San Jose', 'State': 'CA', 'Zip': None, 'Country': None, 'Capacity': 5000, 'GeoLat': 37.33536, 'GeoLong': -121.87985}"
222,223,WAG,True,Wagner,Seahawks,,0.0,4.0,0.0,0.0,60000223,22.0,Northeast,https://s3-us-west-2.amazonaws.com/static.fantasydata.com/logos/ncaa/223.png,WAG,004331,FFFFFF,,,"{'StadiumID': 232, 'Active': True, 'Name': 'Spiro Sports Center', 'Address': None, 'City': 'Staten Island', 'State': 'NY', 'Zip': None, 'Country': None, 'Capacity': 2100, 'GeoLat': 40.614966, 'GeoLong': -74.095729}"
223,224,FAIRDK,True,Fairleigh Dickinson,Knights,,1.0,4.0,0.0,0.0,60000224,22.0,Northeast,https://s3-us-west-2.amazonaws.com/static.fantasydata.com/logos/ncaa/224.png,FDU,72293C,28334A,,,"{'StadiumID': 282, 'Active': True, 'Name': 'Bogota Savings Bank Center', 'Address': None, 'City': 'Hackensack', 'State': 'NJ', 'Zip': None, 'Country': None, 'Capacity': 3000, 'GeoLat': 40.8967, 'GeoLong': -74.0324}"
224,225,STFPA,True,St. Francis (PA),Red Flash,,0.0,4.0,0.0,0.0,60000225,22.0,Northeast,https://s3-us-west-2.amazonaws.com/static.fantasydata.com/logos/ncaa/225.png,SFU,BD1F25,FFFFFF,,,"{'StadiumID': 125, 'Active': True, 'Name': 'DeGol Arena', 'Address': None, 'City': 'Loretto', 'State': 'PA', 'Zip': None, 'Country': None, 'Capacity': 3500, 'GeoLat': 40.50451, 'GeoLong': -78.643304}"
225,226,MSTM,True,Mount St. Mary's,Mountaineers,,1.0,4.0,0.0,0.0,60000226,17.0,Metro Atlantic Athletic,https://s3-us-west-2.amazonaws.com/static.fantasydata.com/logos/ncaa/226.png,MSMU,002855,FFFFFF,84754E,,"{'StadiumID': 249, 'Active': True, 'Name': 'Knott Arena', 'Address': None, 'City': 'Emmitsburg', 'State': 'MD', 'Zip': None, 'Country': None, 'Capacity': 3121, 'GeoLat': 39.679492, 'GeoLong': -77.346435}"
226,227,SACRED,True,Sacred Heart,Pioneers,,1.0,3.0,0.0,0.0,60000227,17.0,Metro Atlantic Athletic,https://s3-us-west-2.amazonaws.com/static.fantasydata.com/logos/ncaa/227.png,SACRED,CD1041,FFFFFF,,,"{'StadiumID': 288, 'Active': True, 'Name': 'William H. Pitt Center', 'Address': None, 'City': 'Fairfield', 'State': 'CT', 'Zip': None, 'Country': None, 'Capacity': 2062, 'GeoLat': 41.219439, 'GeoLong': -73.244628}"
227,228,STF,False,St. Francis Brooklyn,Terriers,,14.0,16.0,7.0,9.0,60000228,,,https://s3-us-west-2.amazonaws.com/static.fantasydata.com/logos/ncaa/228.png,STF,,,,,
228,229,LIUB,True,LIU,Sharks,,3.0,2.0,0.0,0.0,60000229,22.0,Northeast,https://s3-us-west-2.amazonaws.com/static.fantasydata.com/logos/ncaa/229.png,LIUB,69B3E7,FFC72C,,,"{'StadiumID': 126, 'Active': True, 'Name': 'Steinberg Wellness Center', 'Address': None, 'City': 'Brooklyn', 'State': 'NY', 'Zip': None, 'Country': None, 'Capacity': 2500, 'GeoLat': 40.69059, 'GeoLong': -73.979176}"
229,230,ROBMS,True,Robert Morris,Colonials,,3.0,2.0,0.0,0.0,60000230,14.0,Horizon League,https://s3-us-west-2.amazonaws.com/static.fantasydata.com/logos/ncaa/230.png,RMU,14234B,FFFFFF,E51937,,"{'StadiumID': 447, 'Active': True, 'Name': 'UPMC Events Center', 'Address': None, 'City': 'Moon Township', 'State': 'PA', 'Zip': None, 'Country': None, 'Capacity': 4000, 'GeoLat': 40.520212, 'GeoLong': -80.21476}"
230,231,BRYANT,True,Bryant,Bulldogs,,1.0,4.0,0.0,0.0,60000231,2.0,America East,https://s3-us-west-2.amazonaws.com/static.fantasydata.com/logos/ncaa/231.png,BRYANT,231F20,B09863,,,"{'StadiumID': 213, 'Active': True, 'Name': 'Chace Athletic Center', 'Address': None, 'City': 'Smithfield', 'State': 'RI', 'Zip': None, 'Country': None, 'Capacity': 2000, 'GeoLat': 41.921008, 'GeoLong': -71.539639}"
231,232,CENCON,True,Central Connecticut State,Blue Devils,,2.0,2.0,0.0,0.0,60000232,22.0,Northeast,https://s3-us-west-2.amazonaws.com/static.fantasydata.com/logos/ncaa/232.png,CENCON,1A4784,FFFFFF,,,"{'StadiumID': 198, 'Active': True, 'Name': 'William H. Detrick Gymnasium', 'Address': None, 'City': 'New Britain', 'State': 'CT', 'Zip': None, 'Country': None, 'Capacity': 2654, 'GeoLat': 41.693, 'GeoLong': -72.7649}"
232,233,BELM,True,Belmont,Bruins,,4.0,0.0,0.0,0.0,60000233,20.0,Missouri Valley,https://s3-us-west-2.amazonaws.com/static.fantasydata.com/logos/ncaa/233.png,BELM,00205B,FFFFFF,C8102E,,"{'StadiumID': 169, 'Active': True, 'Name': 'Curb Event Center', 'Address': None, 'City': 'Nashville', 'State': 'TN', 'Zip': None, 'Country': None, 'Capacity': 5000, 'GeoLat': 36.132222, 'GeoLong': -86.794444}"
233,234,TENTCH,True,Tennessee Tech,Golden Eagles,,3.0,3.0,0.0,0.0,60000234,23.0,Ohio Valley,https://s3-us-west-2.amazonaws.com/static.fantasydata.com/logos/ncaa/234.png,TNTECH,4F2984,FFDD00,,,"{'StadiumID': 167, 'Active': True, 'Name': 'Hooper Eblen Center', 'Address': None, 'City': 'Cookeville', 'State': 'TN', 'Zip': None, 'Country': None, 'Capacity': 9280, 'GeoLat': 36.178508, 'GeoLong': -85.51}"
234,235,TENST,True,Tennessee State,Tigers,,2.0,3.0,0.0,0.0,60000235,23.0,Ohio Valley,https://s3-us-west-2.amazonaws.com/static.fantasydata.com/logos/ncaa/235.png,TNST,171796,FFFFFF,,,"{'StadiumID': 206, 'Active': True, 'Name': 'Gentry Center', 'Address': None, 'City': 'Nashville', 'State': 'TN', 'Zip': None, 'Country': None, 'Capacity': 9100, 'GeoLat': 36.168889, 'GeoLong': -86.829444}"
235,236,MHST,True,Morehead State,Eagles,,2.0,3.0,0.0,0.0,60000236,23.0,Ohio Valley,https://s3-us-west-2.amazonaws.com/static.fantasydata.com/logos/ncaa/236.png,MHST,005EB8,FFCF00,,,"{'StadiumID': 280, 'Active': True, 'Name': 'Ellis T. Johnson Arena', 'Address': None, 'City': 'Morehead', 'State': 'KY', 'Zip': None, 'Country': None, 'Capacity': 6500, 'GeoLat': 38.188786, 'GeoLong': -83.429006}"
236,237,EKENT,True,Eastern Kentucky,Colonels,,1.0,3.0,0.0,0.0,60000237,4.0,Atlantic Sun,https://s3-us-west-2.amazonaws.com/static.fantasydata.com/logos/ncaa/237.png,EKENT,5E213B,FFFFFF,,,"{'StadiumID': 91, 'Active': True, 'Name': 'Baptist Health Arena', 'Address': None, 'City': 'Richmond', 'State': 'KY', 'Zip': None, 'Country': None, 'Capacity': 6500, 'GeoLat': 37.737222, 'GeoLong': -84.301389}"
237,238,JAXST,True,Jacksonville State,Gamecocks,,3.0,1.0,0.0,0.0,60000238,13.0,Conference USA,https://s3-us-west-2.amazonaws.com/static.fantasydata.com/logos/ncaa/238.png,JSU,CC0000,FFFFFF,,,"{'StadiumID': 391, 'Active': True, 'Name': 'Pete Mathews Coliseum', 'Address': None, 'City': 'Jacksonville', 'State': 'AL', 'Zip': None, 'Country': None, 'Capacity': 3500, 'GeoLat': 33.824, 'GeoLong': -85.773}"
238,239,EILL,True,Eastern Illinois,Panthers,,2.0,3.0,0.0,0.0,60000239,23.0,Ohio Valley,https://s3-us-west-2.amazonaws.com/static.fantasydata.com/logos/ncaa/239.png,EILL,004C97,75787B,,,"{'StadiumID': 413, 'Active': True, 'Name': 'Groniger Arena', 'Address': None, 'City': 'Charleston', 'State': 'IL', 'Zip': None, 'Country': None, 'Capacity': 5300, 'GeoLat': 39.480403, 'GeoLong': -88.178844}"
239,240,MURST,True,Murray State,Racers,,4.0,1.0,0.0,0.0,60000240,20.0,Missouri Valley,https://s3-us-west-2.amazonaws.com/static.fantasydata.com/logos/ncaa/240.png,MURST,002144,ECAC00,,,"{'StadiumID': 170, 'Active': True, 'Name': 'CFSB Center', 'Address': None, 'City': 'Murray', 'State': 'KY', 'Zip': None, 'Country': None, 'Capacity': 8600, 'GeoLat': 36.62267, 'GeoLong': -88.32031}"
240,241,TMRT,True,UT Martin,Skyhawks,,3.0,1.0,0.0,0.0,60000241,23.0,Ohio Valley,https://s3-us-west-2.amazonaws.com/static.fantasydata.com/logos/ncaa/241.png,TMRT,0D223F,F58220,FFFFFF,,"{'StadiumID': 248, 'Active': True, 'Name': 'Skyhawk Arena', 'Address': None, 'City': 'Martin', 'State': 'TN', 'Zip': None, 'Country': None, 'Capacity': 4300, 'GeoLat': 36.343604, 'GeoLong': -88.868134}"
241,242,AUSP,True,Austin Peay,Governors,,3.0,2.0,0.0,0.0,60000242,4.0,Atlantic Sun,https://s3-us-west-2.amazonaws.com/static.fantasydata.com/logos/ncaa/242.png,AUSP,C41E3A,FFFFFF,,,"{'StadiumID': 577, 'Active': True, 'Name': 'F&M Bank Arena', 'Address': None, 'City': 'Clarksville', 'State': 'TN', 'Zip': None, 'Country': None, 'Capacity': 5500, 'GeoLat': 36.529444, 'GeoLong': -87.359722}"
242,243,SEMST,True,Southeast Missouri State,Redhawks,,1.0,4.0,0.0,0.0,60000243,23.0,Ohio Valley,https://s3-us-west-2.amazonaws.com/static.fantasydata.com/logos/ncaa/243.png,SEMST,CE1126,000000,,,"{'StadiumID': 340, 'Active': True, 'Name': 'Show Me Center', 'Address': None, 'City': 'Cape Girardeau', 'State': 'MO', 'Zip': None, 'Country': None, 'Capacity': 7373, 'GeoLat': 37.32, 'GeoLong': -89.5271}"
243,244,SIUE,True,SIUE,Cougars,,3.0,2.0,0.0,0.0,60000244,23.0,Ohio Valley,https://s3-us-west-2.amazonaws.com/static.fantasydata.com/logos/ncaa/244.png,SIUE,D81E05,FFFFFF,,,"{'StadiumID': 51, 'Active': True, 'Name': 'Vadalabene Center', 'Address': None, 'City': 'Edwardsville', 'State': 'IL', 'Zip': None, 'Country': None, 'Capacity': 4000, 'GeoLat': 38.795989, 'GeoLong': -89.999883}"
244,245,ORE,True,Oregon,Ducks,,4.0,0.0,0.0,0.0,60000245,9.0,Big Ten,https://s3-us-west-2.amazonaws.com/static.fantasydata.com/logos/ncaa/245.png,OREGON,007030,FEE11A,,,"{'StadiumID': 9, 'Active': True, 'Name': 'Matthew Knight Arena', 'Address': None, 'City': 'Eugene', 'State': 'OR', 'Zip': None, 'Country': None, 'Capacity': 12364, 'GeoLat': 44.045, 'GeoLong': -123.066}"
245,246,USC,True,USC,Trojans,,4.0,0.0,0.0,0.0,60000246,9.0,Big Ten,https://s3-us-west-2.amazonaws.com/static.fantasydata.com/logos/ncaa/246.png,USC,990000,FFCC00,,,"{'StadiumID': 84, 'Active': True, 'Name': 'Galen Center', 'Address': None, 'City': 'Los Angeles', 'State': 'CA', 'Zip': None, 'Country': None, 'Capacity': 10258, 'GeoLat': 34.021, 'GeoLong': -118.28}"
246,247,ARZ,True,Arizona,Wildcats,4.0,5.0,0.0,0.0,0.0,60000247,10.0,Big 12,https://s3-us-west-2.amazonaws.com/static.fantasydata.com/logos/ncaa/247.png,ARZ,AB0520,0C234B,,,"{'StadiumID': 94, 'Active': True, 'Name': 'McKale Center', 'Address': None, 'City': 'Tucson', 'State': 'AZ', 'Zip': None, 'Country': None, 'Capacity': 14644, 'GeoLat': 32.23, 'GeoLong': -110.946}"
247,248,UTAH,True,Utah,Utes,,5.0,1.0,0.0,0.0,60000248,10.0,Big 12,https://s3-us-west-2.amazonaws.com/static.fantasydata.com/logos/ncaa/248.png,UTAH,CC0000,FFFFFF,,,"{'StadiumID': 102, 'Active': True, 'Name': 'Jon M. Huntsman Center', 'Address': None, 'City': 'Salt Lake City', 'State': 'UT', 'Zip': None, 'Country': None, 'Capacity': 15000, 'GeoLat': 40.762, 'GeoLong': -111.839}"
248,249,WASH,True,Washington,Huskies,,4.0,1.0,0.0,0.0,60000249,9.0,Big Ten,https://s3-us-west-2.amazonaws.com/static.fantasydata.com/logos/ncaa/249.png,WASH,4B2E83,B7A57A,,,"{'StadiumID': 15, 'Active': True, 'Name': 'Alaska Airlines Arena', 'Address': None, 'City': 'Seattle', 'State': 'WA', 'Zip': None, 'Country': None, 'Capacity': 10000, 'GeoLat': 47.652, 'GeoLong': -122.302}"
249,250,COL,True,Colorado,Buffaloes,,4.0,0.0,0.0,0.0,60000250,10.0,Big 12,https://s3-us-west-2.amazonaws.com/static.fantasydata.com/logos/ncaa/250.png,COL,C8BA89,000000,565A5D,,"{'StadiumID': 205, 'Active': True, 'Name': 'CU Events Center', 'Address': None, 'City': 'Boulder', 'State': 'CO', 'Zip': None, 'Country': None, 'Capacity': 11064, 'GeoLat': 40.0047, 'GeoLong': -105.2606}"
250,251,CAH,True,California,Golden Bears,,4.0,1.0,0.0,0.0,60000251,3.0,Atlantic Coast,https://s3-us-west-2.amazonaws.com/static.fantasydata.com/logos/ncaa/251.png,CAL,041E42,FFC72C,,,"{'StadiumID': 210, 'Active': True, 'Name': 'Haas Pavilion', 'Address': None, 'City': 'Berkeley', 'State': 'CA', 'Zip': None, 'Country': None, 'Capacity': 11858, 'GeoLat': 37.8694, 'GeoLong': -122.262}"
251,252,OREGST,True,Oregon State,Beavers,,3.0,1.0,0.0,0.0,60000252,24.0,Pac-12,https://s3-us-west-2.amazonaws.com/static.fantasydata.com/logos/ncaa/252.png,ORSTU,D73F09,000000,,,"{'StadiumID': 70, 'Active': True, 'Name': 'Gill Coliseum', 'Address': None, 'City': 'Corvallis', 'State': 'OR', 'Zip': None, 'Country': None, 'Capacity': 9301, 'GeoLat': 44.5613, 'GeoLong': -123.2805}"
252,253,UCLA,True,UCLA,Bruins,19.0,4.0,1.0,0.0,0.0,60000253,9.0,Big Ten,https://s3-us-west-2.amazonaws.com/static.fantasydata.com/logos/ncaa/253.png,UCLA,2774AE,FFD100,,,"{'StadiumID': 109, 'Active': True, 'Name': 'Pauley Pavilion', 'Address': None, 'City': 'Los Angeles', 'State': 'CA', 'Zip': None, 'Country': None, 'Capacity': 13800, 'GeoLat': 34.070211, 'GeoLong': -118.446775}"
253,254,STAN,True,Stanford,Cardinal,,4.0,0.0,0.0,0.0,60000254,3.0,Atlantic Coast,https://s3-us-west-2.amazonaws.com/static.fantasydata.com/logos/ncaa/254.png,STAN,8C1515,FFFFFF,,,"{'StadiumID': 79, 'Active': True, 'Name': 'Maples Pavilion', 'Address': None, 'City': 'Stanford', 'State': 'CA', 'Zip': None, 'Country': None, 'Capacity': 7233, 'GeoLat': 37.4296, 'GeoLong': -122.1605}"
254,255,ARZST,True,Arizona State,Sun Devils,,4.0,1.0,0.0,0.0,60000255,10.0,Big 12,https://s3-us-west-2.amazonaws.com/static.fantasydata.com/logos/ncaa/255.png,ASU,8C1D40,FFC627,,,"{'StadiumID': 137, 'Active': True, 'Name': 'Desert Financial Arena', 'Address': None, 'City': 'Tempe', 'State': 'AZ', 'Zip': None, 'Country': None, 'Capacity': 14198, 'GeoLat': 33.424524, 'GeoLong': -111.930948}"
255,256,WASHST,True,Washington State,Cougars,,2.0,3.0,0.0,0.0,60000256,24.0,Pac-12,https://s3-us-west-2.amazonaws.com/static.fantasydata.com/logos/ncaa/256.png,WSU,981E32,53565A,,,"{'StadiumID': 182, 'Active': True, 'Name': 'Friel Court', 'Address': None, 'City': 'Pullman', 'State': 'WA', 'Zip': None, 'Country': None, 'Capacity': 11671, 'GeoLat': 46.735, 'GeoLong': -117.1575}"
256,257,BUCK,True,Bucknell,Bison,,2.0,4.0,0.0,0.0,60000257,25.0,Patriot League,https://s3-us-west-2.amazonaws.com/static.fantasydata.com/logos/ncaa/257.png,BUCK,003865,EF5B0C,,,"{'StadiumID': 163, 'Active': True, 'Name': 'Sojka Pavilion', 'Address': None, 'City': 'Lewisburg', 'State': 'PA', 'Zip': None, 'Country': None, 'Capacity': 4000, 'GeoLat': 40.956964, 'GeoLong': -76.887093}"
257,258,NAVY,True,Navy,Midshipmen,,2.0,3.0,0.0,0.0,60000258,25.0,Patriot League,https://s3-us-west-2.amazonaws.com/static.fantasydata.com/logos/ncaa/258.png,NAVY,00225B,B5A67C,,,"{'StadiumID': 113, 'Active': True, 'Name': 'Alumni Hall (Navy)', 'Address': None, 'City': 'Annapolis', 'State': 'MD', 'Zip': None, 'Country': None, 'Capacity': 5710, 'GeoLat': 38.984491, 'GeoLong': -76.487782}"
258,259,BOSTU,True,Boston,Terriers,,2.0,3.0,0.0,0.0,60000259,25.0,Patriot League,https://s3-us-west-2.amazonaws.com/static.fantasydata.com/logos/ncaa/259.png,BU,CC0000,FFFFFF,,,"{'StadiumID': 122, 'Active': True, 'Name': 'Case Gym', 'Address': None, 'City': 'Boston', 'State': 'MA', 'Zip': None, 'Country': None, 'Capacity': 1800, 'GeoLat': 42.353932, 'GeoLong': -71.120355}"
259,260,LEHI,True,Lehigh,Mountain Hawks,,2.0,3.0,0.0,0.0,60000260,25.0,Patriot League,https://s3-us-west-2.amazonaws.com/static.fantasydata.com/logos/ncaa/260.png,LEHIGH,653819,FFFFFF,,,"{'StadiumID': 196, 'Active': True, 'Name': 'Stabler Arena', 'Address': None, 'City': 'Bethlehem', 'State': 'PA', 'Zip': None, 'Country': None, 'Capacity': 5600, 'GeoLat': 40.584444, 'GeoLong': -75.356944}"
260,261,COLG,True,Colgate,Raiders,,2.0,4.0,0.0,0.0,60000261,25.0,Patriot League,https://s3-us-west-2.amazonaws.com/static.fantasydata.com/logos/ncaa/261.png,COLGATE,821019,FFFFFF,,,"{'StadiumID': 120, 'Active': True, 'Name': 'Cotterell Court', 'Address': None, 'City': 'Hamilton', 'State': 'NY', 'Zip': None, 'Country': None, 'Capacity': 1750, 'GeoLat': 42.814957, 'GeoLong': -75.542754}"
261,262,LOYMD,True,Loyola Maryland,Greyhounds,,2.0,4.0,0.0,0.0,60000262,25.0,Patriot League,https://s3-us-west-2.amazonaws.com/static.fantasydata.com/logos/ncaa/262.png,LOYMD,005A3C,D2D2D2,,,"{'StadiumID': 181, 'Active': True, 'Name': 'Reitz Arena', 'Address': None, 'City': 'Baltimore', 'State': 'MD', 'Zip': None, 'Country': None, 'Capacity': 2100, 'GeoLat': 39.346803, 'GeoLong': -76.618615}"
262,263,ARMY,True,Army,Black Knights,,1.0,4.0,0.0,0.0,60000263,25.0,Patriot League,https://s3-us-west-2.amazonaws.com/static.fantasydata.com/logos/ncaa/263.png,ARMY,2C2A29,D3BC8D,B1B3B3,,"{'StadiumID': 305, 'Active': True, 'Name': 'Christl Arena', 'Address': None, 'City': 'West Point', 'State': 'NY', 'Zip': None, 'Country': None, 'Capacity': 5043, 'GeoLat': 41.38641, 'GeoLong': -73.96571}"
263,264,HOLY,True,Holy Cross,Crusaders,,1.0,4.0,0.0,0.0,60000264,25.0,Patriot League,https://s3-us-west-2.amazonaws.com/static.fantasydata.com/logos/ncaa/264.png,HOLY,602d89,,,,"{'StadiumID': 39, 'Active': True, 'Name': 'Hart Center', 'Address': None, 'City': 'Worcester', 'State': 'MA', 'Zip': None, 'Country': None, 'Capacity': 3536, 'GeoLat': 42.235046, 'GeoLong': -71.806381}"
264,265,AMERCN,True,American,Eagles,,2.0,3.0,0.0,0.0,60000265,25.0,Patriot League,https://s3-us-west-2.amazonaws.com/static.fantasydata.com/logos/ncaa/265.png,AMERCN,005099,FFFFFF,C4122E,,"{'StadiumID': 321, 'Active': True, 'Name': 'Bender Arena', 'Address': None, 'City': 'Washington', 'State': 'DC', 'Zip': None, 'Country': None, 'Capacity': 3400, 'GeoLat': 38.937778, 'GeoLong': -77.09}"
265,266,LAFAY,True,Lafayette,Leopards,,1.0,4.0,0.0,0.0,60000266,25.0,Patriot League,https://s3-us-west-2.amazonaws.com/static.fantasydata.com/logos/ncaa/266.png,LAFAY,910029,FFFFFF,,,"{'StadiumID': 302, 'Active': True, 'Name': 'Kirby Sports Center', 'Address': None, 'City': 'Easton', 'State': 'PA', 'Zip': None, 'Country': None, 'Capacity': 2644, 'GeoLat': 40.7019, 'GeoLong': -75.2107}"
266,267,SC,True,South Carolina,Gamecocks,,4.0,1.0,0.0,0.0,60000267,26.0,Southeastern,https://s3-us-west-2.amazonaws.com/static.fantasydata.com/logos/ncaa/267.png,SC,73000A,000000,,,"{'StadiumID': 33, 'Active': True, 'Name': 'Colonial Life Arena', 'Address': None, 'City': 'Columbia', 'State': 'SC', 'Zip': None, 'Country': None, 'Capacity': 18000, 'GeoLat': 33.995, 'GeoLong': -81.037222}"
267,268,UK,True,Kentucky,Wildcats,12.0,3.0,2.0,0.0,0.0,60000268,26.0,Southeastern,https://s3-us-west-2.amazonaws.com/static.fantasydata.com/logos/ncaa/268.png,UK,0033A0,FFFFFF,,,"{'StadiumID': 103, 'Active': True, 'Name': 'Rupp Arena', 'Address': None, 'City': 'Lexington', 'State': 'KY', 'Zip': None, 'Country': None, 'Capacity': 20500, 'GeoLat': 38.049444, 'GeoLong': -84.502778}"
268,269,LSU,True,LSU,Tigers,,4.0,0.0,0.0,0.0,60000269,26.0,Southeastern,https://s3-us-west-2.amazonaws.com/static.fantasydata.com/logos/ncaa/269.png,LSU,461D7C,FDD023,,,"{'StadiumID': 110, 'Active': True, 'Name': 'Pete Maravich Assembly Center', 'Address': None, 'City': 'Baton Rouge', 'State': 'LA', 'Zip': None, 'Country': None, 'Capacity': 13215, 'GeoLat': 30.4142, 'GeoLong': -91.1845}"
269,270,TXAM,True,Texas A&M,Aggies,,3.0,2.0,0.0,0.0,60000270,26.0,Southeastern,https://s3-us-west-2.amazonaws.com/static.fantasydata.com/logos/ncaa/270.png,TXAM,500000,FFFFFF,,,"{'StadiumID': 95, 'Active': True, 'Name': 'Reed Arena', 'Address': None, 'City': 'College Station', 'State': 'TX', 'Zip': None, 'Country': None, 'Capacity': 12989, 'GeoLat': 30.60578, 'GeoLong': -96.34619}"
270,271,FL,True,Florida,Gators,10.0,3.0,1.0,0.0,0.0,60000271,26.0,Southeastern,https://s3-us-west-2.amazonaws.com/static.fantasydata.com/logos/ncaa/271.png,UFL,FA4616,003087,,,"{'StadiumID': 119, 'Active': True, 'Name': 'Exactech Arena', 'Address': None, 'City': 'Gainesville', 'State': 'FL', 'Zip': None, 'Country': None, 'Capacity': 10151, 'GeoLat': 29.649444, 'GeoLong': -82.351111}"
271,272,GA,True,Georgia,Bulldogs,,5.0,0.0,0.0,0.0,60000272,26.0,Southeastern,https://s3-us-west-2.amazonaws.com/static.fantasydata.com/logos/ncaa/272.png,UGA,BA0C2F,2C2A29,,,"{'StadiumID': 134, 'Active': True, 'Name': 'Stegeman Coliseum', 'Address': None, 'City': 'Athens', 'State': 'GA', 'Zip': None, 'Country': None, 'Capacity': 10523, 'GeoLat': 33.9428, 'GeoLong': -83.378}"
272,273,VAND,True,Vanderbilt,Commodores,,5.0,0.0,0.0,0.0,60000273,26.0,Southeastern,https://s3-us-west-2.amazonaws.com/static.fantasydata.com/logos/ncaa/273.png,VAND,000000,CFAE70,,,"{'StadiumID': 75, 'Active': True, 'Name': 'Memorial Gymnasium (TN)', 'Address': None, 'City': 'Nashville', 'State': 'TN', 'Zip': None, 'Country': None, 'Capacity': 14316, 'GeoLat': 36.144611, 'GeoLong': -86.80742}"
273,274,MISS,True,Ole Miss,Rebels,,5.0,0.0,0.0,0.0,60000274,26.0,Southeastern,https://s3-us-west-2.amazonaws.com/static.fantasydata.com/logos/ncaa/274.png,OLEMISS,CE1126,14213D,,,"{'StadiumID': 157, 'Active': True, 'Name': 'The Sandy and John Black Pavilion at Ole Miss', 'Address': '762 All American Drive', 'City': 'Oxford', 'State': 'MS', 'Zip': '38655', 'Country': 'USA', 'Capacity': 9500, 'GeoLat': 34.363164, 'GeoLong': -89.535453}"
274,275,ALA,True,Alabama,Crimson Tide,11.0,3.0,1.0,0.0,0.0,60000275,26.0,Southeastern,https://s3-us-west-2.amazonaws.com/static.fantasydata.com/logos/ncaa/275.png,ALA,B30838,FFFFFF,,,"{'StadiumID': 58, 'Active': True, 'Name': 'Coleman Coliseum', 'Address': None, 'City': 'Tuscaloosa', 'State': 'AL', 'Zip': None, 'Country': None, 'Capacity': 14474, 'GeoLat': 33.202939, 'GeoLong': -87.539706}"
275,276,ARK,True,Arkansas,Razorbacks,21.0,4.0,1.0,0.0,0.0,60000276,26.0,Southeastern,https://s3-us-west-2.amazonaws.com/static.fantasydata.com/logos/ncaa/276.png,ARK,A41F35,FFFFFF,,,"{'StadiumID': 194, 'Active': True, 'Name': 'Bud Walton Arena', 'Address': None, 'City': 'Fayetteville', 'State': 'AR', 'Zip': None, 'Country': None, 'Capacity': 19200, 'GeoLat': 36.061518, 'GeoLong': -94.178188}"
276,277,TENN,True,Tennessee,Volunteers,20.0,5.0,0.0,0.0,0.0,60000277,26.0,Southeastern,https://s3-us-west-2.amazonaws.com/static.fantasydata.com/logos/ncaa/277.png,TENN,FF8200,FFFFFF,,,"{'StadiumID': 195, 'Active': True, 'Name': 'Thompson-Boling Arena at Food City Center', 'Address': None, 'City': 'Knoxville', 'State': 'TN', 'Zip': None, 'Country': None, 'Capacity': 21678, 'GeoLat': 35.951167, 'GeoLong': -83.925028}"
277,278,MSPST,True,Mississippi State,Bulldogs,,2.0,2.0,0.0,0.0,60000278,26.0,Southeastern,https://s3-us-west-2.amazonaws.com/static.fantasydata.com/logos/ncaa/278.png,MSSTATE,5D1725,FFFFFF,,,"{'StadiumID': 108, 'Active': True, 'Name': 'Humphrey Coliseum', 'Address': None, 'City': 'Starkville', 'State': 'MS', 'Zip': None, 'Country': None, 'Capacity': 10575, 'GeoLat': 33.461667, 'GeoLong': -88.794444}"
278,279,AUBRN,True,Auburn,Tigers,22.0,4.0,1.0,0.0,0.0,60000279,26.0,Southeastern,https://s3-us-west-2.amazonaws.com/static.fantasydata.com/logos/ncaa/279.png,AUBURN,F26522,03244d,,,"{'StadiumID': 8, 'Active': True, 'Name': 'Neville Arena', 'Address': None, 'City': 'Auburn', 'State': 'AL', 'Zip': None, 'Country': None, 'Capacity': 9121, 'GeoLat': 32.60253, 'GeoLong': -85.49301}"
279,280,MISSR,True,Missouri,Tigers,,6.0,0.0,0.0,0.0,60000280,26.0,Southeastern,https://s3-us-west-2.amazonaws.com/static.fantasydata.com/logos/ncaa/280.png,MIZZ,F1B82D,000000,,,"{'StadiumID': 62, 'Active': True, 'Name': 'Mizzou Arena', 'Address': None, 'City': 'Columbia', 'State': 'MO', 'Zip': None, 'Country': None, 'Capacity': 15061, 'GeoLat': 38.93237, 'GeoLong': -92.33303}"
280,281,CHAT,True,Chattanooga,Mocs,,2.0,3.0,0.0,0.0,60000281,27.0,Southern,https://s3-us-west-2.amazonaws.com/static.fantasydata.com/logos/ncaa/281.png,CHAT,00386B,E0AA0F,ADAFAA,,"{'StadiumID': 166, 'Active': True, 'Name': 'McKenzie Arena', 'Address': None, 'City': 'Chattanooga', 'State': 'TN', 'Zip': None, 'Country': None, 'Capacity': 10995, 'GeoLat': 35.050382, 'GeoLong': -85.30091}"
281,282,ETNST,True,East Tennessee State,Buccaneers,,3.0,1.0,0.0,0.0,60000282,27.0,Southern,https://s3-us-west-2.amazonaws.com/static.fantasydata.com/logos/ncaa/282.png,ETNST,00053E,FFC72C,,,"{'StadiumID': 274, 'Active': True, 'Name': 'Freedom Hall Civic Center', 'Address': None, 'City': 'Johnson City', 'State': 'TN', 'Zip': None, 'Country': None, 'Capacity': 6149, 'GeoLat': 36.324444, 'GeoLong': -82.375}"
282,283,FURMAN,True,Furman,Paladins,,2.0,3.0,0.0,0.0,60000283,27.0,Southern,https://s3-us-west-2.amazonaws.com/static.fantasydata.com/logos/ncaa/283.png,FURMAN,582C83,FFFFFF,,,"{'StadiumID': 199, 'Active': True, 'Name': 'Timmons Arena', 'Address': None, 'City': 'Greenville', 'State': 'SC', 'Zip': None, 'Country': None, 'Capacity': 2500, 'GeoLat': 34.925833, 'GeoLong': -82.435556}"
283,284,MERC,True,Mercer,Bears,,2.0,2.0,0.0,0.0,60000284,27.0,Southern,https://s3-us-west-2.amazonaws.com/static.fantasydata.com/logos/ncaa/284.png,MERC,000000,CB5307,,,"{'StadiumID': 236, 'Active': True, 'Name': 'Hawkins Arena', 'Address': None, 'City': 'Macon', 'State': 'GA', 'Zip': None, 'Country': None, 'Capacity': 3500, 'GeoLat': 32.829722, 'GeoLong': -83.651944}"
284,285,WOFF,True,Wofford,Terriers,,3.0,2.0,0.0,0.0,60000285,27.0,Southern,https://s3-us-west-2.amazonaws.com/static.fantasydata.com/logos/ncaa/285.png,WOFF,8A6E4B,282829,,,"{'StadiumID': 6, 'Active': True, 'Name': 'Jerry Richardson Indoor Stadium', 'Address': None, 'City': 'Spartanburg', 'State': 'SC', 'Zip': None, 'Country': None, 'Capacity': 3400, 'GeoLat': 34.963427, 'GeoLong': -81.93363}"
285,286,NCG,True,UNCG,Spartans,,0.0,5.0,0.0,0.0,60000286,27.0,Southern,https://s3-us-west-2.amazonaws.com/static.fantasydata.com/logos/ncaa/286.png,NCG,FFCC00,FFFFFF,003366,,"{'StadiumID': 371, 'Active': True, 'Name': 'First Horizon Coliseum', 'Address': None, 'City': 'Greensboro', 'State': 'NC', 'Zip': None, 'Country': None, 'Capacity': 23500, 'GeoLat': 36.059722, 'GeoLong': -79.825556}"
286,287,WCAR,True,Western Carolina,Catamounts,,3.0,2.0,0.0,0.0,60000287,27.0,Southern,https://s3-us-west-2.amazonaws.com/static.fantasydata.com/logos/ncaa/287.png,WCAR,592C88,B9975B,,,"{'StadiumID': 146, 'Active': True, 'Name': 'Ramsey Center', 'Address': None, 'City': 'Cullowhee', 'State': 'NC', 'Zip': None, 'Country': None, 'Capacity': 7826, 'GeoLat': 35.303752, 'GeoLong': -83.18234}"
287,288,CITA,True,The Citadel,Bulldogs,,2.0,3.0,0.0,0.0,60000288,27.0,Southern,https://s3-us-west-2.amazonaws.com/static.fantasydata.com/logos/ncaa/288.png,CITA,7BADD3,FFFFFF,,,"{'StadiumID': 291, 'Active': True, 'Name': 'McAlister Field House', 'Address': None, 'City': 'Charleston', 'State': 'SC', 'Zip': None, 'Country': None, 'Capacity': 6000, 'GeoLat': 32.798508, 'GeoLong': -79.962573}"
288,289,SAMF,True,Samford,Bulldogs,,3.0,3.0,0.0,0.0,60000289,27.0,Southern,https://s3-us-west-2.amazonaws.com/static.fantasydata.com/logos/ncaa/289.png,SAMF,0C2340,BA0C2F,,,"{'StadiumID': 44, 'Active': True, 'Name': 'Pete Hanna Center', 'Address': None, 'City': 'Homewood', 'State': 'AL', 'Zip': None, 'Country': None, 'Capacity': 5000, 'GeoLat': 33.4638, 'GeoLong': -86.7973}"
289,290,VAMIL,True,VMI,Keydets,,3.0,3.0,0.0,0.0,60000290,27.0,Southern,https://s3-us-west-2.amazonaws.com/static.fantasydata.com/logos/ncaa/290.png,VAMIL,AE122A,FFFFFF,FFD619,,"{'StadiumID': 214, 'Active': True, 'Name': 'Cameron Hall', 'Address': None, 'City': 'Lexington', 'State': 'VA', 'Zip': None, 'Country': None, 'Capacity': 5000, 'GeoLat': 37.788333, 'GeoLong': -79.436389}"
290,291,SFAUS,True,Stephen F. Austin,Lumberjacks,,4.0,1.0,0.0,0.0,60000291,28.0,Southland,https://s3-us-west-2.amazonaws.com/static.fantasydata.com/logos/ncaa/291.png,SFAUS,5F259F,FFFFFF,,,"{'StadiumID': 241, 'Active': True, 'Name': 'Johnson Coliseum', 'Address': None, 'City': 'Nacogdoches', 'State': 'TX', 'Zip': None, 'Country': None, 'Capacity': 7203, 'GeoLat': 31.622222, 'GeoLong': -94.640833}"
291,292,TAMU,True,Texas A&M-Corpus Christi,Islanders,,1.0,4.0,0.0,0.0,60000292,28.0,Southland,https://s3-us-west-2.amazonaws.com/static.fantasydata.com/logos/ncaa/292.png,TAMU,0067C5,FFFFFF,007F3E,,"{'StadiumID': 191, 'Active': True, 'Name': 'American Bank Center', 'Address': None, 'City': 'Corpus Christi', 'State': 'TX', 'Zip': None, 'Country': None, 'Capacity': 7000, 'GeoLat': 27.807339, 'GeoLong': -97.393561}"
292,293,HOUBAP,True,Houston Christian,Huskies,,3.0,1.0,0.0,0.0,60000293,28.0,Southland,https://s3-us-west-2.amazonaws.com/static.fantasydata.com/logos/ncaa/293.png,HCU,062F87,FA4D09,,,"{'StadiumID': 168, 'Active': True, 'Name': 'Sharp Gymnasium', 'Address': None, 'City': 'Houston', 'State': 'TX', 'Zip': None, 'Country': None, 'Capacity': 1000, 'GeoLat': 29.695, 'GeoLong': -95.516944}"
293,294,INCAR,True,Incarnate Word,Cardinals,,3.0,2.0,0.0,0.0,60000294,28.0,Southland,https://s3-us-west-2.amazonaws.com/static.fantasydata.com/logos/ncaa/294.png,INCAR,CB333B,FFFFFF,000000,,"{'StadiumID': 255, 'Active': True, 'Name': 'McDermott Convocation Center', 'Address': None, 'City': 'San Antonio', 'State': 'TX', 'Zip': None, 'Country': None, 'Capacity': 2000, 'GeoLat': 29.468139, 'GeoLong': -98.469417}"
294,295,SMHO,True,Sam Houston,Bearkats,,2.0,2.0,0.0,0.0,60000295,13.0,Conference USA,https://s3-us-west-2.amazonaws.com/static.fantasydata.com/logos/ncaa/295.png,SMHO,F56423,FFFFFF,,,"{'StadiumID': 306, 'Active': True, 'Name': 'Bernard G. Johnson Coliseum', 'Address': None, 'City': 'Huntsville', 'State': 'TX', 'Zip': None, 'Country': None, 'Capacity': 6100, 'GeoLat': 30.712778, 'GeoLong': -95.546111}"
295,296,ABCHR,True,Abilene Christian,Wildcats,,3.0,2.0,0.0,0.0,60000296,33.0,Western Athletic,https://s3-us-west-2.amazonaws.com/static.fantasydata.com/logos/ncaa/296.png,ABCHR,4F2170,FFFFFF,,,"{'StadiumID': 133, 'Active': True, 'Name': 'Moody Coliseum (Abilene)', 'Address': None, 'City': 'Abilene', 'State': 'TX', 'Zip': None, 'Country': None, 'Capacity': 3600, 'GeoLat': 32.470333, 'GeoLong': -99.70925}"
296,297,NO,True,New Orleans,Privateers,,2.0,2.0,0.0,0.0,60000297,28.0,Southland,https://s3-us-west-2.amazonaws.com/static.fantasydata.com/logos/ncaa/297.png,NO,005CA6,A3A9AD,002F56,,"{'StadiumID': 310, 'Active': True, 'Name': 'Lakefront Arena', 'Address': None, 'City': 'New Orleans', 'State': 'LA', 'Zip': None, 'Country': None, 'Capacity': 8785, 'GeoLat': 30.03, 'GeoLong': -90.050556}"
297,298,CARK,True,Central Arkansas,Bears,,1.0,4.0,0.0,0.0,60000298,4.0,Atlantic Sun,https://s3-us-west-2.amazonaws.com/static.fantasydata.com/logos/ncaa/298.png,CARK,4F2D7F,818A8F,,,"{'StadiumID': 308, 'Active': True, 'Name': 'Farris Center', 'Address': None, 'City': 'Conway', 'State': 'AR', 'Zip': None, 'Country': None, 'Capacity': 5500, 'GeoLat': 35.081667, 'GeoLong': -92.459444}"
298,299,MCNST,True,McNeese State,Cowboys,,3.0,1.0,0.0,0.0,60000299,28.0,Southland,https://s3-us-west-2.amazonaws.com/static.fantasydata.com/logos/ncaa/299.png,MCNST,00529B,FFD204,,,"{'StadiumID': 374, 'Active': True, 'Name': 'The Legacy Center', 'Address': None, 'City': 'Lake Charles', 'State': 'LA', 'Zip': None, 'Country': None, 'Capacity': 4300, 'GeoLat': 30.1755, 'GeoLong': -93.2095}"
299,300,SELOU,True,Southeastern Louisiana,Lions,,1.0,4.0,0.0,0.0,60000300,28.0,Southland,https://s3-us-west-2.amazonaws.com/static.fantasydata.com/logos/ncaa/300.png,SELOU,215732,FFC72C,,,"{'StadiumID': 390, 'Active': True, 'Name': 'University Center (LA)', 'Address': None, 'City': 'Hammond', 'State': 'LA', 'Zip': None, 'Country': None, 'Capacity': 7500, 'GeoLat': 30.52, 'GeoLong': -90.472778}"
300,301,NWST,True,Northwestern State,Demons,,1.0,4.0,0.0,0.0,60000301,28.0,Southland,https://s3-us-west-2.amazonaws.com/static.fantasydata.com/logos/ncaa/301.png,NWST,492F92,FFFFFF,F78426,,"{'StadiumID': 270, 'Active': True, 'Name': 'Prather Coliseum', 'Address': None, 'City': 'Natchitoches', 'State': 'LA', 'Zip': None, 'Country': None, 'Capacity': 3400, 'GeoLat': 31.744028, 'GeoLong': -93.095167}"
301,302,NICHLS,True,Nicholls,Colonels,,0.0,4.0,0.0,0.0,60000302,28.0,Southland,https://s3-us-west-2.amazonaws.com/static.fantasydata.com/logos/ncaa/302.png,NICHLS,C41230,B2B2B2,,,"{'StadiumID': 411, 'Active': True, 'Name': 'Stopher Gymnasium', 'Address': None, 'City': 'Thibodaux', 'State': 'LA', 'Zip': None, 'Country': None, 'Capacity': 3800, 'GeoLat': 29.79235, 'GeoLong': -90.80135}"
302,303,LAMAR,True,Lamar,Cardinals,,2.0,1.0,0.0,0.0,60000303,28.0,Southland,https://s3-us-west-2.amazonaws.com/static.fantasydata.com/logos/ncaa/303.png,LAMAR,E31937,FFFFFF,,,"{'StadiumID': 395, 'Active': True, 'Name': 'Montagne Center', 'Address': None, 'City': 'Beaumont', 'State': 'TX', 'Zip': None, 'Country': None, 'Capacity': 10080, 'GeoLat': 30.043889, 'GeoLong': -94.070833}"
303,304,TXS,True,Texas Southern,Tigers,,0.0,5.0,0.0,0.0,60000304,29.0,Southwestern Athletic,https://s3-us-west-2.amazonaws.com/static.fantasydata.com/logos/ncaa/304.png,TXS,6F263D,A2AAAD,,,"{'StadiumID': 153, 'Active': True, 'Name': 'H&PE Arena', 'Address': None, 'City': 'Houston', 'State': 'TX', 'Zip': None, 'Country': None, 'Capacity': 8100, 'GeoLat': 29.722778, 'GeoLong': -95.365278}"
304,305,SOUTH,True,Southern,Jaguars,,2.0,3.0,0.0,0.0,60000305,29.0,Southwestern Athletic,https://s3-us-west-2.amazonaws.com/static.fantasydata.com/logos/ncaa/305.png,SOUTH,69B3E7,FFC72C,,,"{'StadiumID': 394, 'Active': True, 'Name': 'F. G. Clark Activity Center', 'Address': None, 'City': 'Baton Rouge', 'State': 'LA', 'Zip': None, 'Country': None, 'Capacity': 7500, 'GeoLat': 30.521667, 'GeoLong': -91.185556}"
305,306,JACKST,True,Jackson State,Tigers,,0.0,4.0,0.0,0.0,60000306,29.0,Southwestern Athletic,https://s3-us-west-2.amazonaws.com/static.fantasydata.com/logos/ncaa/306.png,JXST,002147,FFFFFF,008ED6,,"{'StadiumID': 389, 'Active': True, 'Name': 'Lee E. Williams Athletic and Assembly Center', 'Address': None, 'City': 'Jackson', 'State': 'MS', 'Zip': None, 'Country': None, 'Capacity': 8000, 'GeoLat': 32.299724, 'GeoLong': -90.211887}"
306,307,ALCST,True,Alcorn State,Braves,,0.0,6.0,0.0,0.0,60000307,29.0,Southwestern Athletic,https://s3-us-west-2.amazonaws.com/static.fantasydata.com/logos/ncaa/307.png,ALCST,512D6D,CC8A00,,,"{'StadiumID': 408, 'Active': True, 'Name': 'Davey L. Whitney Complex', 'Address': None, 'City': 'Lorman', 'State': 'MS', 'Zip': None, 'Country': None, 'Capacity': 7000, 'GeoLat': 31.873225, 'GeoLong': -91.13318}"
307,308,MSVLST,True,Mississippi Valley State,Delta Devils,,1.0,5.0,0.0,0.0,60000308,29.0,Southwestern Athletic,https://s3-us-west-2.amazonaws.com/static.fantasydata.com/logos/ncaa/308.png,MSVSU,046A38,FFFFFF,,,"{'StadiumID': 238, 'Active': True, 'Name': 'Harrison HPER Complex', 'Address': None, 'City': 'Itta Bena', 'State': 'MS', 'Zip': None, 'Country': None, 'Capacity': 5000, 'GeoLat': 33.51406, 'GeoLong': -90.189362}"
308,309,ALAAM,True,Alabama A&M,Bulldogs,,3.0,1.0,0.0,0.0,60000309,29.0,Southwestern Athletic,https://s3-us-west-2.amazonaws.com/static.fantasydata.com/logos/ncaa/309.png,ALAAM,660000,FFFFFF,,,"{'StadiumID': 578, 'Active': True, 'Name': 'Alabama A&M Event Center', 'Address': None, 'City': 'Huntsville', 'State': 'AL', 'Zip': None, 'Country': None, 'Capacity': 6000, 'GeoLat': 34.781139, 'GeoLong': -86.580528}"
309,310,ARPB,True,Arkansas-Pine Bluff,Golden Lions,,0.0,7.0,0.0,0.0,60000310,29.0,Southwestern Athletic,https://s3-us-west-2.amazonaws.com/static.fantasydata.com/logos/ncaa/310.png,ARPB,000000,EEB310,,,"{'StadiumID': 409, 'Active': True, 'Name': 'H. O. Clemmons Arena', 'Address': None, 'City': 'Pine Bluff', 'State': 'AR', 'Zip': None, 'Country': None, 'Capacity': 4100, 'GeoLat': 34.24672, 'GeoLong': -92.02346}"
310,311,ALAST,True,Alabama State,Hornets,,3.0,3.0,0.0,0.0,60000311,29.0,Southwestern Athletic,https://s3-us-west-2.amazonaws.com/static.fantasydata.com/logos/ncaa/311.png,ALASU,000000,C99700,,,"{'StadiumID': 427, 'Active': True, 'Name': 'Dunn-Oliver Acadome', 'Address': None, 'City': 'Montgomery', 'State': 'AL', 'Zip': None, 'Country': None, 'Capacity': 7400, 'GeoLat': 32.36185, 'GeoLong': -86.293158}"
311,312,GRMBST,True,Grambling State,Tigers,,3.0,2.0,0.0,0.0,60000312,29.0,Southwestern Athletic,https://s3-us-west-2.amazonaws.com/static.fantasydata.com/logos/ncaa/312.png,GRMBST,000000,ECAA00,DA291C,,"{'StadiumID': 396, 'Active': True, 'Name': 'Fredrick C. Hobdy Assembly Center', 'Address': None, 'City': 'Grambling', 'State': 'LA', 'Zip': None, 'Country': None, 'Capacity': 7600, 'GeoLat': 32.520284, 'GeoLong': -92.723578}"
312,313,PVAM,True,Prairie View A&M,Panthers,,2.0,3.0,0.0,0.0,60000313,29.0,Southwestern Athletic,https://s3-us-west-2.amazonaws.com/static.fantasydata.com/logos/ncaa/313.png,PVAM,4F2582,FEC325,,,"{'StadiumID': 417, 'Active': True, 'Name': 'William Nicks Building', 'Address': None, 'City': 'Prairie View', 'State': 'TX', 'Zip': None, 'Country': None, 'Capacity': 3500, 'GeoLat': 30.092278, 'GeoLong': -95.993083}"
313,314,SDKST,True,South Dakota State,Jackrabbits,,3.0,2.0,0.0,0.0,60000314,30.0,Summit,https://s3-us-west-2.amazonaws.com/static.fantasydata.com/logos/ncaa/314.png,SDKST,0032A0,FFD100,,,"{'StadiumID': 54, 'Active': True, 'Name': 'First Bank & Trust Arena', 'Address': None, 'City': 'Brookings', 'State': 'SD', 'Zip': None, 'Country': None, 'Capacity': 6063, 'GeoLat': 44.317984, 'GeoLong': -96.779058}"
314,315,IPFW,True,Purdue Fort Wayne,Mastodons,,2.0,4.0,0.0,0.0,60000315,14.0,Horizon League,https://s3-us-west-2.amazonaws.com/static.fantasydata.com/logos/ncaa/315.png,IPFW,CFB991,000000,,,"{'StadiumID': 416, 'Active': True, 'Name': 'Allen County War Memorial Coliseum', 'Address': None, 'City': 'Fort Wayne', 'State': 'IN', 'Zip': None, 'Country': None, 'Capacity': 13000, 'GeoLat': 41.115556, 'GeoLong': -85.124444}"
315,316,NEOM,True,Omaha,Mavericks,,2.0,3.0,0.0,0.0,60000316,30.0,Summit,https://s3-us-west-2.amazonaws.com/static.fantasydata.com/logos/ncaa/316.png,OMAHA,D71920,000000,,,"{'StadiumID': 217, 'Active': True, 'Name': 'Baxter Arena', 'Address': None, 'City': 'Omaha', 'State': 'NE', 'Zip': None, 'Country': None, 'Capacity': 7898, 'GeoLat': 41.236172, 'GeoLong': -96.01294}"
316,317,IUPUI,True,IU Indy,Jaguars,,2.0,5.0,0.0,0.0,60000317,14.0,Horizon League,https://s3-us-west-2.amazonaws.com/static.fantasydata.com/logos/ncaa/317.png,IUIND,fff,7D110C,,,"{'StadiumID': 148, 'Active': True, 'Name': 'Corteva Coliseum', 'Address': None, 'City': 'Indianapolis', 'State': 'IN', 'Zip': None, 'Country': None, 'Capacity': 6800, 'GeoLat': 39.8275, 'GeoLong': -86.135}"
317,318,NDKST,True,North Dakota State,Bison,,4.0,2.0,0.0,0.0,60000318,30.0,Summit,https://s3-us-west-2.amazonaws.com/static.fantasydata.com/logos/ncaa/318.png,NDKST,005643,FFC82E,,,"{'StadiumID': 178, 'Active': True, 'Name': 'Scheels Center', 'Address': None, 'City': 'Fargo', 'State': 'ND', 'Zip': None, 'Country': None, 'Capacity': 5644, 'GeoLat': 46.900442, 'GeoLong': -96.799025}"
318,319,DEN,True,Denver,Pioneers,,1.0,3.0,0.0,0.0,60000319,30.0,Summit,https://s3-us-west-2.amazonaws.com/static.fantasydata.com/logos/ncaa/319.png,DEN,BA0C2F,A89968,,,"{'StadiumID': 470, 'Active': True, 'Name': 'Hamilton Gymnasium', 'Address': None, 'City': 'Denver', 'State': 'CO', 'Zip': None, 'Country': None, 'Capacity': 2300, 'GeoLat': 39.682106, 'GeoLong': -104.961592}"
319,320,ORAL,True,Oral Roberts,Golden Eagles,,2.0,4.0,0.0,0.0,60000320,30.0,Summit,https://s3-us-west-2.amazonaws.com/static.fantasydata.com/logos/ncaa/320.png,ORAL,002462,DAC792,FFFFFF,,"{'StadiumID': 204, 'Active': True, 'Name': 'Mabee Center', 'Address': None, 'City': 'Tulsa', 'State': 'OK', 'Zip': None, 'Country': None, 'Capacity': 8781, 'GeoLat': 36.04789, 'GeoLong': -95.95573}"
320,321,SDAK,True,South Dakota,Coyotes,,3.0,3.0,0.0,0.0,60000321,30.0,Summit,https://s3-us-west-2.amazonaws.com/static.fantasydata.com/logos/ncaa/321.png,SDAK,AD0000,FFFFFF,,,"{'StadiumID': 192, 'Active': True, 'Name': 'Sanford Coyote Sports Center', 'Address': None, 'City': 'Vermillion', 'State': 'SD', 'Zip': None, 'Country': None, 'Capacity': 6004, 'GeoLat': 42.790111, 'GeoLong': -96.927806}"
321,322,WILL,True,Western Illinois,Leathernecks,,1.0,4.0,0.0,0.0,60000322,23.0,Ohio Valley,https://s3-us-west-2.amazonaws.com/static.fantasydata.com/logos/ncaa/322.png,WILL,663399,FFCC00,,,"{'StadiumID': 312, 'Active': True, 'Name': 'Western Hall', 'Address': None, 'City': 'Macomb', 'State': 'IL', 'Zip': None, 'Country': None, 'Capacity': 5139, 'GeoLat': 40.471589, 'GeoLong': -90.685201}"
322,323,ARLR,True,Little Rock,Trojans,,2.0,3.0,0.0,0.0,60000323,23.0,Ohio Valley,https://s3-us-west-2.amazonaws.com/static.fantasydata.com/logos/ncaa/323.png,ARLR,6E2639,A7A9AC,FFFFFF,,"{'StadiumID': 263, 'Active': True, 'Name': 'Jack Stephens Center', 'Address': None, 'City': 'Little Rock', 'State': 'AR', 'Zip': None, 'Country': None, 'Capacity': 5600, 'GeoLat': 34.727778, 'GeoLong': -92.339722}"
323,324,LOULAF,True,Louisiana-Lafayette,Ragin' Cajuns,,1.0,4.0,0.0,0.0,60000324,31.0,Sun Belt,https://s3-us-west-2.amazonaws.com/static.fantasydata.com/logos/ncaa/324.png,LOULAF,CE181E,FFFFFF,,,"{'StadiumID': 342, 'Active': True, 'Name': 'Cajundome', 'Address': None, 'City': 'Lafayette', 'State': 'LA', 'Zip': None, 'Country': None, 'Capacity': 12362, 'GeoLat': 30.218444, 'GeoLong': -92.039056}"
324,325,TXA,True,UT Arlington,Mavericks,,4.0,2.0,0.0,0.0,60000325,33.0,Western Athletic,https://s3-us-west-2.amazonaws.com/static.fantasydata.com/logos/ncaa/325.png,TXA,0064B1,FFFFFF,F58025,,"{'StadiumID': 332, 'Active': True, 'Name': 'College Park Center', 'Address': None, 'City': 'Arlington', 'State': 'TX', 'Zip': None, 'Country': None, 'Capacity': 7000, 'GeoLat': 32.730586, 'GeoLong': -97.107972}"
325,326,LAMON,True,Louisiana-Monroe,Warhawks,,1.0,4.0,0.0,0.0,60000326,31.0,Sun Belt,https://s3-us-west-2.amazonaws.com/static.fantasydata.com/logos/ncaa/326.png,LAMON,840029,FDB913,,,"{'StadiumID': 369, 'Active': True, 'Name': 'Fant-Ewing Coliseum', 'Address': None, 'City': 'Monroe', 'State': 'LA', 'Zip': None, 'Country': None, 'Capacity': 7000, 'GeoLat': 32.531, 'GeoLong': -92.069}"
326,327,ARKST,True,Arkansas State,Red Wolves,,3.0,2.0,0.0,0.0,60000327,31.0,Sun Belt,https://s3-us-west-2.amazonaws.com/static.fantasydata.com/logos/ncaa/327.png,ARKST,CC092F,000000,,,"{'StadiumID': 350, 'Active': True, 'Name': 'First National Bank Arena', 'Address': None, 'City': 'Jonesboro', 'State': 'AR', 'Zip': None, 'Country': None, 'Capacity': 10563, 'GeoLat': 35.845422, 'GeoLong': -90.670319}"
327,328,GAST,True,Georgia State,Panthers,,1.0,4.0,0.0,0.0,60000328,31.0,Sun Belt,https://s3-us-west-2.amazonaws.com/static.fantasydata.com/logos/ncaa/328.png,GAST,0039A6,FFFFFF,,,"{'StadiumID': 559, 'Active': True, 'Name': 'GSU Convocation Center', 'Address': None, 'City': 'Atlanta', 'State': 'GA', 'Zip': None, 'Country': None, 'Capacity': 7500, 'GeoLat': None, 'GeoLong': None}"
328,329,GAS,True,Georgia Southern,Eagles,,3.0,2.0,0.0,0.0,60000329,31.0,Sun Belt,https://s3-us-west-2.amazonaws.com/static.fantasydata.com/logos/ncaa/329.png,GAS,041E42,FFFFFF,,,"{'StadiumID': 197, 'Active': True, 'Name': 'W. S. Hanner Fieldhouse', 'Address': None, 'City': 'Statesboro', 'State': 'GA', 'Zip': None, 'Country': None, 'Capacity': 4325, 'GeoLat': 32.427778, 'GeoLong': -81.779444}"
329,330,SALA,True,South Alabama,Jaguars,,6.0,0.0,0.0,0.0,60000330,31.0,Sun Belt,https://s3-us-west-2.amazonaws.com/static.fantasydata.com/logos/ncaa/330.png,SALA,00205B,FFFFFF,BF0D3E,,"{'StadiumID': 341, 'Active': True, 'Name': 'Mitchell Center', 'Address': None, 'City': 'Mobile', 'State': 'AL', 'Zip': None, 'Country': None, 'Capacity': 10000, 'GeoLat': 30.69229, 'GeoLong': -88.17975}"
330,331,APPLST,True,Appalachian State,Mountaineers,,3.0,2.0,0.0,0.0,60000331,31.0,Sun Belt,https://s3-us-west-2.amazonaws.com/static.fantasydata.com/logos/ncaa/331.png,APPLST,222222,FFCC00,,,"{'StadiumID': 348, 'Active': True, 'Name': 'Holmes Convocation Center', 'Address': None, 'City': 'Boone', 'State': 'NC', 'Zip': None, 'Country': None, 'Capacity': 8325, 'GeoLat': 36.210624, 'GeoLong': -81.675952}"
331,332,TXST,True,Texas State,Bobcats,,4.0,2.0,0.0,0.0,60000332,31.0,Sun Belt,https://s3-us-west-2.amazonaws.com/static.fantasydata.com/logos/ncaa/332.png,TXST,501214,6A5638,,,"{'StadiumID': 131, 'Active': True, 'Name': 'Strahan Arena at the University Events Center', 'Address': None, 'City': 'San Marcos', 'State': 'TX', 'Zip': None, 'Country': None, 'Capacity': 10000, 'GeoLat': 29.888611, 'GeoLong': -97.932778}"
332,333,TROY,True,Troy,Trojans,,4.0,3.0,0.0,0.0,60000333,31.0,Sun Belt,https://s3-us-west-2.amazonaws.com/static.fantasydata.com/logos/ncaa/333.png,TROY,98002E,999999,000000,,"{'StadiumID': 223, 'Active': True, 'Name': 'Trojan Arena', 'Address': None, 'City': 'Troy', 'State': 'AL', 'Zip': None, 'Country': None, 'Capacity': 5200, 'GeoLat': 31.802222, 'GeoLong': -85.954722}"
333,334,GNZG,True,Gonzaga,Bulldogs,13.0,5.0,0.0,0.0,0.0,60000334,32.0,West Coast,https://s3-us-west-2.amazonaws.com/static.fantasydata.com/logos/ncaa/334.png,GNZG,041E42,FFFFFF,C8102E,,"{'StadiumID': 3, 'Active': True, 'Name': 'McCarthey Athletic Center', 'Address': None, 'City': 'Spokane', 'State': 'WA', 'Zip': None, 'Country': None, 'Capacity': 6000, 'GeoLat': 47.665, 'GeoLong': -117.399}"
334,335,STMRY,True,Saint Mary's,Gaels,,5.0,0.0,0.0,0.0,60000335,32.0,West Coast,https://s3-us-west-2.amazonaws.com/static.fantasydata.com/logos/ncaa/335.png,STMRY,06315B,D80024,8A8D8F,,"{'StadiumID': 96, 'Active': True, 'Name': 'University Credit Union Pavilion', 'Address': ""1928 Saint Mary's Road"", 'City': 'Moraga', 'State': 'CA', 'Zip': '94575', 'Country': 'USA', 'Capacity': 3500, 'GeoLat': 37.841247, 'GeoLong': -122.106409}"
335,336,BYU,True,BYU,Cougars,9.0,3.0,1.0,0.0,0.0,60000336,10.0,Big 12,https://s3-us-west-2.amazonaws.com/static.fantasydata.com/logos/ncaa/336.png,BYU,002E5D,FFFFFF,,,"{'StadiumID': 140, 'Active': True, 'Name': 'Marriott Center', 'Address': None, 'City': 'Provo', 'State': 'UT', 'Zip': None, 'Country': None, 'Capacity': 18987, 'GeoLat': 40.254, 'GeoLong': -111.649}"
336,337,PEPP,True,Pepperdine,Waves,,3.0,2.0,0.0,0.0,60000337,32.0,West Coast,https://s3-us-west-2.amazonaws.com/static.fantasydata.com/logos/ncaa/337.png,PEPP,00205C,FFFFFF,EE7624,,"{'StadiumID': 287, 'Active': True, 'Name': 'Firestone Fieldhouse', 'Address': None, 'City': 'Malibu', 'State': 'CA', 'Zip': None, 'Country': None, 'Capacity': 3104, 'GeoLat': 34.038571, 'GeoLong': -118.709625}"
337,338,SF,True,San Francisco,Dons,,4.0,1.0,0.0,0.0,60000338,32.0,West Coast,https://s3-us-west-2.amazonaws.com/static.fantasydata.com/logos/ncaa/338.png,SF,00543C,FDBB30,,,"{'StadiumID': 160, 'Active': True, 'Name': 'War Memorial Gymnasium', 'Address': None, 'City': 'San Francisco', 'State': 'CA', 'Zip': None, 'Country': None, 'Capacity': 3006, 'GeoLat': 37.776944, 'GeoLong': -122.449444}"
338,339,PACFC,True,Pacific,Tigers,,3.0,2.0,0.0,0.0,60000339,32.0,West Coast,https://s3-us-west-2.amazonaws.com/static.fantasydata.com/logos/ncaa/339.png,PACFC,000000,F47920,,,"{'StadiumID': 261, 'Active': True, 'Name': 'Alex G. Spanos Center', 'Address': None, 'City': 'Stockton', 'State': 'CA', 'Zip': None, 'Country': None, 'Capacity': 6150, 'GeoLat': 37.976669, 'GeoLong': -121.315095}"
339,340,PORT,True,Portland,Pilots,,3.0,1.0,0.0,0.0,60000340,32.0,West Coast,https://s3-us-west-2.amazonaws.com/static.fantasydata.com/logos/ncaa/340.png,PORT,330072,FFFFFF,,,"{'StadiumID': 254, 'Active': True, 'Name': 'Chiles Center', 'Address': None, 'City': 'Portland', 'State': 'OR', 'Zip': None, 'Country': None, 'Capacity': 4852, 'GeoLat': 45.575, 'GeoLong': -122.728}"
340,341,SANCLR,True,Santa Clara,Broncos,,5.0,0.0,0.0,0.0,60000341,32.0,West Coast,https://s3-us-west-2.amazonaws.com/static.fantasydata.com/logos/ncaa/341.png,SANCLR,862633,FFFFFF,,,"{'StadiumID': 139, 'Active': True, 'Name': 'Leavey Center', 'Address': None, 'City': 'Santa Clara', 'State': 'CA', 'Zip': None, 'Country': None, 'Capacity': 4200, 'GeoLat': 37.349111, 'GeoLong': -121.935303}"
341,342,SD,True,San Diego,Toreros,,3.0,1.0,0.0,0.0,60000342,32.0,West Coast,https://s3-us-west-2.amazonaws.com/static.fantasydata.com/logos/ncaa/342.png,SD,003B70,FFFFFF,75BEE9,,"{'StadiumID': 78, 'Active': True, 'Name': 'Jenny Craig Pavilion', 'Address': None, 'City': 'San Diego', 'State': 'CA', 'Zip': None, 'Country': None, 'Capacity': 5100, 'GeoLat': 32.7745, 'GeoLong': -117.1837}"
342,343,LOYMRY,True,Loyola Marymount,Lions,,6.0,0.0,0.0,0.0,60000343,32.0,West Coast,https://s3-us-west-2.amazonaws.com/static.fantasydata.com/logos/ncaa/343.png,LOYMRY,AB0C2F,0076A5,,,"{'StadiumID': 257, 'Active': True, 'Name': 'Gersten Pavilion', 'Address': None, 'City': 'Los Angeles', 'State': 'CA', 'Zip': None, 'Country': None, 'Capacity': 4156, 'GeoLat': 33.9675, 'GeoLong': -118.415556}"
343,344,NMXST,True,New Mexico State,Aggies,,3.0,0.0,0.0,0.0,60000344,13.0,Conference USA,https://s3-us-west-2.amazonaws.com/static.fantasydata.com/logos/ncaa/344.png,NMXST,8C0B42,FFFFFF,,,"{'StadiumID': 77, 'Active': True, 'Name': 'Pan American Center', 'Address': None, 'City': 'Las Cruces', 'State': 'NM', 'Zip': None, 'Country': None, 'Capacity': 12572, 'GeoLat': 32.284, 'GeoLong': -106.7422}"
344,345,GCAN,True,Grand Canyon,Antelopes,,2.0,2.0,0.0,0.0,60000345,21.0,Mountain West,https://s3-us-west-2.amazonaws.com/static.fantasydata.com/logos/ncaa/345.png,GCAN,522398,000000,FFFFFF,,"{'StadiumID': 172, 'Active': True, 'Name': 'GCU Arena', 'Address': None, 'City': 'Phoenix', 'State': 'AZ', 'Zip': None, 'Country': None, 'Capacity': 7000, 'GeoLat': 33.510152, 'GeoLong': -112.128884}"
345,346,CSU,True,Bakersfield,Roadrunners,,2.0,3.0,0.0,0.0,60000346,11.0,Big West,https://s3-us-west-2.amazonaws.com/static.fantasydata.com/logos/ncaa/346.png,CSU,003594,FFC72C,,,"{'StadiumID': 375, 'Active': True, 'Name': 'Icardo Center', 'Address': None, 'City': 'Bakersfield', 'State': 'CA', 'Zip': None, 'Country': None, 'Capacity': 3497, 'GeoLat': 35.3475, 'GeoLong': -119.102778}"
346,347,SEA,True,Seattle,Redhawks,,3.0,1.0,0.0,0.0,60000347,32.0,West Coast,https://s3-us-west-2.amazonaws.com/static.fantasydata.com/logos/ncaa/347.png,SEA,AA0000,FFFFFF,,,"{'StadiumID': 266, 'Active': True, 'Name': 'Redhawk Center', 'Address': None, 'City': 'Seattle', 'State': 'WA', 'Zip': None, 'Country': None, 'Capacity': 999, 'GeoLat': 47.607222, 'GeoLong': -122.313333}"
347,348,UTAHV,True,Utah Valley,Wolverines,,3.0,2.0,0.0,0.0,60000348,33.0,Western Athletic,https://s3-us-west-2.amazonaws.com/static.fantasydata.com/logos/ncaa/348.png,UTAHV,275D38,FFFFFF,,,"{'StadiumID': 276, 'Active': True, 'Name': 'UCCU Center', 'Address': None, 'City': 'Orem', 'State': 'UT', 'Zip': None, 'Country': None, 'Capacity': 7500, 'GeoLat': 40.278724, 'GeoLong': -111.716956}"
348,350,UTRGV,True,Texas-Rio Grande Valley,Vaqueros,,2.0,2.0,0.0,0.0,60000350,28.0,Southland,https://s3-us-west-2.amazonaws.com/static.fantasydata.com/logos/ncaa/350.png,UTRGV,F05023,646469,,,"{'StadiumID': 53, 'Active': True, 'Name': 'UTRGV Fieldhouse', 'Address': None, 'City': 'Edinburg', 'State': 'TX', 'Zip': None, 'Country': None, 'Capacity': 2500, 'GeoLat': 26.310278, 'GeoLong': -98.178056}"
349,351,CHIST,True,Chicago State,Cougars,,0.0,6.0,0.0,0.0,60000351,22.0,Northeast,https://s3-us-west-2.amazonaws.com/static.fantasydata.com/logos/ncaa/351.png,CHIST,006666,FFFFFF,,,"{'StadiumID': 333, 'Active': True, 'Name': 'Jones Convocation Center', 'Address': None, 'City': 'Chicago', 'State': 'IL', 'Zip': None, 'Country': None, 'Capacity': 7000, 'GeoLat': 41.7165, 'GeoLong': -87.6084}"
350,352,EMPST,True,Emporia St.,Hornets,,,,,,60000352,,,https://s3-us-west-2.amazonaws.com/static.fantasydata.com/logos/ncaa/0.png,EMPST,,,,,
351,353,CHAM,True,Chaminade,Silverswords,,,,,,60000353,,,https://s3-us-west-2.amazonaws.com/static.fantasydata.com/logos/ncaa/0.png,CHAM,,,,,"{'StadiumID': 421, 'Active': True, 'Name': 'Lahaina Civic Center', 'Address': None, 'City': 'Maui', 'State': 'HI', 'Zip': None, 'Country': None, 'Capacity': 2400, 'GeoLat': 20.904995, 'GeoLong': -156.683852}"
352,354,HDSM,True,Hardin-Simmons,Cowboys,,,,,,60000354,,,https://s3-us-west-2.amazonaws.com/static.fantasydata.com/logos/ncaa/354.png,HDSM,,,,,
353,355,FRMN,False,Francis Marion,Patriots,,,,,,60000355,,,https://s3-us-west-2.amazonaws.com/static.fantasydata.com/logos/ncaa/0.png,FRMN,,,,,
354,356,BOWST,True,Bowie St.,Bulldogs,,,,,,60000356,,,https://s3-us-west-2.amazonaws.com/static.fantasydata.com/logos/ncaa/0.png,BOWST,,,,,
355,357,YORK,False,York College,Spartans,,,,,,60000357,,,https://s3-us-west-2.amazonaws.com/static.fantasydata.com/logos/ncaa/0.png,YORK,,,,,
356,361,ALLEN,True,Allen,Yellow Jackets,,,,,,60000361,,,https://s3-us-west-2.amazonaws.com/static.fantasydata.com/logos/ncaa/0.png,ALLEN,,,,,
357,362,UMKC,True,Kansas City,Roos,,1.0,4.0,0.0,0.0,60000362,30.0,Summit,https://s3-us-west-2.amazonaws.com/static.fantasydata.com/logos/ncaa/362.png,UMKC,004B87,FFC72C,,,"{'StadiumID': 426, 'Active': True, 'Name': 'Swinney Recreation Center', 'Address': None, 'City': 'Kansas City', 'State': 'MO', 'Zip': None, 'Country': None, 'Capacity': 1500, 'GeoLat': 39.03555, 'GeoLong': -94.57876}"
358,391,NMH,True,New Mexico Highlands,Cowboys,,,,,,60000391,,,https://s3-us-west-2.amazonaws.com/static.fantasydata.com/logos/ncaa/391.png,NMH,,,,,
359,392,TXAMC,True,East Texas A&M,Lions,,2.0,3.0,0.0,0.0,60000392,28.0,Southland,https://s3-us-west-2.amazonaws.com/static.fantasydata.com/logos/ncaa/392.png,TXAMC,0A2846,EDAC09,,,"{'StadiumID': 554, 'Active': True, 'Name': 'The Field House', 'Address': None, 'City': 'Commerce', 'State': 'TX', 'Zip': None, 'Country': None, 'Capacity': 3055, 'GeoLat': None, 'GeoLong': None}"
360,393,NWOST,False,Northwestern Oklahoma State,Rangers,,,,,,60000393,,,https://s3-us-west-2.amazonaws.com/static.fantasydata.com/logos/ncaa/393.png,NWOST,,,,,
361,394,CABAP,True,California Baptist,Lancers,,4.0,0.0,0.0,0.0,60000394,33.0,Western Athletic,https://s3-us-west-2.amazonaws.com/static.fantasydata.com/logos/ncaa/394.png,CABAP,002554,A07400,,,"{'StadiumID': 345, 'Active': True, 'Name': 'Dale E. and Sarah Ann Fowler Events Center', 'Address': None, 'City': 'Riverside', 'State': 'CA', 'Zip': None, 'Country': None, 'Capacity': 5050, 'GeoLat': 33.5548, 'GeoLong': -117.253}"
362,396,NAL,True,North Alabama,Lions,,2.0,3.0,0.0,0.0,60000396,4.0,Atlantic Sun,https://s3-us-west-2.amazonaws.com/static.fantasydata.com/logos/ncaa/396.png,NAL,46166B,DB9F11,,,"{'StadiumID': 327, 'Active': True, 'Name': 'Flowers Hall', 'Address': None, 'City': 'Florence', 'State': 'AL', 'Zip': None, 'Country': None, 'Capacity': 2229, 'GeoLat': 34.80569, 'GeoLong': -87.68113}"
363,397,GBP,True,Greensboro,Pride,,,,,,60000397,,,https://s3-us-west-2.amazonaws.com/static.fantasydata.com/logos/ncaa/0.png,GBP,,,,,
364,398,CWW,True,Cental Washington,Wildcats,,,,,,60000398,,,https://s3-us-west-2.amazonaws.com/static.fantasydata.com/logos/ncaa/0.png,CWW,,,,,
365,399,CALVW,True,Calvary,Warriors,,,,,,60000399,,,https://s3-us-west-2.amazonaws.com/static.fantasydata.com/logos/ncaa/0.png,CALV,,,,,
366,400,CCT,True,Champion Christian College,Tigers,,,,,,60000400,,,https://s3-us-west-2.amazonaws.com/static.fantasydata.com/logos/ncaa/0.png,CCT,,,,,
367,401,MGS,True,Middle Georgia State,Knights,,,,,,60000401,,,https://s3-us-west-2.amazonaws.com/static.fantasydata.com/logos/ncaa/0.png,MGS,,,,,
368,402,CALTECH,True,Cal Tech,Beavers,,,,,,60000402,,,https://s3-us-west-2.amazonaws.com/static.fantasydata.com/logos/ncaa/0.png,CALTECH,,,,,
369,403,HHILO,True,Hawaii Hilo,Vulcans,,,,,,60000403,,,https://s3-us-west-2.amazonaws.com/static.fantasydata.com/logos/ncaa/0.png,HHILO,,,,,
370,404,WILCAR,True,William Carey,Crusaders,,,,,,60000404,,,https://s3-us-west-2.amazonaws.com/static.fantasydata.com/logos/ncaa/0.png,WILCAR,,,,,
371,405,PINE,True,Pine Manor,Gators,,,,,,60000405,,,https://s3-us-west-2.amazonaws.com/static.fantasydata.com/logos/ncaa/0.png,PINE,,,,,
372,406,STEDWA,True,St. Edwards,Hilltoppers,,,,,,60000406,,,https://s3-us-west-2.amazonaws.com/static.fantasydata.com/logos/ncaa/0.png,STEDWA,,,,,
373,407,TRINB,True,Trinity Baptist,Eagles,,,,,,60000407,,,https://s3-us-west-2.amazonaws.com/static.fantasydata.com/logos/ncaa/0.png,TRINB,,,,,
374,408,EWUN,True,East-West,Phantoms,,,,,,60000408,,,https://s3-us-west-2.amazonaws.com/static.fantasydata.com/logos/ncaa/0.png,EWU,,,,,
375,409,SDCHR,True,San Diego Christian,Hawks,,,,,,60000409,,,https://s3-us-west-2.amazonaws.com/static.fantasydata.com/logos/ncaa/0.png,SDCHR,,,,,
376,410,HTILLO,True,Huston-Tillotson,Rams,,,,,,60000410,,,https://s3-us-west-2.amazonaws.com/static.fantasydata.com/logos/ncaa/0.png,HTILLO,,,,,
377,411,WMT,True,Montana-Western,Bulldogs,,,,,,60000411,,,https://s3-us-west-2.amazonaws.com/static.fantasydata.com/logos/ncaa/0.png,WMT,,,,,
378,412,BETH,True,Bethesda,Lion Angels,,,,,,60000412,,,https://s3-us-west-2.amazonaws.com/static.fantasydata.com/logos/ncaa/0.png,BETH,,,,,
379,413,ALBI,True,Albion,Britons,,,,,,60000413,,,https://s3-us-west-2.amazonaws.com/static.fantasydata.com/logos/ncaa/0.png,ALB,,,,,
380,414,WILB,True,Wilberforce,Bulldogs,,,,,,60000414,,,https://s3-us-west-2.amazonaws.com/static.fantasydata.com/logos/ncaa/0.png,WILB,,,,,
381,415,RUST,True,Rust College,Bearcats,,,,,,60000415,,,https://s3-us-west-2.amazonaws.com/static.fantasydata.com/logos/ncaa/0.png,RUST,,,,,
382,416,HARTWI,True,Hartwick,Hawks,,,,,,60000416,,,https://s3-us-west-2.amazonaws.com/static.fantasydata.com/logos/ncaa/0.png,HARTWI,,,,,
383,417,REGEN,True,Regent,Royals,,,,,,60000417,,,https://s3-us-west-2.amazonaws.com/static.fantasydata.com/logos/ncaa/0.png,REGEN,,,,,
384,418,CLU,True,Cal Lutheran,Kingsmen,,,,,,60000418,,,https://s3-us-west-2.amazonaws.com/static.fantasydata.com/logos/ncaa/0.png,CLU,,,,,
385,419,PORTBI,True,Portland Bible,Arrows,,,,,,60000419,,,https://s3-us-west-2.amazonaws.com/static.fantasydata.com/logos/ncaa/0.png,PORTB,,,,,
386,420,REIN,True,Reinhardt,Eagles,,,,,,60000420,,,https://s3-us-west-2.amazonaws.com/static.fantasydata.com/logos/ncaa/0.png,REIN,,,,,
387,421,CAIR,True,Cairn,Highlanders,,,,,,60000421,,,https://s3-us-west-2.amazonaws.com/static.fantasydata.com/logos/ncaa/0.png,CAIRN,,,,,
388,422,CIDAH,True,College of Idaho,Coyotes,,,,,,60000422,,,https://s3-us-west-2.amazonaws.com/static.fantasydata.com/logos/ncaa/0.png,CIDAH,,,,,
389,423,FONT,True,Fontbonne,Griffins,,,,,,60000423,,,https://s3-us-west-2.amazonaws.com/static.fantasydata.com/logos/ncaa/0.png,FONT,,,,,
390,424,TRINTX,True,Trinity (TX),Tigers,,,,,,60000424,,,https://s3-us-west-2.amazonaws.com/static.fantasydata.com/logos/ncaa/0.png,TRINTX,,,,,
391,425,CENT,True,Centenary,Gentlemen,,,,,,60000425,,,https://s3-us-west-2.amazonaws.com/static.fantasydata.com/logos/ncaa/0.png,CENT,,,,,
392,426,MRCD,True,California Merced,Bobcats,,,,,,60000426,,,https://s3-us-west-2.amazonaws.com/static.fantasydata.com/logos/ncaa/0.png,MRCD,,,,,
393,427,LEMYN,True,Le Moyne,Dolphins,,2.0,3.0,0.0,0.0,60000427,22.0,Northeast,https://s3-us-west-2.amazonaws.com/static.fantasydata.com/logos/ncaa/427.png,LEMYN,00452A,FFF30D,,,"{'StadiumID': 587, 'Active': True, 'Name': 'Ted Grant Court', 'Address': None, 'City': 'Syracuse', 'State': 'NY', 'Zip': None, 'Country': None, 'Capacity': 2637, 'GeoLat': None, 'GeoLong': None}"
394,428,JANDW,True,Johnson & Wales (NC),Wildcats,,,,,,60000428,,,https://s3-us-west-2.amazonaws.com/static.fantasydata.com/logos/ncaa/0.png,JANDW,,,,,
395,429,CSSM,True,Cal State San Marcos,Cougars,,,,,,60000429,,,https://s3-us-west-2.amazonaws.com/static.fantasydata.com/logos/ncaa/0.png,CSSM,,,,,
396,430,LOYOLO,True,Loyola (LA),Wolfpack,,,,,,60000430,,,https://s3-us-west-2.amazonaws.com/static.fantasydata.com/logos/ncaa/0.png,LOYOLO,,,,,
397,431,TXPB,True,Texas-Permian Basin,Falcons,,,,,,60000431,,,https://s3-us-west-2.amazonaws.com/static.fantasydata.com/logos/ncaa/0.png,TXPB,,,,,
398,432,BOB,True,Bob Jones,Bruins,,,,,,60000432,,,https://s3-us-west-2.amazonaws.com/static.fantasydata.com/logos/ncaa/0.png,BOB,,,,,
399,433,FVST,True,Fort Valley State,Wildcats,,,,,,60000433,,,https://s3-us-west-2.amazonaws.com/static.fantasydata.com/logos/ncaa/0.png,FVST,,,,,
400,434,WARWIL,True,Warren Wilson,Owls,,,,,,60000434,,,https://s3-us-west-2.amazonaws.com/static.fantasydata.com/logos/ncaa/0.png,WARWIL,,,,,
401,435,KYCH,True,Kentucky Christian,Knights,,,,,,60000435,,,https://s3-us-west-2.amazonaws.com/static.fantasydata.com/logos/ncaa/0.png,KYCH,,,,,
402,436,KOKO,True,Indiana-Kokomo,Cougars,,,,,,60000436,,,https://s3-us-west-2.amazonaws.com/static.fantasydata.com/logos/ncaa/0.png,KOKO,,,,,
403,437,VOORHE,True,Voorhees College,Tigers,,,,,,60000437,,,https://s3-us-west-2.amazonaws.com/static.fantasydata.com/logos/ncaa/0.png,VOORHE,,,,,
404,440,FRSTBG,True,Frostburg State,Bobcats,,,,,,60000440,,,https://s3-us-west-2.amazonaws.com/static.fantasydata.com/logos/ncaa/0.png,FRSTBG,,,,,
405,441,UMFK,True,Maine-Fort Kent,Bengals,,,,,,60000441,,,https://s3-us-west-2.amazonaws.com/static.fantasydata.com/logos/ncaa/0.png,UMFK,,,,,
406,442,SCHREI,True,Schreiner,Mountaineers,,,,,,60000442,,,https://s3-us-west-2.amazonaws.com/static.fantasydata.com/logos/ncaa/0.png,SCHREI,,,,,
407,443,TRUST,True,Truman State,Bulldogs,,,,,,60000443,,,https://s3-us-west-2.amazonaws.com/static.fantasydata.com/logos/ncaa/0.png,TRUST,,,,,
408,444,CENST,True,Central State,Marauders,,,,,,60000444,,,https://s3-us-west-2.amazonaws.com/static.fantasydata.com/logos/ncaa/0.png,CENST,,,,,
409,445,DUB,True,Dubuque,Spartans,,,,,,60000445,,,https://s3-us-west-2.amazonaws.com/static.fantasydata.com/logos/ncaa/0.png,DUB,,,,,
410,446,HSST,True,Harris-Stowe,Hornets,,,,,,60000446,,,https://s3-us-west-2.amazonaws.com/static.fantasydata.com/logos/ncaa/0.png,HSST,,,,,
411,447,MIDAMC,True,Mid-America Christian,Evangels,,,,,,60000447,,,https://s3-us-west-2.amazonaws.com/static.fantasydata.com/logos/ncaa/0.png,MIDAMC,,,,,
412,448,CONCAU,True,Concordia (TX),Tornados,,,,,,60000448,,,https://s3-us-west-2.amazonaws.com/static.fantasydata.com/logos/ncaa/0.png,CONCAU,,,,,
413,449,CARV,True,Carver College,Cougars,,,,,,60000449,,,https://s3-us-west-2.amazonaws.com/static.fantasydata.com/logos/ncaa/0.png,CARV,,,,,"{'StadiumID': 528, 'Active': True, 'Name': 'Martin Carter Gymnasium', 'Address': None, 'City': 'Atlanta', 'State': 'GA', 'Zip': None, 'Country': None, 'Capacity': None, 'GeoLat': 33.7233, 'GeoLong': -84.5154}"
414,450,CHRIS,True,Christendom College,Crusaders,,,,,,60000450,,,https://s3-us-west-2.amazonaws.com/static.fantasydata.com/logos/ncaa/0.png,CHRIS,,,,,
415,451,WSS,True,Winston-Salem State,Rams,,,,,,60000451,,,https://s3-us-west-2.amazonaws.com/static.fantasydata.com/logos/ncaa/0.png,WSS,,,,,
416,452,GLEN,True,Glenville State,Pioneers,,,,,,60000452,,,https://s3-us-west-2.amazonaws.com/static.fantasydata.com/logos/ncaa/0.png,GLEN,,,,,
417,453,TIFFIN,True,Tiffin,Dragons,,,,,,60000453,,,https://s3-us-west-2.amazonaws.com/static.fantasydata.com/logos/ncaa/0.png,TIFFIN,,,,,
418,454,BLOM,True,Bloomsburg,Huskies,,,,,,60000454,,,https://s3-us-west-2.amazonaws.com/static.fantasydata.com/logos/ncaa/0.png,BLOOM,,,,,
419,455,BPARK,True,Brewton-Parker College,Barons,,,,,,60000455,,,https://s3-us-west-2.amazonaws.com/static.fantasydata.com/logos/ncaa/0.png,BPARK,,,,,
420,456,HIWA,True,Hiwassee College,Tigers,,,,,,60000456,,,https://s3-us-west-2.amazonaws.com/static.fantasydata.com/logos/ncaa/0.png,HIWA,,,,,
421,457,MOSCT,True,Missouri Science & Technology,Miners,,,,,,60000457,,,https://s3-us-west-2.amazonaws.com/static.fantasydata.com/logos/ncaa/0.png,MOS&T,,,,,
422,458,BENE,True,Benedictine Mesa,Redhawks,,,,,,60000458,,,https://s3-us-west-2.amazonaws.com/static.fantasydata.com/logos/ncaa/0.png,BENE,,,,,
423,459,FLCOL,True,Florida College,Falcons,,,,,,60000459,,,https://s3-us-west-2.amazonaws.com/static.fantasydata.com/logos/ncaa/0.png,FLCOL,,,,,
424,460,LIFE,True,Life Pacific,Warriors,,,,,,60000460,,,https://s3-us-west-2.amazonaws.com/static.fantasydata.com/logos/ncaa/0.png,LIFE,,,,,
425,461,MILE,True,Miles,Golden Bears,,,,,,60000461,,,https://s3-us-west-2.amazonaws.com/static.fantasydata.com/logos/ncaa/0.png,MILE,,,,,
426,462,AVC,True,Averett,Cougars,,,,,,60000462,,,https://s3-us-west-2.amazonaws.com/static.fantasydata.com/logos/ncaa/0.png,AVC,,,,,
427,463,HNAMES,True,Holy Names,Hawks,,,,,,60000463,,,https://s3-us-west-2.amazonaws.com/static.fantasydata.com/logos/ncaa/0.png,HNAMES,,,,,
428,464,MILLIG,True,Milligan,Buffaloes,,,,,,60000464,,,https://s3-us-west-2.amazonaws.com/static.fantasydata.com/logos/ncaa/0.png,MILLIG,,,,,
429,465,NCWESL,True,North Carolina Wesleyan,Battling Bishops,,,,,,60000465,,,https://s3-us-west-2.amazonaws.com/static.fantasydata.com/logos/ncaa/0.png,NCWESL,,,,,
430,466,ROCHEL,True,College of New Rochelle,Blue Angels,,,,,,60000466,,,https://s3-us-west-2.amazonaws.com/static.fantasydata.com/logos/ncaa/0.png,ROCHEL,,,,,
431,467,WJU,True,William Jessup,Warriors,,,,,,60000467,,,https://s3-us-west-2.amazonaws.com/static.fantasydata.com/logos/ncaa/0.png,WJU,,,,,
432,468,MOBILE,True,Mobile,Rams,,,,,,60000468,,,https://s3-us-west-2.amazonaws.com/static.fantasydata.com/logos/ncaa/0.png,MOBILE,,,,,
433,469,FLMEM,True,Florida Memorial,Lions,,,,,,60000469,,,https://s3-us-west-2.amazonaws.com/static.fantasydata.com/logos/ncaa/0.png,FLMEM,,,,,
434,470,SPHIL,True,Spring Hill,Badgers,,,,,,60000470,,,https://s3-us-west-2.amazonaws.com/static.fantasydata.com/logos/ncaa/0.png,SPHIL,,,,,
435,471,HOWP,True,Howard Payne,Yellow Jackets,,,,,,60000471,,,https://s3-us-west-2.amazonaws.com/static.fantasydata.com/logos/ncaa/0.png,HOWP,,,,,
436,472,BRESC,True,Brescia,Bearcats,,,,,,60000472,,,https://s3-us-west-2.amazonaws.com/static.fantasydata.com/logos/ncaa/0.png,BRESC,,,,,
437,473,WILBAP,True,Williams Baptist,Eagles,,,,,,60000473,,,https://s3-us-west-2.amazonaws.com/static.fantasydata.com/logos/ncaa/0.png,WILBAP,,,,,
438,474,FISK,True,Fisk,Bulldogs,,,,,,60000474,,,https://s3-us-west-2.amazonaws.com/static.fantasydata.com/logos/ncaa/0.png,FISK,,,,,
439,475,WAWA,True,Walla Walla,Wolves,,,,,,60000475,,,https://s3-us-west-2.amazonaws.com/static.fantasydata.com/logos/ncaa/0.png,WAWA,,,,,
440,476,COVENA,True,Covenant,Scots,,,,,,60000476,,,https://s3-us-west-2.amazonaws.com/static.fantasydata.com/logos/ncaa/0.png,COVENA,,,,,
441,477,TRUE,True,Truett-McConnell,Bears,,,,,,60000477,,,https://s3-us-west-2.amazonaws.com/static.fantasydata.com/logos/ncaa/0.png,TRUE,,,,,
442,478,LACOLL,True,Louisiana College,Wildcats,,,,,,60000478,,,https://s3-us-west-2.amazonaws.com/static.fantasydata.com/logos/ncaa/0.png,LACOLL,,,,,
443,479,SONO,True,Sonoma State,Seawolves,,,,,,60000479,,,https://s3-us-west-2.amazonaws.com/static.fantasydata.com/logos/ncaa/0.png,SONO,,,,,
444,480,NWCOLL,True,Northwest,Eagles,,,,,,60000480,,,https://s3-us-west-2.amazonaws.com/static.fantasydata.com/logos/ncaa/0.png,NWCOLL,,,,,
445,481,NDOH,True,Notre Dame College of Ohio,Falcons,,,,,,60000481,,,https://s3-us-west-2.amazonaws.com/static.fantasydata.com/logos/ncaa/0.png,NDOH,,,,,
446,482,BREC,True,Brevard College,Tornados,,,,,,60000482,,,https://s3-us-west-2.amazonaws.com/static.fantasydata.com/logos/ncaa/0.png,BREC,,,,,
447,483,STFR,True,St. Francis (IL),Fighting Saints,,,,,,60000483,,,https://s3-us-west-2.amazonaws.com/static.fantasydata.com/logos/ncaa/0.png,STFR,,,,,
448,484,TRIFL,True,Trinity (FL),Tigers,,,,,,60000484,,,https://s3-us-west-2.amazonaws.com/static.fantasydata.com/logos/ncaa/0.png,TRIFL,,,,,
449,485,STMAMD,True,St. Mary's (MD),Seahawks,,,,,,60000485,,,https://s3-us-west-2.amazonaws.com/static.fantasydata.com/logos/ncaa/0.png,STMAMD,,,,,
450,486,WILMDE,True,Wilmington (DE),Wildcats,,,,,,60000486,,,https://s3-us-west-2.amazonaws.com/static.fantasydata.com/logos/ncaa/0.png,WILMDE,,,,,
451,487,CSDH,True,Cal State-Dominguez Hills,Toros,,,,,,60000487,,,https://s3-us-west-2.amazonaws.com/static.fantasydata.com/logos/ncaa/0.png,CSDH,,,,,
452,488,PIEDMO,True,Piedmont,Lions,,,,,,60000488,,,https://s3-us-west-2.amazonaws.com/static.fantasydata.com/logos/ncaa/0.png,PIEDMO,,,,,
453,489,CWA,True,Central Washington,Wildcats,,,,,,60000489,,,https://s3-us-west-2.amazonaws.com/static.fantasydata.com/logos/ncaa/0.png,CWA,,,,,
454,490,MYVLST,True,Mayville State,Comets,,,,,,60000490,,,https://s3-us-west-2.amazonaws.com/static.fantasydata.com/logos/ncaa/0.png,MYVLST,,,,,
455,491,JWCO,True,Johnson & Wales (CO),Wildcats,,,,,,60000491,,,https://s3-us-west-2.amazonaws.com/static.fantasydata.com/logos/ncaa/0.png,J&WCO,,,,,
456,492,INNW,True,Indiana-Northwest,Red Hawks,,,,,,60000492,,,https://s3-us-west-2.amazonaws.com/static.fantasydata.com/logos/ncaa/0.png,INNW,,,,,
457,493,COE,True,Coe,Kohawks,,,,,,60000493,,,https://s3-us-west-2.amazonaws.com/static.fantasydata.com/logos/ncaa/0.png,COE,,,,,
458,494,NLAND,True,Northland,LumberJacks,,,,,,60000494,,,https://s3-us-west-2.amazonaws.com/static.fantasydata.com/logos/ncaa/0.png,NLAND,,,,,
459,495,HOOD,True,Hood,Blazers,,,,,,60000495,,,https://s3-us-west-2.amazonaws.com/static.fantasydata.com/logos/ncaa/0.png,HOOD,,,,,
460,496,PEACE,True,William Peace,Pacers,,,,,,60000496,,,https://s3-us-west-2.amazonaws.com/static.fantasydata.com/logos/ncaa/0.png,PEACE,,,,,
461,497,MILLSA,True,Millsaps,Majors,,,,,,60000497,,,https://s3-us-west-2.amazonaws.com/static.fantasydata.com/logos/ncaa/0.png,MILLSA,,,,,
462,499,MEMAC,True,Maine-Machias,Clippers,,,,,,60000499,,,https://s3-us-west-2.amazonaws.com/static.fantasydata.com/logos/ncaa/0.png,MEMAC,,,,,
463,500,SECOL,True,Southeastern,Fire,,,,,,60000500,,,https://s3-us-west-2.amazonaws.com/static.fantasydata.com/logos/ncaa/0.png,SECOL,,,,,
464,501,NWOHIO,True,Northwestern Ohio,Racers,,,,,,60000501,,,https://s3-us-west-2.amazonaws.com/static.fantasydata.com/logos/ncaa/0.png,NWOHIO,,,,,
465,502,FRANU,True,Franciscan,Barons,,,,,,60000502,,,https://s3-us-west-2.amazonaws.com/static.fantasydata.com/logos/ncaa/0.png,FRANU,,,,,
466,503,CDRVL,True,Cedarville,Yellow Jackets,,,,,,60000503,,,https://s3-us-west-2.amazonaws.com/static.fantasydata.com/logos/ncaa/0.png,CDRVL,,,,,
467,504,GCSU,True,Georgia College & State,Bobcats,,,,,,60000504,,,https://s3-us-west-2.amazonaws.com/static.fantasydata.com/logos/ncaa/0.png,GCSU,,,,,
468,505,STLEO,True,St. Leo,Lions,,,,,,60000505,,,https://s3-us-west-2.amazonaws.com/static.fantasydata.com/logos/ncaa/0.png,STLEO,,,,,
469,506,WILEY,True,Wiley,Wildcats,,,,,,60000506,,,https://s3-us-west-2.amazonaws.com/static.fantasydata.com/logos/ncaa/0.png,WILEY,,,,,
470,507,LYON,True,Lyon,Scots,,,,,,60000507,,,https://s3-us-west-2.amazonaws.com/static.fantasydata.com/logos/ncaa/0.png,LYON,,,,,
471,508,BTHKS,True,Bethany (KS),Swedes,,,,,,60000508,,,https://s3-us-west-2.amazonaws.com/static.fantasydata.com/logos/ncaa/0.png,BTHKS,,,,,
472,509,WILUTH,True,Wisconsin Lutheran,Warriors,,,,,,60000509,,,https://s3-us-west-2.amazonaws.com/static.fantasydata.com/logos/ncaa/0.png,WILUTH,,,,,
473,510,SOUT,True,Southwest,Mustangs,,,,,,60000510,,,https://s3-us-west-2.amazonaws.com/static.fantasydata.com/logos/ncaa/0.png,SOUT,,,,,"{'StadiumID': 414, 'Active': True, 'Name': 'Maddox Student Life Center', 'Address': None, 'City': 'Hobbs', 'State': 'NM', 'Zip': None, 'Country': None, 'Capacity': None, 'GeoLat': 32.770732, 'GeoLong': -103.190666}"
474,511,CPENN,True,Central Pennsylvania College,Knights,,,,,,60000511,,,https://s3-us-west-2.amazonaws.com/static.fantasydata.com/logos/ncaa/0.png,CPENN,,,,,
475,512,HNTGDN,True,Huntingdon,Hawks,,,,,,60000512,,,https://s3-us-west-2.amazonaws.com/static.fantasydata.com/logos/ncaa/0.png,HNTGDN,,,,,
476,513,UWS,True,Wisconsin-Stout,Blue Devils,,,,,,60000513,,,https://s3-us-west-2.amazonaws.com/static.fantasydata.com/logos/ncaa/0.png,UWS,,,,,
477,514,BELLE,True,Bellevue,Bruins,,,,,,60000514,,,https://s3-us-west-2.amazonaws.com/static.fantasydata.com/logos/ncaa/0.png,BELLE,,,,,
478,515,WILSON,True,Wilson,Phoenix,,,,,,60000515,,,https://s3-us-west-2.amazonaws.com/static.fantasydata.com/logos/ncaa/0.png,WILSON,,,,,
479,516,FIND,True,Findlay,Oilers,,,,,,60000516,,,https://s3-us-west-2.amazonaws.com/static.fantasydata.com/logos/ncaa/0.png,FIND,,,,,
480,517,ILBE,True,Benedictine,Eagles,,,,,,60000517,,,https://s3-us-west-2.amazonaws.com/static.fantasydata.com/logos/ncaa/0.png,ILBE,,,,,
481,518,ROSEM,True,Rosemont College,Ravens,,,,,,60000518,,,https://s3-us-west-2.amazonaws.com/static.fantasydata.com/logos/ncaa/0.png,ROSEM,,,,,
482,519,KEISR,True,Keiser,Seahawks,,,,,,60000519,,,https://s3-us-west-2.amazonaws.com/static.fantasydata.com/logos/ncaa/0.png,KEISR,,,,,
483,520,BRYAN,True,Bryan College,Lions,,,,,,60000520,,,https://s3-us-west-2.amazonaws.com/static.fantasydata.com/logos/ncaa/0.png,BRYAN,,,,,
484,521,IUSB,True,IU-South Bend,Titans,,,,,,60000521,,,https://s3-us-west-2.amazonaws.com/static.fantasydata.com/logos/ncaa/0.png,IUSB,,,,,
485,522,CMELL,True,Carnegie Mellon,Tartans,,,,,,60000522,,,https://s3-us-west-2.amazonaws.com/static.fantasydata.com/logos/ncaa/0.png,CMELL,,,,,
486,523,WWU,True,William Woods,Owls,,,,,,60000523,,,https://s3-us-west-2.amazonaws.com/static.fantasydata.com/logos/ncaa/0.png,WWU,,,,,
487,605,ROCHMI,True,Rochester (MI),Warriors,,,,,,60000605,,,https://s3-us-west-2.amazonaws.com/static.fantasydata.com/logos/ncaa/0.png,ROCHMI,,,,,
488,606,MARS,True,Mars Hill,Lions,,,,,,60000606,,,https://s3-us-west-2.amazonaws.com/static.fantasydata.com/logos/ncaa/0.png,MARS,,,,,
489,607,CONCMI,True,Concordia (MI),Cardinals,,,,,,60000607,,,https://s3-us-west-2.amazonaws.com/static.fantasydata.com/logos/ncaa/0.png,CONCMI,,,,,
490,608,NEWB,True,Newbury,Nighthawks,,,,,,60000608,,,https://s3-us-west-2.amazonaws.com/static.fantasydata.com/logos/ncaa/0.png,Newb,,,,,
491,609,CCNY,True,City College of New York,Beavers,,,,,,60000609,,,https://s3-us-west-2.amazonaws.com/static.fantasydata.com/logos/ncaa/0.png,CCNY,,,,,
492,610,MIT,True,MIT,Engineers,,,,,,60000610,,,https://s3-us-west-2.amazonaws.com/static.fantasydata.com/logos/ncaa/0.png,MIT,,,,,
493,611,EMENNO,True,Eastern Mennonite,Royals,,,,,,60000611,,,https://s3-us-west-2.amazonaws.com/static.fantasydata.com/logos/ncaa/0.png,EMENNO,,,,,
494,612,RIVI,True,Rivier,Raiders,,,,,,60000612,,,https://s3-us-west-2.amazonaws.com/static.fantasydata.com/logos/ncaa/0.png,Rivi,,,,,
495,613,DAVELK,True,Davis & Elkins,Senators,,,,,,60000613,,,https://s3-us-west-2.amazonaws.com/static.fantasydata.com/logos/ncaa/0.png,DAVELK,,,,,
496,614,LRHY,True,Lenoir-Rhyne,Bears,,,,,,60000614,,,https://s3-us-west-2.amazonaws.com/static.fantasydata.com/logos/ncaa/0.png,LRHY,,,,,
497,615,WASHMD,True,Washington College,Shoremen,,,,,,60000615,,,https://s3-us-west-2.amazonaws.com/static.fantasydata.com/logos/ncaa/0.png,WASHMD,,,,,
498,616,MID-,True,Mid-Atlantic Christian,Mustangs,,,,,,60000616,,,https://s3-us-west-2.amazonaws.com/static.fantasydata.com/logos/ncaa/0.png,Mid-,,,,,
499,617,RAND,True,Randolph College,Wildcats,,,,,,60000617,,,https://s3-us-west-2.amazonaws.com/static.fantasydata.com/logos/ncaa/0.png,RAND,,,,,
500,618,WILM,True,Wilmington (OH),Fightin' Quakers,,,,,,60000618,,,https://s3-us-west-2.amazonaws.com/static.fantasydata.com/logos/ncaa/618.png,WILM,,,,,
501,619,FERRUM,True,Ferrum,Panthers,,,,,,60000619,,,https://s3-us-west-2.amazonaws.com/static.fantasydata.com/logos/ncaa/0.png,FERRUM,,,,,
502,620,LEESMC,True,Lees-McRae,Bobcats,,,,,,60000620,,,https://s3-us-west-2.amazonaws.com/static.fantasydata.com/logos/ncaa/0.png,LEESMC,,,,,
503,621,ETXBAP,True,East Texas Baptist,Tigers,,,,,,60000621,,,https://s3-us-west-2.amazonaws.com/static.fantasydata.com/logos/ncaa/0.png,ETXBAP,,,,,
504,622,TXWESL,True,Texas Wesleyan,Rams,,,,,,60000622,,,https://s3-us-west-2.amazonaws.com/static.fantasydata.com/logos/ncaa/0.png,TXWESL,,,,,
505,623,OAKLCT,True,Oakland City,Mighty Oaks,,,,,,60000623,,,https://s3-us-west-2.amazonaws.com/static.fantasydata.com/logos/ncaa/0.png,OAKLCT,,,,,
506,624,WEST,True,Westcliff,Warriors,,,,,,60000624,,,https://s3-us-west-2.amazonaws.com/static.fantasydata.com/logos/ncaa/0.png,West,,,,,
507,625,ANGL,True,Angelo State,Rams,,,,,,60000625,,,https://s3-us-west-2.amazonaws.com/static.fantasydata.com/logos/ncaa/0.png,ANGL,,,,,
508,626,RCKFRD,True,Rockford,Regents,,,,,,60000626,,,https://s3-us-west-2.amazonaws.com/static.fantasydata.com/logos/ncaa/0.png,RCKFRD,,,,,
509,627,BEMI,True,Bemidji State,Beavers,,,,,,60000627,,,https://s3-us-west-2.amazonaws.com/static.fantasydata.com/logos/ncaa/0.png,BEMI,,,,,
510,628,UTXT,True,Texas-Tyler,Patriots,,,,,,60000628,,,https://s3-us-west-2.amazonaws.com/static.fantasydata.com/logos/ncaa/0.png,UTXT,,,,,
511,629,CONCIL,True,Concordia-Chicago,Cougars,,,,,,60000629,,,https://s3-us-west-2.amazonaws.com/static.fantasydata.com/logos/ncaa/0.png,CONCIL,,,,,
512,630,UNIV,True,University of the Virgin Islands,Buccaneers,,,,,,60000630,,,https://s3-us-west-2.amazonaws.com/static.fantasydata.com/logos/ncaa/0.png,Univ,,,,,"{'StadiumID': 229, 'Active': True, 'Name': 'Sports and Fitness Center', 'Address': None, 'City': 'Saint Thomas', 'State': 'Virgin Islands', 'Zip': None, 'Country': None, 'Capacity': 3500, 'GeoLat': 18.340096, 'GeoLong': -64.97306}"
513,631,USOUTH,True,Sewanee,Tigers,,,,,,60000631,,,https://s3-us-west-2.amazonaws.com/static.fantasydata.com/logos/ncaa/0.png,USOUTH,,,,,
514,632,KENN,True,Columbia International,Rams,,,,,,60000632,,,https://s3-us-west-2.amazonaws.com/static.fantasydata.com/logos/ncaa/0.png,KENN,,,,,
515,633,WSTMUT,True,Westminster (UT),Griffins,,,,,,60000633,,,https://s3-us-west-2.amazonaws.com/static.fantasydata.com/logos/ncaa/0.png,WSTMUT,,,,,
516,634,CUMBER,True,Cumberland,Phoenix,,,,,,60000634,,,https://s3-us-west-2.amazonaws.com/static.fantasydata.com/logos/ncaa/0.png,CUMBER,,,,,
517,635,UAA,True,Alaska-Anchorage,Seawolves,,,,,,60000635,,,https://s3-us-west-2.amazonaws.com/static.fantasydata.com/logos/ncaa/0.png,UAA,,,,,
518,636,MULT,True,Multnomah,Lions,,,,,,60000636,,,https://s3-us-west-2.amazonaws.com/static.fantasydata.com/logos/ncaa/0.png,Mult,,,,,
519,637,WEBBER,True,Webber International,Warriors,,,,,,60000637,,,https://s3-us-west-2.amazonaws.com/static.fantasydata.com/logos/ncaa/0.png,WEBBER,,,,,
520,638,FLTECH,True,Florida Tech,Panthers,,,,,,60000638,,,https://s3-us-west-2.amazonaws.com/static.fantasydata.com/logos/ncaa/0.png,FLTECH,,,,,
521,639,COLU,True,Washington Adventist,Shock,,,,,,60000639,,,https://s3-us-west-2.amazonaws.com/static.fantasydata.com/logos/ncaa/0.png,COLU,,,,,
522,640,MEVERS,True,Medgar Evers,Cougars,,,,,,60000640,,,https://s3-us-west-2.amazonaws.com/static.fantasydata.com/logos/ncaa/0.png,MEVERS,,,,,
523,641,FLCHR,True,Johnson (FL),Suns,,,,,,60000641,,,https://s3-us-west-2.amazonaws.com/static.fantasydata.com/logos/ncaa/0.png,FLCHR,,,,,
524,642,UWPA,True,Wisconsin-Parkside,Rangers,,,,,,60000642,,,https://s3-us-west-2.amazonaws.com/static.fantasydata.com/logos/ncaa/0.png,UWPA,,,,,
525,643,OGLE,True,Oglethorpe,Stormy Petrels,,,,,,60000643,,,https://s3-us-west-2.amazonaws.com/static.fantasydata.com/logos/ncaa/0.png,OGLE,,,,,
526,644,COLCHR,True,Colorado Christian,Cougars,,,,,,60000644,,,https://s3-us-west-2.amazonaws.com/static.fantasydata.com/logos/ncaa/0.png,COLCHR,,,,,
527,645,MENLO,True,Menlo,Oaks,,,,,,60000645,,,https://s3-us-west-2.amazonaws.com/static.fantasydata.com/logos/ncaa/0.png,MENLO,,,,,
528,646,SUNY,True,SUNY-Canton,Roos,,,,,,60000646,,,https://s3-us-west-2.amazonaws.com/static.fantasydata.com/logos/ncaa/0.png,SUNY,,,,,
529,647,STANDR,True,St. Andrews Presbyterian,Knights,,,,,,60000647,,,https://s3-us-west-2.amazonaws.com/static.fantasydata.com/logos/ncaa/0.png,STANDR,,,,,
530,648,EARL,True,Earlham,Quakers,,,,,,60000648,,,https://s3-us-west-2.amazonaws.com/static.fantasydata.com/logos/ncaa/0.png,EARL,,,,,
531,649,SEOKST,True,Southeastern Oklahoma State,Savage Storm,,,,,,60000649,,,https://s3-us-west-2.amazonaws.com/static.fantasydata.com/logos/ncaa/0.png,SEOKST,,,,,
532,650,SWAG,True,Southwestern Assemblies of God,Lions,,,,,,60000650,,,https://s3-us-west-2.amazonaws.com/static.fantasydata.com/logos/ncaa/0.png,SWAG,,,,,
533,651,BVU,True,Buena Vista,Beavers,,,,,,60000651,,,https://s3-us-west-2.amazonaws.com/static.fantasydata.com/logos/ncaa/0.png,BVU,,,,,
534,652,HNDRX,True,Hendrix College,Warriors,,,,,,60000652,,,https://s3-us-west-2.amazonaws.com/static.fantasydata.com/logos/ncaa/0.png,HNDRX,,,,,
535,653,SWUNIV,True,Southwestern,Pirates,,,,,,60000653,,,https://s3-us-west-2.amazonaws.com/static.fantasydata.com/logos/ncaa/0.png,SWUNIV,,,,,
536,654,UPS,True,Puget Sound,Loggers,,,,,,60000654,,,https://s3-us-west-2.amazonaws.com/static.fantasydata.com/logos/ncaa/0.png,UPS,,,,,
537,655,ANTE,True,Antelope Valley,Pioneers,,,,,,60000655,,,https://s3-us-west-2.amazonaws.com/static.fantasydata.com/logos/ncaa/0.png,Ante,,,,,
538,656,DES,True,DeSales,Bulldogs,,,,,,60000656,,,https://s3-us-west-2.amazonaws.com/static.fantasydata.com/logos/ncaa/0.png,DES,,,,,
539,657,JWFL,True,Johnson & Wales (FL),Wildcats,,,,,,60000657,,,https://s3-us-west-2.amazonaws.com/static.fantasydata.com/logos/ncaa/0.png,JWFL,,,,,
540,658,BLUMT,True,Blue Mountain College,Toppers,,,,,,60000658,,,https://s3-us-west-2.amazonaws.com/static.fantasydata.com/logos/ncaa/0.png,BLUMT,,,,,
541,660,OLLU,True,Our Lady of the Lake,Saints,,,,,,60000660,,,https://s3-us-west-2.amazonaws.com/static.fantasydata.com/logos/ncaa/0.png,OLLU,,,,,
542,661,JARVCH,True,Jarvis Christian,Bulldogs,,,,,,60000661,,,https://s3-us-west-2.amazonaws.com/static.fantasydata.com/logos/ncaa/0.png,JARVCH,,,,,
543,662,COCOL,True,Colorado College,Tigers,,,,,,60000662,,,https://s3-us-west-2.amazonaws.com/static.fantasydata.com/logos/ncaa/0.png,COCOL,,,,,
544,663,SIMP,True,Simpson,Red Hawks,,,,,,60000663,,,https://s3-us-west-2.amazonaws.com/static.fantasydata.com/logos/ncaa/0.png,SIMP,,,,,
545,665,TUSK,True,Tuskegee,Golden Tigers,,,,,,60000665,,,https://s3-us-west-2.amazonaws.com/static.fantasydata.com/logos/ncaa/665.png,TUSK,,,,,
546,666,SHEN,True,Shenandoah,Hornets,,,,,,60000666,,,https://s3-us-west-2.amazonaws.com/static.fantasydata.com/logos/ncaa/0.png,SHEN,,,,,
547,667,NOPA,True,North Park,Vikings,,,,,,60000667,,,https://s3-us-west-2.amazonaws.com/static.fantasydata.com/logos/ncaa/667.png,NOPA,,,,,
548,668,CLAR,True,Clarion,Golden Eagles,,,,,,60000668,,,https://s3-us-west-2.amazonaws.com/static.fantasydata.com/logos/ncaa/0.png,CLAR,,,,,
549,669,EMER,True,Emerson,Lions,,,,,,60000669,,,https://s3-us-west-2.amazonaws.com/static.fantasydata.com/logos/ncaa/0.png,Emer,,,,,
550,670,GOUC,True,Goucher,Gophers,,,,,,60000670,,,https://s3-us-west-2.amazonaws.com/static.fantasydata.com/logos/ncaa/0.png,GOUC,,,,,
551,671,GOSH,True,Goshen,Maple Leafs,,,,,,60000671,,,https://s3-us-west-2.amazonaws.com/static.fantasydata.com/logos/ncaa/0.png,GOSH,,,,,
552,672,WESLEY,True,Wesley College,Wolverines,,,,,,60000672,,,https://s3-us-west-2.amazonaws.com/static.fantasydata.com/logos/ncaa/0.png,WESLEY,,,,,
553,673,WAB,True,Wabash,Little Giants,,,,,,60000673,,,https://s3-us-west-2.amazonaws.com/static.fantasydata.com/logos/ncaa/0.png,WAB,,,,,
554,674,CCAR,True,LaGrange,Panthers,,,,,,60000674,,,https://s3-us-west-2.amazonaws.com/static.fantasydata.com/logos/ncaa/0.png,CCAR,,,,,
555,675,PRES,True,Presentation,Saints,,,,,,60000675,,,https://s3-us-west-2.amazonaws.com/static.fantasydata.com/logos/ncaa/0.png,Pres,,,,,
556,676,MSV,True,Mount Saint Vincent,Dolphins,,,,,,60000676,,,https://s3-us-west-2.amazonaws.com/static.fantasydata.com/logos/ncaa/0.png,MSV,,,,,
557,677,BRIDVA,True,Bridgewater (VA),Eagles,,,,,,60000677,,,https://s3-us-west-2.amazonaws.com/static.fantasydata.com/logos/ncaa/0.png,BRIDVA,,,,,
558,678,MIDW,True,Midway,Eagles,,,,,,60000678,,,https://s3-us-west-2.amazonaws.com/static.fantasydata.com/logos/ncaa/0.png,Midw,,,,,
559,679,WELC,True,Welch,Flames,,,,,,60000679,,,https://s3-us-west-2.amazonaws.com/static.fantasydata.com/logos/ncaa/0.png,Welc,,,,,
560,680,HEIDEL,True,Heidelberg,Student Princes,,,,,,60000680,,,https://s3-us-west-2.amazonaws.com/static.fantasydata.com/logos/ncaa/0.png,HEIDEL,,,,,
561,681,MISE,True,Misericordia,Cougars,,,,,,60000681,,,https://s3-us-west-2.amazonaws.com/static.fantasydata.com/logos/ncaa/0.png,Mise,,,,,
562,682,QNCY,True,Quincy,Hawks,,,,,,60000682,,,https://s3-us-west-2.amazonaws.com/static.fantasydata.com/logos/ncaa/0.png,QNCY,,,,,
563,683,WNE,True,Western New England,Golden Bears,,,,,,60000683,,,https://s3-us-west-2.amazonaws.com/static.fantasydata.com/logos/ncaa/0.png,WNE,,,,,
564,684,PENS,True,Pensacola Christian College,Eagles,,,,,,60000684,,,https://s3-us-west-2.amazonaws.com/static.fantasydata.com/logos/ncaa/0.png,Pens,,,,,
565,685,UOZA,True,University of the Ozarks,Eagles,,,,,,60000685,,,https://s3-us-west-2.amazonaws.com/static.fantasydata.com/logos/ncaa/0.png,UOZA,,,,,
566,686,TXLUT,True,Texas Lutheran,Bulldogs,,,,,,60000686,,,https://s3-us-west-2.amazonaws.com/static.fantasydata.com/logos/ncaa/0.png,TXLUT,,,,,
567,687,MTTECH,True,Montana Tech,Orediggers,,,,,,60000687,,,https://s3-us-west-2.amazonaws.com/static.fantasydata.com/logos/ncaa/0.png,MTTECH,,,,,
568,688,MOBAPT,True,Missouri Baptist,Spartans,,,,,,60000688,,,https://s3-us-west-2.amazonaws.com/static.fantasydata.com/logos/ncaa/0.png,MOBAPT,,,,,
569,689,URBANA,True,Urbana,Blue Knights,,,,,,60000689,,,https://s3-us-west-2.amazonaws.com/static.fantasydata.com/logos/ncaa/0.png,URBANA,,,,,
570,690,ELMS,True,Elms College,Blazers,,,,,,60000690,,,https://s3-us-west-2.amazonaws.com/static.fantasydata.com/logos/ncaa/0.png,Elms,,,,,
571,691,CHES,True,Chestnut Hill,Griffins,,,,,,60000691,,,https://s3-us-west-2.amazonaws.com/static.fantasydata.com/logos/ncaa/0.png,Ches,,,,,
572,692,SHWN,True,Shawnee State,Bears,,,,,,60000692,,,https://s3-us-west-2.amazonaws.com/static.fantasydata.com/logos/ncaa/0.png,SHWN,,,,,
573,693,CRTLND,True,SUNY-Cortland,Red Dragons,,,,,,60000693,,,https://s3-us-west-2.amazonaws.com/static.fantasydata.com/logos/ncaa/0.png,CRTLND,,,,,
574,694,PFEIFR,True,Pfeiffer,Falcons,,,,,,60000694,,,https://s3-us-west-2.amazonaws.com/static.fantasydata.com/logos/ncaa/0.png,PFEIFR,,,,,
575,695,MANC,True,Manchester,Spartans,,,,,,60000695,,,https://s3-us-west-2.amazonaws.com/static.fantasydata.com/logos/ncaa/0.png,MANC,,,,,
576,696,HARDIN,True,Harding,Bison,,,,,,60000696,,,https://s3-us-west-2.amazonaws.com/static.fantasydata.com/logos/ncaa/0.png,HARDIN,,,,,
577,697,TRENAZ,True,Trevecca Nazarene,Trojans,,,,,,60000697,,,https://s3-us-west-2.amazonaws.com/static.fantasydata.com/logos/ncaa/0.png,TRENAZ,,,,,
578,698,CSST,True,Cal State-Stanislaus,Warriors,,,,,,60000698,,,https://s3-us-west-2.amazonaws.com/static.fantasydata.com/logos/ncaa/0.png,CSST,,,,,
579,699,NAZA,True,Nazareth College,Golden Flyers,,,,,,60000699,,,https://s3-us-west-2.amazonaws.com/static.fantasydata.com/logos/ncaa/0.png,Naza,,,,,
580,700,BRYN,True,Bryn Athyn,Lions,,,,,,60000700,,,https://s3-us-west-2.amazonaws.com/static.fantasydata.com/logos/ncaa/0.png,Bryn,,,,,
581,701,QNS,True,Queens College,Knights,,,,,,60000701,,,https://s3-us-west-2.amazonaws.com/static.fantasydata.com/logos/ncaa/0.png,QNS,,,,,
582,702,MCKEND,True,McKendree,Bearcats,,,,,,60000702,,,https://s3-us-west-2.amazonaws.com/static.fantasydata.com/logos/ncaa/0.png,MCKEND,,,,,
583,703,EWATER,True,Edward Waters,Tigers,,,,,,60000703,,,https://s3-us-west-2.amazonaws.com/static.fantasydata.com/logos/ncaa/0.png,EWATER,,,,,
584,704,LYND,True,Vermont State-Lyndon,Hornets,,,,,,60000704,,,https://s3-us-west-2.amazonaws.com/static.fantasydata.com/logos/ncaa/0.png,LYND,,,,,
585,705,KEAN,True,Kean,Cougars,,,,,,60000705,,,https://s3-us-west-2.amazonaws.com/static.fantasydata.com/logos/ncaa/0.png,KEAN,,,,,
586,706,MTAL,True,Mount Aloysius,Mounties,,,,,,60000706,,,https://s3-us-west-2.amazonaws.com/static.fantasydata.com/logos/ncaa/0.png,MTAL,,,,,
587,707,BSC,False,Birmingham-Southern,Panthers,,,,,,60000707,,,https://s3-us-west-2.amazonaws.com/static.fantasydata.com/logos/ncaa/0.png,BSC,,,,,
588,708,DU,True,Dominican (IL),Stars,,,,,,60000708,,,https://s3-us-west-2.amazonaws.com/static.fantasydata.com/logos/ncaa/0.png,DU,,,,,
589,709,BOYC,True,Boyce,Bulldogs,,,,,,60000709,,,https://s3-us-west-2.amazonaws.com/static.fantasydata.com/logos/ncaa/0.png,BOYC,,,,,
590,710,KYWE,True,Kentucky Wesleyan,Panthers,,,,,,60000710,,,https://s3-us-west-2.amazonaws.com/static.fantasydata.com/logos/ncaa/0.png,KYWE,,,,,
591,711,NGVILL,True,North Greenville,Trailblazers,,,,,,60000711,,,https://s3-us-west-2.amazonaws.com/static.fantasydata.com/logos/ncaa/0.png,NGVILL,,,,,
592,712,LINCOL,True,Lincoln (PA),Lions,,,,,,60000712,,,https://s3-us-west-2.amazonaws.com/static.fantasydata.com/logos/ncaa/0.png,LINCOL,,,,,
593,713,NYIT,True,NYIT,Bears,,,,,,60000713,,,https://s3-us-west-2.amazonaws.com/static.fantasydata.com/logos/ncaa/0.png,NYIT,,,,,
594,714,SPALD,True,Spalding,Golden Eagles,,,,,,60000714,,,https://s3-us-west-2.amazonaws.com/static.fantasydata.com/logos/ncaa/0.png,SPALD,,,,,"{'StadiumID': 278, 'Active': True, 'Name': 'The Hornets Nest', 'Address': None, 'City': 'Sacramento', 'State': 'CA', 'Zip': None, 'Country': None, 'Capacity': 1012, 'GeoLat': 38.561903, 'GeoLong': -121.426878}"
595,715,AQUN,True,Aquinas College,Saints,,,,,,60000715,,,https://s3-us-west-2.amazonaws.com/static.fantasydata.com/logos/ncaa/0.png,AQUN,,,,,
596,716,ILTECH,True,Illinois Tech,Scarlet Hawks,,,,,,60000716,,,https://s3-us-west-2.amazonaws.com/static.fantasydata.com/logos/ncaa/0.png,ILTECH,,,,,
597,717,MNMO,True,Minnesota-Morris,Cougars,,,,,,60000717,,,https://s3-us-west-2.amazonaws.com/static.fantasydata.com/logos/ncaa/0.png,MNMO,,,,,
598,718,WMETTE,True,Willamette,Bearcats,,,,,,60000718,,,https://s3-us-west-2.amazonaws.com/static.fantasydata.com/logos/ncaa/0.png,WMETTE,,,,,
599,719,WAL,True,West Alabama,Tigers,,,,,,60000719,,,https://s3-us-west-2.amazonaws.com/static.fantasydata.com/logos/ncaa/0.png,WAL,,,,,
600,720,DEF,True,Defiance,Yellow Jackets,,,,,,60000720,,,https://s3-us-west-2.amazonaws.com/static.fantasydata.com/logos/ncaa/0.png,DEF,,,,,
601,721,ONEO,True,SUNY-Oneonta,Red Dragons,,,,,,60000721,,,https://s3-us-west-2.amazonaws.com/static.fantasydata.com/logos/ncaa/0.png,ONEO,,,,,
602,722,ECC,True,Ecclesia,Royals,,,,,,60000722,,,https://s3-us-west-2.amazonaws.com/static.fantasydata.com/logos/ncaa/0.png,ECC,,,,,
603,723,ENM,True,Eastern New Mexico,Greyhounds,,,,,,60000723,,,https://s3-us-west-2.amazonaws.com/static.fantasydata.com/logos/ncaa/723.png,ENM,,,,,
604,724,LEWCL,True,Lewis & Clark,Pioneers,,,,,,60000724,,,https://s3-us-west-2.amazonaws.com/static.fantasydata.com/logos/ncaa/0.png,LEWCL,,,,,
605,725,METHOD,True,Methodist,Monarchs,,,,,,60000725,,,https://s3-us-west-2.amazonaws.com/static.fantasydata.com/logos/ncaa/0.png,METHOD,,,,,
606,727,TOUGAL,True,Tougaloo,Bulldogs,,,,,,60000727,,,https://s3-us-west-2.amazonaws.com/static.fantasydata.com/logos/ncaa/0.png,TOUGAL,,,,,
607,728,CONCNE,True,Concordia (NE),Bulldogs,,,,,,60000728,,,https://s3-us-west-2.amazonaws.com/static.fantasydata.com/logos/ncaa/0.png,CONCNE,,,,,
608,729,SARE,True,Salve Regina,Seahawks,,,,,,60000729,,,https://s3-us-west-2.amazonaws.com/static.fantasydata.com/logos/ncaa/0.png,SARE,,,,,
609,730,MOLL,True,Molloy,Lions,,,,,,60000730,,,https://s3-us-west-2.amazonaws.com/static.fantasydata.com/logos/ncaa/0.png,MOLL,,,,,
610,731,SWESLE,True,Southern Wesleyan,Warriors,,,,,,60000731,,,https://s3-us-west-2.amazonaws.com/static.fantasydata.com/logos/ncaa/0.png,SWESLE,,,,,
611,732,PBAC,True,Palm Beach Atlantic,Sailfish,,,,,,60000732,,,https://s3-us-west-2.amazonaws.com/static.fantasydata.com/logos/ncaa/0.png,PBAC,,,,,
612,733,WSTMPA,True,Westminster (PA),Titans,,,,,,60000733,,,https://s3-us-west-2.amazonaws.com/static.fantasydata.com/logos/ncaa/0.png,WSTMPA,,,,,
613,734,SUNYM,True,SUNY-Maritime,Privateers,,,,,,60000734,,,https://s3-us-west-2.amazonaws.com/static.fantasydata.com/logos/ncaa/0.png,SUNYM,,,,,
614,735,STMATX,True,St. Mary's (TX),Rattlers,,,,,,60000735,,,https://s3-us-west-2.amazonaws.com/static.fantasydata.com/logos/ncaa/0.png,STMATX,,,,,
615,736,MSBOS,True,Massachusetts-Boston,Beacons,,,,,,60000736,,,https://s3-us-west-2.amazonaws.com/static.fantasydata.com/logos/ncaa/0.png,MSBOS,,,,,
616,737,AVEM,True,Ave Maria,Gyrenes,,,,,,60000737,,,https://s3-us-west-2.amazonaws.com/static.fantasydata.com/logos/ncaa/0.png,AVEM,,,,,
617,738,NWNAZA,True,Northwest Nazarene,Nighthawks,,,,,,60000738,,,https://s3-us-west-2.amazonaws.com/static.fantasydata.com/logos/ncaa/0.png,NWNAZA,,,,,
618,739,GOVE,True,Governors State,Jaguars,,,,,,60000739,,,https://s3-us-west-2.amazonaws.com/static.fantasydata.com/logos/ncaa/0.png,Gove,,,,,
619,740,RSCNJ,True,Stockton,Ospreys,,,,,,60000740,,,https://s3-us-west-2.amazonaws.com/static.fantasydata.com/logos/ncaa/0.png,RSCNJ,,,,,
620,741,JAC,True,Lindenwood,Lions,,2.0,4.0,0.0,0.0,60000741,23.0,Ohio Valley,https://s3-us-west-2.amazonaws.com/static.fantasydata.com/logos/ncaa/741.png,JAC,000000,B5A36A,,,"{'StadiumID': 540, 'Active': True, 'Name': 'Hyland Arena', 'Address': None, 'City': 'Saint Charles', 'State': 'MO', 'Zip': None, 'Country': None, 'Capacity': 3270, 'GeoLat': None, 'GeoLong': None}"
621,742,AVIL,True,Avila,Eagles,,,,,,60000742,,,https://s3-us-west-2.amazonaws.com/static.fantasydata.com/logos/ncaa/0.png,AVIL,,,,,
622,743,HIPACI,True,Hawaii Pacific,Sharks,,,,,,60000743,,,https://s3-us-west-2.amazonaws.com/static.fantasydata.com/logos/ncaa/0.png,HIPACI,,,,,"{'StadiumID': 435, 'Active': True, 'Name': 'Saint Francis High School', 'Address': None, 'City': 'Honolulu', 'State': 'HI', 'Zip': None, 'Country': None, 'Capacity': None, 'GeoLat': 21.304778, 'GeoLong': -157.8134}"
623,744,EOR,True,Eastern Oregon,Mountaineers,,,,,,60000744,,,https://s3-us-west-2.amazonaws.com/static.fantasydata.com/logos/ncaa/0.png,EOR,,,,,
624,745,FAY,True,Fayetteville State,Broncos,,,,,,60000745,,,https://s3-us-west-2.amazonaws.com/static.fantasydata.com/logos/ncaa/0.png,FAY,,,,,
625,746,SWST,True,Southwest Minnesota State,Mustangs,,,,,,60000746,,,https://s3-us-west-2.amazonaws.com/static.fantasydata.com/logos/ncaa/0.png,SWST,,,,,
626,747,PUCA,True,Purdue Northwest,Pride,,,,,,60000747,,,https://s3-us-west-2.amazonaws.com/static.fantasydata.com/logos/ncaa/0.png,PUCA,,,,,
627,748,MCMR,True,McMurry,War Hawks,,,,,,60000748,,,https://s3-us-west-2.amazonaws.com/static.fantasydata.com/logos/ncaa/0.png,MCMR,,,,,
628,749,COKER,True,Coker,Cobras,,,,,,60000749,,,https://s3-us-west-2.amazonaws.com/static.fantasydata.com/logos/ncaa/0.png,COKER,,,,,
629,750,DXST,True,Utah Tech,Trailblazers,,3.0,4.0,0.0,0.0,60000750,33.0,Western Athletic,https://s3-us-west-2.amazonaws.com/static.fantasydata.com/logos/ncaa/750.png,UTECH,BA1C21,003058,FFFFFF,,"{'StadiumID': 482, 'Active': True, 'Name': 'Burns Arena', 'Address': None, 'City': 'St. George', 'State': 'UT', 'Zip': None, 'Country': None, 'Capacity': 4779, 'GeoLat': 37.101389, 'GeoLong': -113.566944}"
630,751,ARMON,True,Arkansas-Monticello,Boll Weevils,,,,,,60000751,,,https://s3-us-west-2.amazonaws.com/static.fantasydata.com/logos/ncaa/751.png,ARMON,,,,,
631,752,DALCHR,True,Dallas Christian,Crusaders,,,,,,60000752,,,https://s3-us-west-2.amazonaws.com/static.fantasydata.com/logos/ncaa/0.png,DALCHR,,,,,
632,753,BTHTN,True,Bethel (TN),Wildcats,,,,,,60000753,,,https://s3-us-west-2.amazonaws.com/static.fantasydata.com/logos/ncaa/0.png,BTHTN,,,,,
633,754,CMPVLE,True,Campbellsville,Tigers,,,,,,60000754,,,https://s3-us-west-2.amazonaws.com/static.fantasydata.com/logos/ncaa/0.png,CMPVLE,,,,,
634,755,LAV,True,La Verne,Leopards,,,,,,60000755,,,https://s3-us-west-2.amazonaws.com/static.fantasydata.com/logos/ncaa/0.png,LAV,,,,,
635,756,OBER,True,Oberlin College,Yeomen,,,,,,60000756,,,https://s3-us-west-2.amazonaws.com/static.fantasydata.com/logos/ncaa/0.png,OBER,,,,,
636,757,FLOR,True,Florida National,Conquistadors,,,,,,60000757,,,https://s3-us-west-2.amazonaws.com/static.fantasydata.com/logos/ncaa/0.png,Flor,,,,,
637,758,JOWAL,True,Johnson & Wales (RI),Wildcats,,,,,,60000758,,,https://s3-us-west-2.amazonaws.com/static.fantasydata.com/logos/ncaa/0.png,JOWAL,,,,,
638,759,MCGI,True,McGill,Redmen,,,,,,60000759,,,https://s3-us-west-2.amazonaws.com/static.fantasydata.com/logos/ncaa/0.png,McGi,,,,,
639,760,DCKSNS,True,Dickinson State,Blue Hawks,,,,,,60000760,,,https://s3-us-west-2.amazonaws.com/static.fantasydata.com/logos/ncaa/0.png,DCKSNS,,,,,
640,761,SKIDMO,True,Skidmore,Thoroughbreds,,,,,,60000761,,,https://s3-us-west-2.amazonaws.com/static.fantasydata.com/logos/ncaa/0.png,SKIDMO,,,,,
641,762,ELMIRA,True,Elmira,Soaring Eagles,,,,,,60000762,,,https://s3-us-west-2.amazonaws.com/static.fantasydata.com/logos/ncaa/0.png,ELMIRA,,,,,
642,764,UCSC,True,California-Santa Cruz,Banana Slugs,,,,,,60000764,,,https://s3-us-west-2.amazonaws.com/static.fantasydata.com/logos/ncaa/0.png,UCSC,,,,,
643,765,WAYB,True,Wayland Baptist,Pioneers,,,,,,60000765,,,https://s3-us-west-2.amazonaws.com/static.fantasydata.com/logos/ncaa/0.png,WAYB,,,,,
644,766,TAMI,True,Texas A&M-International,Dustdevils,,,,,,60000766,,,https://s3-us-west-2.amazonaws.com/static.fantasydata.com/logos/ncaa/0.png,TAMI,,,,,
645,767,WCBAP,True,West Coast Baptist,Eagles,,,,,,60000767,,,https://s3-us-west-2.amazonaws.com/static.fantasydata.com/logos/ncaa/0.png,WCBAP,,,,,
646,768,MISSCO,True,Mississippi College,Choctaws,,,,,,60000768,,,https://s3-us-west-2.amazonaws.com/static.fantasydata.com/logos/ncaa/0.png,MISSCO,,,,,
647,769,COLL,True,College of Saint Elizabeth,Eagles,,,,,,60000769,,,https://s3-us-west-2.amazonaws.com/static.fantasydata.com/logos/ncaa/0.png,Coll,,,,,
648,770,SIENHT,True,Siena Heights,Saints,,,,,,60000770,,,https://s3-us-west-2.amazonaws.com/static.fantasydata.com/logos/ncaa/0.png,SIENHT,,,,,
649,771,IW,True,St. Joseph's (NY-Brooklyn),Bears,,,,,,60000771,,,https://s3-us-west-2.amazonaws.com/static.fantasydata.com/logos/ncaa/0.png,IW,,,,,
650,772,ARBAP,True,Arlington Baptist,Patriots,,,,,,60000772,,,https://s3-us-west-2.amazonaws.com/static.fantasydata.com/logos/ncaa/0.png,ARBAP,,,,,
651,773,SEBAP,True,Southeastern Baptist,Chargers,,,,,,60000773,,,https://s3-us-west-2.amazonaws.com/static.fantasydata.com/logos/ncaa/0.png,SEBAP,,,,,
652,774,OCHIL,True,Ohio Chillicothe,Hilltoppers,,,,,,60000774,,,https://s3-us-west-2.amazonaws.com/static.fantasydata.com/logos/ncaa/0.png,OCHIL,,,,,
653,775,PSWB,True,Penn State-Wilkes-Barre,Nittany Lions,,,,,,60000775,,,https://s3-us-west-2.amazonaws.com/static.fantasydata.com/logos/ncaa/0.png,PS W-B,,,,,
654,776,CASLA,True,Cal State-Los Angeles,Golden Eagles,,,,,,60000776,,,https://s3-us-west-2.amazonaws.com/static.fantasydata.com/logos/ncaa/0.png,CASLA,,,,,
655,777,NMU,True,Northern Michigan,Wildcats,,,,,,60000777,,,https://s3-us-west-2.amazonaws.com/static.fantasydata.com/logos/ncaa/0.png,NMU,,,,,
656,778,SDSM,True,South Dakota School of Mines,Hardrockers,,,,,,60000778,,,https://s3-us-west-2.amazonaws.com/static.fantasydata.com/logos/ncaa/0.png,SDSM,,,,,
657,779,MONTE,True,Montevallo,Falcons,,,,,,60000779,,,https://s3-us-west-2.amazonaws.com/static.fantasydata.com/logos/ncaa/0.png,MONTE,,,,,
658,780,CRBN,True,Corban,Warriors,,,,,,60000780,,,https://s3-us-west-2.amazonaws.com/static.fantasydata.com/logos/ncaa/0.png,CRBN,,,,,
659,784,MSUN,True,Montana State-Northern,Lights,,,,,,60000784,,,https://s3-us-west-2.amazonaws.com/static.fantasydata.com/logos/ncaa/0.png,MSUN,,,,,
660,785,FARM,True,Farmingdale State,Rams,,,,,,60000785,,,https://s3-us-west-2.amazonaws.com/static.fantasydata.com/logos/ncaa/0.png,FARM,,,,,
661,786,SWBP,True,Southwest Baptist,Bearcats,,,,,,60000786,,,https://s3-us-west-2.amazonaws.com/static.fantasydata.com/logos/ncaa/0.png,SWBP,,,,,
662,787,NYCT,False,New York City Tech,Yellow Jackets,,,,,,60000787,,,https://s3-us-west-2.amazonaws.com/static.fantasydata.com/logos/ncaa/0.png,NYCT,,,,,
663,789,WCST,True,Western Colorado,Mountaineers,,,,,,60000789,,,https://s3-us-west-2.amazonaws.com/static.fantasydata.com/logos/ncaa/0.png,WCSU,,,,,
664,790,BW,True,Bacone,Warriors,,,,,,60000790,,,https://s3-us-west-2.amazonaws.com/static.fantasydata.com/logos/ncaa/0.png,BCU,,,,,
665,791,TOM,True,Thomas,Terriers,,,,,,60000791,,,https://s3-us-west-2.amazonaws.com/static.fantasydata.com/logos/ncaa/0.png,THOMAS,,,,,
666,792,ALM,True,Alma,Scot,,,,,,60000792,,,https://s3-us-west-2.amazonaws.com/static.fantasydata.com/logos/ncaa/0.png,ALMA,,,,,
667,793,ARTECH,True,Arkansas Tech,Wonder Boys,,,,,,60000793,,,https://s3-us-west-2.amazonaws.com/static.fantasydata.com/logos/ncaa/0.png,ARTCH,,,,,
668,794,MMM,True,Maine Maritime,Mariners,,,,,,60000794,,,https://s3-us-west-2.amazonaws.com/static.fantasydata.com/logos/ncaa/0.png,MMM,,,,,
669,795,EMHEN,True,Emory & Henry,Wasps,,,,,,60000795,,,https://s3-us-west-2.amazonaws.com/static.fantasydata.com/logos/ncaa/0.png,EMHEN,,,,,
670,796,CALDW,True,Caldwell,Cougars,,,,,,60000796,,,https://s3-us-west-2.amazonaws.com/static.fantasydata.com/logos/ncaa/0.png,CALD,,,,,
671,797,GNV,True,Geneva,Golden Tornadoes,,,,,,60000797,,,https://s3-us-west-2.amazonaws.com/static.fantasydata.com/logos/ncaa/0.png,GNVA,,,,,
672,798,GALLU,True,Gallaudet,Bison,,,,,,60000798,,,https://s3-us-west-2.amazonaws.com/static.fantasydata.com/logos/ncaa/0.png,GALL,,,,,
673,799,LUTHE,True,Luther,Norse,,,,,,60000799,,,https://s3-us-west-2.amazonaws.com/static.fantasydata.com/logos/ncaa/0.png,Luth,,,,,
674,800,JDSNE,True,Judson,Eagles,,,,,,60000800,,,https://s3-us-west-2.amazonaws.com/static.fantasydata.com/logos/ncaa/0.png,JDSN,,,,,
675,801,CRNWE,True,Carson-Newman,Eagles,,,,,,60000801,,,https://s3-us-west-2.amazonaws.com/static.fantasydata.com/logos/ncaa/0.png,CRNW,,,,,
676,802,NEKEA,True,Nebraska-Kearney,Antelopes,,,,,,60000802,,,https://s3-us-west-2.amazonaws.com/static.fantasydata.com/logos/ncaa/0.png,NEKE,,,,,
677,803,COKLB,True,Central Oklahoma,Bronchos,,,,,,60000803,,,https://s3-us-west-2.amazonaws.com/static.fantasydata.com/logos/ncaa/0.png,COKL,,,,,
678,804,MRYVLS,True,Maryville (MO),Saints,,,,,,60000804,,,https://s3-us-west-2.amazonaws.com/static.fantasydata.com/logos/ncaa/0.png,MRYVL,,,,,
679,805,WIDENP,True,Widener,Pioneers,,,,,,60000805,,,https://s3-us-west-2.amazonaws.com/static.fantasydata.com/logos/ncaa/0.png,WIDEN,,,,,
680,806,TAMPAS,True,Tampa,Spartans,,,,,,60000806,,,https://s3-us-west-2.amazonaws.com/static.fantasydata.com/logos/ncaa/0.png,TAMPA,,,,,
681,808,WMPATP,True,William Paterson,Pioneers,,,,,,60000808,,,https://s3-us-west-2.amazonaws.com/static.fantasydata.com/logos/ncaa/0.png,WMPAT,,,,,
682,809,MLCW,True,Midland Lutheran,Warriors,,,,,,60000809,,,https://s3-us-west-2.amazonaws.com/static.fantasydata.com/logos/ncaa/0.png,MLC,,,,,
683,810,NEBWESP,True,Nebraska Wesleyan,Prairie Wolves,,,,,,60000810,,,https://s3-us-west-2.amazonaws.com/static.fantasydata.com/logos/ncaa/0.png,NEBWES,,,,,
684,811,FREEDL,True,Freed-Hardeman,Lions,,,,,,60000811,,,https://s3-us-west-2.amazonaws.com/static.fantasydata.com/logos/ncaa/0.png,FREED,,,,,
685,812,CTCOLLC,True,Connecticut College,Camels,,,,,,60000812,,,https://s3-us-west-2.amazonaws.com/static.fantasydata.com/logos/ncaa/0.png,CTCOLL,,,,,
686,813,WESTMOW,True,Westmont,Warriors,,,,,,60000813,,,https://s3-us-west-2.amazonaws.com/static.fantasydata.com/logos/ncaa/0.png,WESTMO,,,,,"{'StadiumID': 498, 'Active': True, 'Name': 'Murchison Gymnasium', 'Address': None, 'City': 'Santa Barbara', 'State': 'CA', 'Zip': None, 'Country': None, 'Capacity': 1600, 'GeoLat': 34.450356, 'GeoLong': -119.659515}"
687,814,SKCF,True,Saint Katherine College,Firebirds,,,,,,60000814,,,https://s3-us-west-2.amazonaws.com/static.fantasydata.com/logos/ncaa/0.png,HBU,,,,,
688,815,PURPAN,True,Purchase,Panthers,,,,,,60000815,,,https://s3-us-west-2.amazonaws.com/static.fantasydata.com/logos/ncaa/0.png,SUNYP,,,,,
689,816,SBERS,False,St. Bernard,Saints,,,,,,60000816,,,https://s3-us-west-2.amazonaws.com/static.fantasydata.com/logos/ncaa/0.png,STBER,,,,,
690,817,MERRI,True,Merrimack College,Warriors,,2.0,3.0,0.0,0.0,60000817,17.0,Metro Atlantic Athletic,https://s3-us-west-2.amazonaws.com/static.fantasydata.com/logos/ncaa/817.png,MERR,003768,F1C400,,,"{'StadiumID': 468, 'Active': True, 'Name': 'Hammel Court', 'Address': None, 'City': 'North Andover', 'State': 'MA', 'Zip': None, 'Country': None, 'Capacity': 1200, 'GeoLat': 42.6694, 'GeoLong': -71.12336}"
691,818,AKFBN,False,Alaska Fairbanks,Nanooks,,,,,,60000818,,,https://s3-us-west-2.amazonaws.com/static.fantasydata.com/logos/ncaa/0.png,AKFB,,,,,
692,819,XAVLA,True,Xavier (LA),Gold Rush,,,,,,60000819,,,https://s3-us-west-2.amazonaws.com/static.fantasydata.com/logos/ncaa/0.png,XAVL,,,,,
693,820,ERSFF,True,Erskine,Flying Fleet,,,,,,60000820,,,https://s3-us-west-2.amazonaws.com/static.fantasydata.com/logos/ncaa/0.png,ERS,,,,,
694,822,JCSG,False,Johnson C. Smith,Golden Bulls,,,,,,60000822,,,https://s3-us-west-2.amazonaws.com/static.fantasydata.com/logos/ncaa/0.png,JCS,,,,,
695,823,UMSLR,False,Missouri-St.Louis,Riverman,,,,,,60000823,,,https://s3-us-west-2.amazonaws.com/static.fantasydata.com/logos/ncaa/0.png,UMSL,,,,,
696,824,CECHT,False,Central Christian College,Tigers,,,,,,60000824,,,https://s3-us-west-2.amazonaws.com/static.fantasydata.com/logos/ncaa/0.png,CECH,,,,,
697,825,CHDE,True,Chadron State,Eagles,,,,,,60000825,,,https://s3-us-west-2.amazonaws.com/static.fantasydata.com/logos/ncaa/825.png,CHD,,,,,
698,826,BENCR,True,Benedictine College,Ravens,,,,,,60000826,,,https://s3-us-west-2.amazonaws.com/static.fantasydata.com/logos/ncaa/0.png,BENC,,,,,
699,827,CBAPM,True,Central Baptist College,Mustangs,,,,,,60000827,,,https://s3-us-west-2.amazonaws.com/static.fantasydata.com/logos/ncaa/0.png,CBAP,,,,,
700,828,CSSBC,True,CSU San Bernardino,Coyotes,,,,,,60000828,,,https://s3-us-west-2.amazonaws.com/static.fantasydata.com/logos/ncaa/0.png,CSSB,,,,,
701,829,LSUAG,True,LSU-Alexandria,Generals,,,,,,60000829,,,https://s3-us-west-2.amazonaws.com/static.fantasydata.com/logos/ncaa/0.png,LSUA,,,,,
702,831,CNCUE,False,Cincinnati Christian,Eagles,,,,,,60000831,,,https://s3-us-west-2.amazonaws.com/static.fantasydata.com/logos/ncaa/0.png,CNCU,,,,,
703,832,OLIVE,True,Olivet College,Comets,,,,,,60000832,,,https://s3-us-west-2.amazonaws.com/static.fantasydata.com/logos/ncaa/0.png,OLIV,,,,,
704,833,NDMG,False,Notre Dame of Maryland,Gators,,,,,,60000833,,,https://s3-us-west-2.amazonaws.com/static.fantasydata.com/logos/ncaa/0.png,NDM,,,,,
705,834,CULV,True,Culver-Stockton,Wildcats,,,,,,60000834,,,https://s3-us-west-2.amazonaws.com/static.fantasydata.com/logos/ncaa/0.png,CUL,,,,,
706,835,TBKT,False,Thomas University,Terriers,,,,,,60000835,,,https://s3-us-west-2.amazonaws.com/static.fantasydata.com/logos/ncaa/0.png,TBK,,,,,
707,836,WARUR,True,Warner,Royals,,,,,,60000836,,,https://s3-us-west-2.amazonaws.com/static.fantasydata.com/logos/ncaa/0.png,WARU,,,,,
708,837,CRMTS,True,Carroll (MT),Fighting Saints,,,,,,60000837,,,https://s3-us-west-2.amazonaws.com/static.fantasydata.com/logos/ncaa/0.png,CRMT,,,,,
709,838,PERUB,True,Peru State College,Bobcats,,,,,,60000838,,,https://s3-us-west-2.amazonaws.com/static.fantasydata.com/logos/ncaa/0.png,PER,,,,,
710,839,UISP,True,Illinois-Springfield Prairie ,Stars,,,,,,60000839,,,https://s3-us-west-2.amazonaws.com/static.fantasydata.com/logos/ncaa/0.png,UIS,,,,,
711,840,WPCK,True,Warner Pacific College,Knights,,,,,,60000840,,,https://s3-us-west-2.amazonaws.com/static.fantasydata.com/logos/ncaa/0.png,WPC,,,,,
712,841,MORRI,True,Morris College,Hornets,,,,,,60000841,,,https://s3-us-west-2.amazonaws.com/static.fantasydata.com/logos/ncaa/0.png,MORR,,,,,
713,842,DAKU,False,Dakota Wesleyan Univeristy,Tigers,,,,,,60000842,,,https://s3-us-west-2.amazonaws.com/static.fantasydata.com/logos/ncaa/0.png,DAK,,,,,
714,843,PQT,True,Paul Quinn,Tigers,,,,,,60000843,,,https://s3-us-west-2.amazonaws.com/static.fantasydata.com/logos/ncaa/0.png,PQ,,,,,
715,844,ROCKH,False,Rockhurst,Hawks,,,,,,60000844,,,https://s3-us-west-2.amazonaws.com/static.fantasydata.com/logos/ncaa/0.png,ROCK,,,,,
716,845,BPORT,False,Bridgeport,Purple Knights,,,,,,60000845,,,https://s3-us-west-2.amazonaws.com/static.fantasydata.com/logos/ncaa/0.png,BRIDGE,,,,,
717,846,ENAZ,True,Eastern Nazarene,Lions,,,,,,60000846,,,https://s3-us-west-2.amazonaws.com/static.fantasydata.com/logos/ncaa/0.png,ENAZ,,,,,
718,847,SNOK,True,Southern-New Orleans,Knights,,,,,,60000847,,,https://s3-us-west-2.amazonaws.com/static.fantasydata.com/logos/ncaa/0.png,SU,,,,,
719,848,PJMC,False,Pittsburgh-Johnstown,Mountain Cats,,,,,,60000848,,,https://s3-us-west-2.amazonaws.com/static.fantasydata.com/logos/ncaa/0.png,PJ,,,,,
720,849,ALCE,True,Alice Lloyd College,Eagles,,,,,,60000849,,,https://s3-us-west-2.amazonaws.com/static.fantasydata.com/logos/ncaa/0.png,ALC,,,,,
721,850,AHC,False,Alabama Huntsville,Chargers,,,,,,60000850,,,https://s3-us-west-2.amazonaws.com/static.fantasydata.com/logos/ncaa/0.png,AH,,,,,
722,851,SID,False,Staten Island,Dolphins,,,,,,60000851,,,https://s3-us-west-2.amazonaws.com/static.fantasydata.com/logos/ncaa/0.png,CDG,,,,,
723,852,MOCO,True,Montreat College,Cavaliers,,,,,,60000852,,,https://s3-us-west-2.amazonaws.com/static.fantasydata.com/logos/ncaa/0.png,MOCO,,,,,
724,853,LETYJ,True,Le Tourneau,Yellow Jackets,,,,,,60000853,,,https://s3-us-west-2.amazonaws.com/static.fantasydata.com/logos/ncaa/0.png,LET,,,,,
725,854,FDMU,False,FDU Madison,Devils,,,,,,60000854,,,https://s3-us-west-2.amazonaws.com/static.fantasydata.com/logos/ncaa/0.png,FAA,,,,,
726,855,FISF,True,Fisher College,Falcons,,,,,,60000855,,,https://s3-us-west-2.amazonaws.com/static.fantasydata.com/logos/ncaa/0.png,FIS,,,,,
727,856,HUSSB,False,Husson,Braves,,,,,,60000856,,,https://s3-us-west-2.amazonaws.com/static.fantasydata.com/logos/ncaa/0.png,HUSS,,,,,
728,857,WALW,True,Waldorf College,Warriors,,,,,,60000857,,,https://s3-us-west-2.amazonaws.com/static.fantasydata.com/logos/ncaa/0.png,WAL,,,,,
729,858,NBRI,True,Newberry,Wolves,,,,,,60000858,,,https://s3-us-west-2.amazonaws.com/static.fantasydata.com/logos/ncaa/0.png,NBR,,,,,
730,859,OAKA,True,Oakwood,Ambassadors,,,,,,60000859,,,https://s3-us-west-2.amazonaws.com/static.fantasydata.com/logos/ncaa/0.png,OAKW,,,,,
731,860,CRF,False,Crowleys Ridge,Falcons,,,,,,60000860,,,https://s3-us-west-2.amazonaws.com/static.fantasydata.com/logos/ncaa/0.png,CROW,,,,,
732,861,NNME,True,Northern New Mexico,Eagles,,,,,,60000861,,,https://s3-us-west-2.amazonaws.com/static.fantasydata.com/logos/ncaa/0.png,NNM,,,,,
733,862,MARIK,False,Marian,Knights,,,,,,60000862,,,https://s3-us-west-2.amazonaws.com/static.fantasydata.com/logos/ncaa/0.png,MARI,,,,,
734,863,MMCL,False,Mount Mary College,Lancers,,,,,,60000863,,,https://s3-us-west-2.amazonaws.com/static.fantasydata.com/logos/ncaa/0.png,Lancers,,,,,
735,864,OWEN,True,Le Moyne-Owen,Magicians,,,,,,60000864,,,https://s3-us-west-2.amazonaws.com/static.fantasydata.com/logos/ncaa/0.png,LO,,,,,
736,865,CCSC,False,Columbia College (SC),Koalas,,,,,,60000865,,,https://s3-us-west-2.amazonaws.com/static.fantasydata.com/logos/ncaa/0.png,CCSC,,,,,
737,866,WOU,True,Western Oregon,Wolves,,,,,,60000866,,,https://s3-us-west-2.amazonaws.com/static.fantasydata.com/logos/ncaa/0.png,WOU,,,,,
738,867,ASH,True,Asbury,Eagles,,,,,,60000867,,,https://s3-us-west-2.amazonaws.com/static.fantasydata.com/logos/ncaa/0.png,ASH,,,,,
739,868,MUSK,True,Muskingum,Muskies,,,,,,60000868,,,https://s3-us-west-2.amazonaws.com/static.fantasydata.com/logos/ncaa/0.png,MUSK,,,,,
740,869,PHS,True,Philander Smith,Panthers,,,,,,60000869,,,https://s3-us-west-2.amazonaws.com/static.fantasydata.com/logos/ncaa/0.png,PHS,,,,,
741,870,OTAZ,True,Ottawa (AZ),Spirit,,,,,,60000870,,,https://s3-us-west-2.amazonaws.com/static.fantasydata.com/logos/ncaa/0.png,OTAZ,,,,,
742,871,SCSU,False,Southern Connecticut State,Owls,,,,,,60000871,,,https://s3-us-west-2.amazonaws.com/static.fantasydata.com/logos/ncaa/0.png,SCSU,,,,,
743,872,WILJ,True,William Jewell,Cardinals,,,,,,60000872,,,https://s3-us-west-2.amazonaws.com/static.fantasydata.com/logos/ncaa/0.png,WILJ,,,,,
744,873,CONV,True,Converse College,Valkyries,,,,,,60000873,,,https://s3-us-west-2.amazonaws.com/static.fantasydata.com/logos/ncaa/0.png,CONV,,,,,
745,874,BETHB,False,Anaheim,Bethesda,,,,,,60000874,,,https://s3-us-west-2.amazonaws.com/static.fantasydata.com/logos/ncaa/0.png,BETH,,,,,
746,875,PAIN,True,Paine,Lions,,,,,,60000875,,,https://s3-us-west-2.amazonaws.com/static.fantasydata.com/logos/ncaa/0.png,PAIN,,,,,
747,876,ALBS,True,Albany State (GA),Golden Rams,,,,,,60000876,,,https://s3-us-west-2.amazonaws.com/static.fantasydata.com/logos/ncaa/0.png,ALBS,,,,,
748,877,SHOR,True,Shorter,Hawks,,,,,,60000877,,,https://s3-us-west-2.amazonaws.com/static.fantasydata.com/logos/ncaa/0.png,SHOR,,,,,
749,878,STE,True,Health Sciences and Pharmacy,Eutectics,,,,,,60000878,,,https://s3-us-west-2.amazonaws.com/static.fantasydata.com/logos/ncaa/0.png,UHSP,,,,,
750,879,WMA,False,Wheaton College (MA),Lyons,,,,,,60000879,,,https://s3-us-west-2.amazonaws.com/static.fantasydata.com/logos/ncaa/0.png,WMA,,,,,
751,880,JCSC,False,New Jersey City,Gothic Knights,,,,,,60000880,,,https://s3-us-west-2.amazonaws.com/static.fantasydata.com/logos/ncaa/0.png,JCSC,,,,,
752,881,PHCH,False,Philadelphia,Chestnut,,,,,,60000881,,,https://s3-us-west-2.amazonaws.com/static.fantasydata.com/logos/ncaa/0.png,PHCH,,,,,
753,883,PACOR,False,Pacific (OR),Boxers,,,,,,60000883,,,https://s3-us-west-2.amazonaws.com/static.fantasydata.com/logos/ncaa/0.png,PACOR,,,,,
754,884,MRYV,True,Maryville (TN),Fighting Scots,,,,,,60000884,,,https://s3-us-west-2.amazonaws.com/static.fantasydata.com/logos/ncaa/0.png,MRYV,,,,,
755,885,MDV,True,Michigan Dearborn,Wolverines,,,,,,60000885,,,https://s3-us-west-2.amazonaws.com/static.fantasydata.com/logos/ncaa/0.png,MDV,,,,,
756,886,FLAG,True,Flagler,Saints,,,,,,60000886,,,https://s3-us-west-2.amazonaws.com/static.fantasydata.com/logos/ncaa/0.png,FLAG,,,,,
757,887,VF,True,Valley Forge,Patriots,,,,,,60000887,,,https://s3-us-west-2.amazonaws.com/static.fantasydata.com/logos/ncaa/0.png,VF,,,,,
758,888,CURR,False,Curry College,Colonels,,,,,,60000888,,,https://s3-us-west-2.amazonaws.com/static.fantasydata.com/logos/ncaa/0.png,CURRY,,,,,
759,889,MALONE,True,Malone,Pioneers,,,,,,60000889,,,https://s3-us-west-2.amazonaws.com/static.fantasydata.com/logos/ncaa/0.png,Malone,,,,,
760,890,CINC,True,Cincinnati Clermont,Cougars,,,,,,60000890,,,https://s3-us-west-2.amazonaws.com/static.fantasydata.com/logos/ncaa/0.png,Cinc,,,,,
761,891,MVS,False,Marymount VA,Saints,,,,,,60000891,,,https://s3-us-west-2.amazonaws.com/static.fantasydata.com/logos/ncaa/0.png,MVS,,,,,
762,892,FUDF,True,FDU-Florham,Devils,,,,,,60000892,,,https://s3-us-west-2.amazonaws.com/static.fantasydata.com/logos/ncaa/0.png,FUDF,,,,,
763,893,RHODE,True,Rhodes College,Lynx,,,,,,60000893,,,https://s3-us-west-2.amazonaws.com/static.fantasydata.com/logos/ncaa/0.png,Rhode,,,,,
764,894,THIEL,False,Thiel College,Tomcats,,,,,,60000894,,,https://s3-us-west-2.amazonaws.com/static.fantasydata.com/logos/ncaa/0.png,THIEL,,,,,
765,896,CONC,False,Concordia University (WI),Falcons,,,,,,60000896,,,https://s3-us-west-2.amazonaws.com/static.fantasydata.com/logos/ncaa/0.png,Conc,,,,,
766,898,OLIVET,False,Olivet Nazarene,Tigers,,,,,,60000898,,,https://s3-us-west-2.amazonaws.com/static.fantasydata.com/logos/ncaa/0.png,Olivet,,,,,
767,899,ILLWES,False,Illinois Wesleyan ,Titans,,,,,,60000899,,,https://s3-us-west-2.amazonaws.com/static.fantasydata.com/logos/ncaa/899.png,IllWes,,,,,
768,900,UAT,False,University of Texas at Dallas,Comets,,,,,,60000900,,,https://s3-us-west-2.amazonaws.com/static.fantasydata.com/logos/ncaa/0.png,UAT,,,,,
769,901,DELTA,False,Delta State,Statesmen,,,,,,60000901,,,https://s3-us-west-2.amazonaws.com/static.fantasydata.com/logos/ncaa/0.png,Delta,,,,,
770,902,DAVEN,False,Davenport University,Panthers,,,,,,60000902,,,https://s3-us-west-2.amazonaws.com/static.fantasydata.com/logos/ncaa/0.png,Daven,,,,,
771,903,WNM,True,Western New Mexico,Mustangs,,,,,,60000903,,,https://s3-us-west-2.amazonaws.com/static.fantasydata.com/logos/ncaa/903.png,WNM,,,,,
772,904,PLL,True,Pacific Lutheran,Lutes,,,,,,60000904,,,https://s3-us-west-2.amazonaws.com/static.fantasydata.com/logos/ncaa/0.png,PLL,,,,,
773,905,EVER,True,Evergreen State,Geoducks,,,,,,60000905,,,https://s3-us-west-2.amazonaws.com/static.fantasydata.com/logos/ncaa/0.png,EVER,,,,,
774,906,NDM,True,Notre Dame de Namur,Argonauts,,,,,,60000906,,,https://s3-us-west-2.amazonaws.com/static.fantasydata.com/logos/ncaa/0.png,NDM,,,,,
775,907,HIRAM,False,Hiram,Hiram,,,,,,60000907,,,https://s3-us-west-2.amazonaws.com/static.fantasydata.com/logos/ncaa/0.png,HIRAM,,,,,
776,908,PIKE,False,Pikeville,Bears,,,,,,60000908,,,https://s3-us-west-2.amazonaws.com/static.fantasydata.com/logos/ncaa/0.png,PIKE,,,,,
777,909,CHIM,False,Chicago,Maroons,,,,,,60000909,,,https://s3-us-west-2.amazonaws.com/static.fantasydata.com/logos/ncaa/0.png,CHIM,,,,,
778,910,CROWN,True,Crown College,Polars,,,,,,60000910,,,https://s3-us-west-2.amazonaws.com/static.fantasydata.com/logos/ncaa/0.png,CROWN,,,,,
779,911,HAMPT,False,Hampden-Sydney,Tigers,,,,,,60000911,,,https://s3-us-west-2.amazonaws.com/static.fantasydata.com/logos/ncaa/0.png,HAMPT,,,,,
780,912,SPOLY,True,SUNY Poly,Wildcats,,,,,,60000912,,,https://s3-us-west-2.amazonaws.com/static.fantasydata.com/logos/ncaa/0.png,SPOLY,,,,,
781,913,EDIN,True,Edinboro,Fighting Scots,,,,,,60000913,,,https://s3-us-west-2.amazonaws.com/static.fantasydata.com/logos/ncaa/0.png,EDIN,,,,,
782,914,ROCKY,True,Rocky,Mountain Bears,,,,,,60000914,,,https://s3-us-west-2.amazonaws.com/static.fantasydata.com/logos/ncaa/0.png,ROCKY,,,,,
783,915,GETTY,False,Gettysburg,Bullets,,,,,,60000915,,,https://s3-us-west-2.amazonaws.com/static.fantasydata.com/logos/ncaa/0.png,GETTY,,,,,
784,917,AND,True,Anderson (IN),Ravens,,,,,,60000917,,,https://s3-us-west-2.amazonaws.com/static.fantasydata.com/logos/ncaa/0.png,AND,,,,,
785,918,NEW,True,Newport News Apprentice,Builders,,,,,,60000918,,,https://s3-us-west-2.amazonaws.com/static.fantasydata.com/logos/ncaa/0.png,NEW,,,,,
786,919,VWH,True,Virginia-Wise Highland,Cavaliers,,,,,,60000919,,,https://s3-us-west-2.amazonaws.com/static.fantasydata.com/logos/ncaa/0.png,VWH,,,,,
787,920,PACI,True,Pacific Union,Pioneers,,,,,,60000920,,,https://s3-us-west-2.amazonaws.com/static.fantasydata.com/logos/ncaa/0.png,PACI,,,,,
788,921,FAIRS,True,Fairmont State,Falcons,,,,,,60000921,,,https://s3-us-west-2.amazonaws.com/static.fantasydata.com/logos/ncaa/921.png,FAIRS,,,,,
789,922,PHO,False,Phoenix,Saguaic,,,,,,60000922,,,https://s3-us-west-2.amazonaws.com/static.fantasydata.com/logos/ncaa/0.png,PHO,,,,,
790,923,GORDON,True,Gordon College,Fighting Scots,,,,,,60000923,,,https://s3-us-west-2.amazonaws.com/static.fantasydata.com/logos/ncaa/0.png,GORDON,,,,,
791,924,SIMPS,True,Simpson College,Storm,,,,,,60000924,,,https://s3-us-west-2.amazonaws.com/static.fantasydata.com/logos/ncaa/0.png,SIMPS,,,,,
792,925,SUNYPO,False,SUNY Potsdam,Bears,,,,,,60000925,,,https://s3-us-west-2.amazonaws.com/static.fantasydata.com/logos/ncaa/0.png,SUNYPO,,,,,
793,926,ROGERS,True,Rogers State,Hillcats,,,,,,60000926,,,https://s3-us-west-2.amazonaws.com/static.fantasydata.com/logos/ncaa/0.png,ROGERS,,,,,
794,927,CORN,True,Cornell College,Rams,,,,,,60000927,,,https://s3-us-west-2.amazonaws.com/static.fantasydata.com/logos/ncaa/0.png,CORN,,,,,
795,928,RED,True,Redlands,Bulldogs,,,,,,60000928,,,https://s3-us-west-2.amazonaws.com/static.fantasydata.com/logos/ncaa/0.png,RED,,,,,
796,929,BLUE,True,Bluefield State,Big Blues,,,,,,60000929,,,https://s3-us-west-2.amazonaws.com/static.fantasydata.com/logos/ncaa/0.png,BLUE,,,,,
797,930,CONCC,True,Concord College,Mountain Lions,,,,,,60000930,,,https://s3-us-west-2.amazonaws.com/static.fantasydata.com/logos/ncaa/0.png,CONCC,,,,,
798,931,LESLEY,True,Lesley,Lynx,,,,,,60000931,,,https://s3-us-west-2.amazonaws.com/static.fantasydata.com/logos/ncaa/0.png,LESLEY,,,,,
799,932,FPS,True,Fresno Pacific,Sunbirds,,,,,,60000932,,,https://s3-us-west-2.amazonaws.com/static.fantasydata.com/logos/ncaa/0.png,FPS,,,,,
800,933,TRINIL,True,Trinity (IL),Trolls,,,,,,60000933,,,https://s3-us-west-2.amazonaws.com/static.fantasydata.com/logos/ncaa/0.png,TRINIL,,,,,
801,934,THOMAS,True,St. Thomas (TX),Celts,,,,,,60000934,,,https://s3-us-west-2.amazonaws.com/static.fantasydata.com/logos/ncaa/0.png,THOMAS,,,,,"{'StadiumID': 509, 'Active': True, 'Name': 'Jerabeck Center', 'Address': None, 'City': 'Houston', 'State': 'TX', 'Zip': None, 'Country': None, 'Capacity': None, 'GeoLat': 29.73626, 'GeoLong': -95.39377}"
802,935,OHNO,True,Ohio Northern,Polar Bears,,,,,,60000935,,,https://s3-us-west-2.amazonaws.com/static.fantasydata.com/logos/ncaa/0.png,OHNO,,,,,
803,936,SWCU,True,Southwestern Christian,Eagles,,,,,,60000936,,,https://s3-us-west-2.amazonaws.com/static.fantasydata.com/logos/ncaa/0.png,SWCU,,,,,
804,937,NORTH,False,North Central,Cardinals,,,,,,60000937,,,https://s3-us-west-2.amazonaws.com/static.fantasydata.com/logos/ncaa/0.png,NORTH,,,,,
805,938,ECT,True,East Central,Tigers,,,,,,60000938,,,https://s3-us-west-2.amazonaws.com/static.fantasydata.com/logos/ncaa/0.png,ECT,,,,,
806,939,EUREKA,True,Eureka,Red Devils,,,,,,60000939,,,https://s3-us-west-2.amazonaws.com/static.fantasydata.com/logos/ncaa/0.png,EUREKA,,,,,
807,940,ED,False,Edmonds,Tritons,,,,,,60000940,,,https://s3-us-west-2.amazonaws.com/static.fantasydata.com/logos/ncaa/0.png,ED,,,,,
808,942,TOCCOA,True,Toccoa Falls,Eagles,,,,,,60000942,,,https://s3-us-west-2.amazonaws.com/static.fantasydata.com/logos/ncaa/0.png,TOCCOA,,,,,
809,943,SAGU,True,SAGU American Indian College,Warriors,,,,,,60000943,,,https://s3-us-west-2.amazonaws.com/static.fantasydata.com/logos/ncaa/0.png,SAGU,,,,,
810,945,POST,False,LIU Post,Pioneers,,0.0,0.0,0.0,0.0,60000945,,,https://s3-us-west-2.amazonaws.com/static.fantasydata.com/logos/ncaa/0.png,POST,,,,,
811,946,AUB,False,Auburn Montgomery,Warhawks,,,,,,60000946,,,https://s3-us-west-2.amazonaws.com/static.fantasydata.com/logos/ncaa/0.png,AUB,,,,,
812,947,GUELPH,False,Guelph,Gryphons,,,,,,60000947,,,https://s3-us-west-2.amazonaws.com/static.fantasydata.com/logos/ncaa/0.png,GUELPH,,,,,
813,948,EASTERN,True,Eastern,Eagles,,,,,,60000948,,,https://s3-us-west-2.amazonaws.com/static.fantasydata.com/logos/ncaa/0.png,EASTERN,,,,,
814,949,RIO,True,Rio Grande ,Red Storm,,,,,,60000949,,,https://s3-us-west-2.amazonaws.com/static.fantasydata.com/logos/ncaa/0.png,RIO,,,,,
815,950,MARTY,True,Mount Marty,Lancers,,,,,,60000950,,,https://s3-us-west-2.amazonaws.com/static.fantasydata.com/logos/ncaa/0.png,MARTY,,,,,
816,952,WES,True,Tennessee Wesleyan,Bulldogs,,,,,,60000952,,,https://s3-us-west-2.amazonaws.com/static.fantasydata.com/logos/ncaa/0.png,WES,,,,,
817,953,HASK,True,Haskell,Jayhawks,,,,,,60000953,,,https://s3-us-west-2.amazonaws.com/static.fantasydata.com/logos/ncaa/0.png,HASK,,,,,
818,954,SUMMIT,True,Clarks Summit,Defenders,,,,,,60000954,,,https://s3-us-west-2.amazonaws.com/static.fantasydata.com/logos/ncaa/0.png,SUMMIT,,,,,
819,955,GANNON,True,Gannon,Golden Knights,,,,,,60000955,,,https://s3-us-west-2.amazonaws.com/static.fantasydata.com/logos/ncaa/0.png,GANNON,,,,,
820,956,FAMILY,False,Holy Family,Tigers,,,,,,60000956,,,https://s3-us-west-2.amazonaws.com/static.fantasydata.com/logos/ncaa/0.png,FAMILY,,,,,
821,957,STLB,True,St. Thomas (FL),Bobcats,,,,,,60000957,,,https://s3-us-west-2.amazonaws.com/static.fantasydata.com/logos/ncaa/0.png,STLB,,,,,
822,958,BAC,True,Belmont Abbey,Crusaders,,,,,,60000958,,,https://s3-us-west-2.amazonaws.com/static.fantasydata.com/logos/ncaa/0.png,BAC,,,,,
823,959,CCMO,True,Central Christian (MO),Saints,,,,,,60000959,,,https://s3-us-west-2.amazonaws.com/static.fantasydata.com/logos/ncaa/0.png,CCMO,,,,,
824,960,SFS,True,San Francisco State,Gators,,,,,,60000960,,,https://s3-us-west-2.amazonaws.com/static.fantasydata.com/logos/ncaa/0.png,SFS,,,,,
825,961,LAND,True,Lander,Bearcats,,,,,,60000961,,,https://s3-us-west-2.amazonaws.com/static.fantasydata.com/logos/ncaa/0.png,LAND,,,,,
826,962,QUEEN,True,Queens (NC),Royals,,3.0,3.0,0.0,0.0,60000962,4.0,Atlantic Sun,https://s3-us-west-2.amazonaws.com/static.fantasydata.com/logos/ncaa/962.png,QUEEN,0F2B5B,857040,,,"{'StadiumID': 538, 'Active': True, 'Name': 'Curry Arena', 'Address': None, 'City': 'Charlotte', 'State': 'NC', 'Zip': None, 'Country': None, 'Capacity': 2500, 'GeoLat': None, 'GeoLong': None}"
827,963,RAN,True,Randall,Saints,,,,,,60000963,,,https://s3-us-west-2.amazonaws.com/static.fantasydata.com/logos/ncaa/0.png,RAN,,,,,
828,964,NCMN,True,North Central (MN),Rams,,,,,,60000964,,,https://s3-us-west-2.amazonaws.com/static.fantasydata.com/logos/ncaa/0.png,NCMN,,,,,
829,969,THOM,True,Thomas (GA),Night Hawks,,,,,,60000969,,,https://s3-us-west-2.amazonaws.com/static.fantasydata.com/logos/ncaa/0.png,THOM,,,,,
830,970,DOANE,True,Doane,Tigers,,,,,,60000970,,,https://s3-us-west-2.amazonaws.com/static.fantasydata.com/logos/ncaa/0.png,DOANE,,,,,
831,971,CHOW,True,Chowan,Hawks,,,,,,60000971,,,https://s3-us-west-2.amazonaws.com/static.fantasydata.com/logos/ncaa/0.png,CHOW,,,,,
832,972,SUL,True,Sul Ross State,Lobos,,,,,,60000972,,,https://s3-us-west-2.amazonaws.com/static.fantasydata.com/logos/ncaa/0.png,SUL,,,,,
833,973,LINDEN,False,Lindenwood-Belleville,Lynx,,,,,,60000973,,,https://s3-us-west-2.amazonaws.com/static.fantasydata.com/logos/ncaa/0.png,LINDEN,,,,,
834,975,MSJ,True,Mt. St. Joseph,Lions,,,,,,60000975,,,https://s3-us-west-2.amazonaws.com/static.fantasydata.com/logos/ncaa/0.png,MSJ,,,,,
835,976,WHIT,True,Whittier,Poets,,,,,,60000976,,,https://s3-us-west-2.amazonaws.com/static.fantasydata.com/logos/ncaa/0.png,WHIT,,,,,
836,977,NAS,True,North American,Stallions,,,,,,60000977,,,https://s3-us-west-2.amazonaws.com/static.fantasydata.com/logos/ncaa/0.png,NAS,,,,,
837,978,MDW,False,Michigan-Dearborn,Wolves,,,,,,60000978,,,https://s3-us-west-2.amazonaws.com/static.fantasydata.com/logos/ncaa/0.png,MDW,,,,,
838,979,OCE,True,Oklahoma Christian,Eagles,,,,,,60000979,,,https://s3-us-west-2.amazonaws.com/static.fantasydata.com/logos/ncaa/0.png,OCE,,,,,
839,981,GCL,True,Georgian Court,Lions,,,,,,60000981,,,https://s3-us-west-2.amazonaws.com/static.fantasydata.com/logos/ncaa/0.png,GCL,,,,,
840,983,UMSL,False,University of Missouri-St.Louis,Tritons,,,,,,60000983,,,https://s3-us-west-2.amazonaws.com/static.fantasydata.com/logos/ncaa/0.png,UMSL,,,,,
841,984,HASKELL,False,Haskell Indian Nations,Fighting Indians,,,,,,60000984,,,https://s3-us-west-2.amazonaws.com/static.fantasydata.com/logos/ncaa/0.png,HASKELL,,,,,
842,985,HFAMILY,False,Holy Family College,Lakers,,,,,,60000985,,,https://s3-us-west-2.amazonaws.com/static.fantasydata.com/logos/ncaa/0.png,HFAMILY,,,,,
843,986,PSY,True,Penn State-York,Nittany Lions,,,,,,60000986,,,https://s3-us-west-2.amazonaws.com/static.fantasydata.com/logos/ncaa/0.png,PSY,,,,,
844,987,VAN,True,Vanguard,Lions,,,,,,60000987,,,https://s3-us-west-2.amazonaws.com/static.fantasydata.com/logos/ncaa/0.png,VAN,,,,,
845,988,MORE,True,Morehouse College,Maroon,,,,,,60000988,,,https://s3-us-west-2.amazonaws.com/static.fantasydata.com/logos/ncaa/0.png,Tigers,,,,,
846,989,LEWIS,True,Lewis,Flyers,,,,,,60000989,,,https://s3-us-west-2.amazonaws.com/static.fantasydata.com/logos/ncaa/0.png,LEW,,,,,
847,990,CSEB,True,Cal State-East Bay,Pioneers,,,,,,60000990,,,https://s3-us-west-2.amazonaws.com/static.fantasydata.com/logos/ncaa/0.png,CSEB,,,,,
848,991,PLN,False,Point Loma Nazarene,Sea Lions,,,,,,60000991,,,https://s3-us-west-2.amazonaws.com/static.fantasydata.com/logos/ncaa/0.png,PLN,,,,,
849,992,MUHL,False,Muhlenberg,Mules,,,,,,60000992,,,https://s3-us-west-2.amazonaws.com/static.fantasydata.com/logos/ncaa/0.png,MUHL,,,,,
850,993,MSM,False,Minnesota State-Mankato,Mavericks,,,,,,60000993,,,https://s3-us-west-2.amazonaws.com/static.fantasydata.com/logos/ncaa/0.png,MSM,,,,,
851,994,SRU,False,Slippery Rock,Rock,,,,,,60000994,,,https://s3-us-west-2.amazonaws.com/static.fantasydata.com/logos/ncaa/994.png,SRU,,,,,
852,995,SJM,False,Saint John's (MN),Johnnies,,,,,,60000995,,,https://s3-us-west-2.amazonaws.com/static.fantasydata.com/logos/ncaa/0.png,SJM,,,,,
853,996,UWW,False,Wisconsin-Whitewater,Warhawks,,,,,,60000996,,,https://s3-us-west-2.amazonaws.com/static.fantasydata.com/logos/ncaa/0.png,UWW,,,,,
854,997,UWF,True,West Florida,Argonauts,,,,,,60000997,,,https://s3-us-west-2.amazonaws.com/static.fantasydata.com/logos/ncaa/0.png,UWF,,,,,
855,998,FSB,False,Ferris State,Bulldogs,,,,,,60000998,,,https://s3-us-west-2.amazonaws.com/static.fantasydata.com/logos/ncaa/0.png,FSU,,,,,
856,999,CLRK,True,Clark,Cougars,,,,,,60000999,,,https://s3-us-west-2.amazonaws.com/static.fantasydata.com/logos/ncaa/0.png,CLRK,,,,,
857,1000,SUB,True,Shaw,Bears,,,,,,60001000,,,https://s3-us-west-2.amazonaws.com/static.fantasydata.com/logos/ncaa/0.png,SUB,,,,,
858,1001,LBB,False,Livingstone,Blue Bears,,,,,,60001001,,,https://s3-us-west-2.amazonaws.com/static.fantasydata.com/logos/ncaa/1001.png,LBB,,,,,
859,1002,DBU,False,Dallas Baptist,Patriots,,,,,,60001002,,,https://s3-us-west-2.amazonaws.com/static.fantasydata.com/logos/ncaa/0.png,DBU,,,,,
860,1003,OBB,True,Oklahoma Baptist,Bison,,,,,,60001003,,,https://s3-us-west-2.amazonaws.com/static.fantasydata.com/logos/ncaa/1003.png,OBB,,,,,
861,1004,DOCP,False,Dominican (CA),Penguins,,,,,,60001004,,,https://s3-us-west-2.amazonaws.com/static.fantasydata.com/logos/ncaa/0.png,DOCP,,,,,
862,1005,AAUK,True,Academy of Art,Urban Knights,,,,,,60001005,,,https://s3-us-west-2.amazonaws.com/static.fantasydata.com/logos/ncaa/0.png,AAUK,,,,,
863,1006,CUI,True,Concordia-Irvine,Eagles,,,,,,60001006,,,https://s3-us-west-2.amazonaws.com/static.fantasydata.com/logos/ncaa/0.png,CUI,,,,,
864,1007,UCSD,True,California-San Diego,Tritons,,4.0,0.0,0.0,0.0,60001007,11.0,Big West,https://s3-us-west-2.amazonaws.com/static.fantasydata.com/logos/ncaa/1007.png,UCSD,182B49,00629B,FFCD00,C69214,"{'StadiumID': 479, 'Active': True, 'Name': 'LionTree Arena', 'Address': None, 'City': 'San Diego', 'State': 'CA', 'Zip': None, 'Country': None, 'Capacity': 4000, 'GeoLat': 32.885278, 'GeoLong': -117.239223}"
865,1009,SHP,False,Shippensburg,Raiders,,,,,,60001009,,,https://s3-us-west-2.amazonaws.com/static.fantasydata.com/logos/ncaa/0.png,SHP,,,,,
866,1011,UCCS,False,Colorado-Colorado Springs,Mountain Lions,,,,,,60001011,,,https://s3-us-west-2.amazonaws.com/static.fantasydata.com/logos/ncaa/0.png,UCCS,,,,,
867,1012,NTHW,True,Northwood,Timberwolves,,,,,,60001012,,,https://s3-us-west-2.amazonaws.com/static.fantasydata.com/logos/ncaa/0.png,NTHW,,,,,
868,1013,ECKC,True,Eckerd College,Tritons,,,,,,60001013,,,https://s3-us-west-2.amazonaws.com/static.fantasydata.com/logos/ncaa/0.png,ECKC,,,,,
869,1014,MSR,False,Metropolitan State,Roadrunners,,,,,,60001014,,,https://s3-us-west-2.amazonaws.com/static.fantasydata.com/logos/ncaa/0.png,MSR,,,,,
870,1016,RUTC,True,Rutgers-Camden,Scarlet Raptors,,,,,,60001016,,,https://s3-us-west-2.amazonaws.com/static.fantasydata.com/logos/ncaa/0.png,RUTC,,,,,
871,1017,CRC,True,Crowley's Ridge College,Pioneers,,,,,,60001017,,,https://s3-us-west-2.amazonaws.com/static.fantasydata.com/logos/ncaa/0.png,CRC,,,,,
872,1018,VST,True,Virginia State,Trojans,,,,,,60001018,,,https://s3-us-west-2.amazonaws.com/static.fantasydata.com/logos/ncaa/0.png,VST,,,,,
873,1019,VUP,False,Virginia Union,Panthers,,,,,,60001019,,,https://s3-us-west-2.amazonaws.com/static.fantasydata.com/logos/ncaa/0.png,VUP,,,,,
874,1020,CUP,False,Clafin,Panthers,,,,,,60001020,,,https://s3-us-west-2.amazonaws.com/static.fantasydata.com/logos/ncaa/0.png,CUP,,,,,
875,1021,OHC,False,Oak Hill Christian,Wolfpack,,,,,,60001021,,,https://s3-us-west-2.amazonaws.com/static.fantasydata.com/logos/ncaa/0.png,OHC,,,,,
876,1023,DEA,True,Dean College,Bulldogs,,,,,,60001023,,,https://s3-us-west-2.amazonaws.com/static.fantasydata.com/logos/ncaa/0.png,DEA,,,,,
877,1024,TARL,True,Tarleton State,Texans,,4.0,3.0,0.0,0.0,60001024,33.0,Western Athletic,https://s3-us-west-2.amazonaws.com/static.fantasydata.com/logos/ncaa/1024.png,TARL,4F2D7F,FFFFFF,,,"{'StadiumID': 487, 'Active': True, 'Name': 'Wisdom Gym', 'Address': None, 'City': 'Stephenville', 'State': 'TX', 'Zip': None, 'Country': None, 'Capacity': 3000, 'GeoLat': 32.215438, 'GeoLong': -98.220617}"
878,1025,BELLA,True,Bellarmine,Knights,,1.0,4.0,0.0,0.0,60001025,4.0,Atlantic Sun,https://s3-us-west-2.amazonaws.com/static.fantasydata.com/logos/ncaa/1025.png,BELLA,660000,CCCCCC,,,"{'StadiumID': 480, 'Active': True, 'Name': 'Knights Hall', 'Address': None, 'City': 'Louisville', 'State': 'KY', 'Zip': None, 'Country': None, 'Capacity': 2196, 'GeoLat': 38.2198, 'GeoLong': -85.703}"
879,1028,BEL,True,Belhaven,Blazers,,,,,,60001028,,,https://s3-us-west-2.amazonaws.com/static.fantasydata.com/logos/ncaa/0.png,BEL,,,,,
880,1029,INDY,True,Indianapolis,Greyhounds,,,,,,60001029,,,https://s3-us-west-2.amazonaws.com/static.fantasydata.com/logos/ncaa/0.png,INDY,,,,,
881,1030,VAW,True,VA Wesleyan,Blue Marlins,,,,,,60001030,,,https://s3-us-west-2.amazonaws.com/static.fantasydata.com/logos/ncaa/0.png,VAW,,,,,
882,1031,PPU,True,Point Park,Pioneers,,,,,,60001031,,,https://s3-us-west-2.amazonaws.com/static.fantasydata.com/logos/ncaa/0.png,PPU,,,,,
883,1032,ADAMS,True,Adams State,Grizzlies,,,,,,60001032,,,https://s3-us-west-2.amazonaws.com/static.fantasydata.com/logos/ncaa/0.png,ADAMS,,,,,
884,1033,NG,True,North Georgia,Saints,,,,,,60001033,,,https://s3-us-west-2.amazonaws.com/static.fantasydata.com/logos/ncaa/0.png,NG,,,,,
885,1034,LIME,True,Limestone,Saints,,,,,,60001034,,,https://s3-us-west-2.amazonaws.com/static.fantasydata.com/logos/ncaa/0.png,LIME,,,,,
886,1035,LBC,True,Lancaster Bible College,Chargers,,,,,,60001035,,,https://s3-us-west-2.amazonaws.com/static.fantasydata.com/logos/ncaa/0.png,LBC,,,,,
887,1036,SHRE,True,LSU-Shreveport,Pilots,,,,,,60001036,,,https://s3-us-west-2.amazonaws.com/static.fantasydata.com/logos/ncaa/0.png,SHRE,,,,,
888,1037,GSW,True,Georgia Southwestern State,Hurricanes,,,,,,60001037,,,https://s3-us-west-2.amazonaws.com/static.fantasydata.com/logos/ncaa/0.png,GSW,,,,,
889,1038,CARO,True,Carolina,Bruins,,,,,,60001038,,,https://s3-us-west-2.amazonaws.com/static.fantasydata.com/logos/ncaa/0.png,CARO,,,,,
890,1039,RIC,True,Rhode Island College,Anchormen,,,,,,60001039,,,https://s3-us-west-2.amazonaws.com/static.fantasydata.com/logos/ncaa/0.png,RIC,,,,,
891,1040,MHB,True,Mary Hardin-Baylor,Crusaders,,,,,,60001040,,,https://s3-us-west-2.amazonaws.com/static.fantasydata.com/logos/ncaa/0.png,MHB,,,,,
892,1041,TAMT,True,Texas A&M-Texarkana,Eagles,,,,,,60001041,,,https://s3-us-west-2.amazonaws.com/static.fantasydata.com/logos/ncaa/0.png,TAMT,,,,,
893,1042,CARLOW,True,Carlow,Celtics,,,,,,60001042,,,https://s3-us-west-2.amazonaws.com/static.fantasydata.com/logos/ncaa/0.png,CARLOW,,,,,
894,1043,EMM,True,Emmanuel,Lions,,,,,,60001043,,,https://s3-us-west-2.amazonaws.com/static.fantasydata.com/logos/ncaa/0.png,EMM,,,,,
895,1044,CSC,True,Columbus State,Cougars,,,,,,60001044,,,https://s3-us-west-2.amazonaws.com/static.fantasydata.com/logos/ncaa/0.png,CSC,,,,,
896,1045,EVA,True,Evangel ,Valor,,,,,,60001045,,,https://s3-us-west-2.amazonaws.com/static.fantasydata.com/logos/ncaa/0.png,EVA,,,,,
897,1046,TIU,True,Trinity International,Trojans,,,,,,60001046,,,https://s3-us-west-2.amazonaws.com/static.fantasydata.com/logos/ncaa/0.png,TIU,,,,,
898,1047,TUP,True,Transylvania,Pioneers,,,,,,60001047,,,https://s3-us-west-2.amazonaws.com/static.fantasydata.com/logos/ncaa/0.png,TUP,,,,,
899,1048,BCRR,True,Bluefield College,Ramblin' Rams,,,,,,60001048,,,https://s3-us-west-2.amazonaws.com/static.fantasydata.com/logos/ncaa/0.png,BCRR,,,,,
900,1049,PUG,True,Park-Gilbert,Buccaneers,,,,,,60001049,,,https://s3-us-west-2.amazonaws.com/static.fantasydata.com/logos/ncaa/0.png,PUG,,,,,
901,1050,LCST,False,Lewis Clark State,Warriors,,,,,,60001050,,,https://s3-us-west-2.amazonaws.com/static.fantasydata.com/logos/ncaa/0.png,LCST,,,,,
902,1051,CCGA,True,College of Coastal Georgia,Mariners,,,,,,60001051,,,https://s3-us-west-2.amazonaws.com/static.fantasydata.com/logos/ncaa/0.png,CCGA,,,,,
903,1052,LUM,True,Lincoln (MO),Blue Tigers,,,,,,60001052,,,https://s3-us-west-2.amazonaws.com/static.fantasydata.com/logos/ncaa/0.png,LUM,,,,,
904,1053,LURE,True,Life,Running Eagles,,,,,,60001053,,,https://s3-us-west-2.amazonaws.com/static.fantasydata.com/logos/ncaa/0.png,LURE,,,,,
905,1054,MIDWS,True,Midwestern State,Mustangs,,,,,,60001054,,,https://s3-us-west-2.amazonaws.com/static.fantasydata.com/logos/ncaa/0.png,MIDW,,,,,
906,1055,SCA,True,SC Aiken,Pacers,,,,,,60001055,,,https://s3-us-west-2.amazonaws.com/static.fantasydata.com/logos/ncaa/0.png,SCA,,,,,
907,1056,NCPM,False,NC Pembroke,Braves,,,,,,60001056,,,https://s3-us-west-2.amazonaws.com/static.fantasydata.com/logos/ncaa/0.png,NCPM,,,,,
908,1057,TAL,False,Talladega,Tornadoes,,,,,,60001057,,,https://s3-us-west-2.amazonaws.com/static.fantasydata.com/logos/ncaa/0.png,TAL,,,,,
909,1058,TUSC,True,Tusculum,Pioneers,,,,,,60001058,,,https://s3-us-west-2.amazonaws.com/static.fantasydata.com/logos/ncaa/1058.png,TUSC,,,,,
910,1059,KEENE,True,Keene State,Owls,,,,,,60001059,,,https://s3-us-west-2.amazonaws.com/static.fantasydata.com/logos/ncaa/0.png,KEENE,,,,,
911,1060,FTLAUD,True,Fort Lauderdale,Eagles,,,,,,60001060,,,https://s3-us-west-2.amazonaws.com/static.fantasydata.com/logos/ncaa/0.png,FTLAUD,,,,,
912,1061,TRINE,True,Trine,Thunder,,,,,,60001061,,,https://s3-us-west-2.amazonaws.com/static.fantasydata.com/logos/ncaa/0.png,TRINE,,,,,"{'StadiumID': 492, 'Active': True, 'Name': 'MTI Center', 'Address': None, 'City': 'Angola', 'State': 'IN', 'Zip': None, 'Country': None, 'Capacity': 3500, 'GeoLat': 41.63159, 'GeoLong': -85.012356}"
913,1062,MRCY,True,Mercyhurst,Lakers,,3.0,3.0,0.0,0.0,60001062,22.0,Northeast,https://s3-us-west-2.amazonaws.com/static.fantasydata.com/logos/ncaa/1062.png,MRCY,0F4F44,171E3A,,,"{'StadiumID': 605, 'Active': True, 'Name': 'Mercyhurst Athletic Center', 'Address': None, 'City': 'Erie', 'State': 'PA', 'Zip': None, 'Country': None, 'Capacity': None, 'GeoLat': None, 'GeoLong': None}"
914,1063,STAMB,True,St. Ambrose,Fighting Bees,,,,,,60001063,,,https://s3-us-west-2.amazonaws.com/static.fantasydata.com/logos/ncaa/0.png,STAMB,,,,,
915,1064,ACU,True,Arizona Christian,Firestorm,,,,,,60001064,,,https://s3-us-west-2.amazonaws.com/static.fantasydata.com/logos/ncaa/0.png,ACU,,,,,"{'StadiumID': 491, 'Active': True, 'Name': 'ACU Events Center', 'Address': None, 'City': 'Glendale', 'State': 'AZ', 'Zip': None, 'Country': None, 'Capacity': 1000, 'GeoLat': 33.621456, 'GeoLong': -112.184314}"
916,1065,WSHB,True,Washburn,Ichabods,,,,,,60001065,,,https://s3-us-west-2.amazonaws.com/static.fantasydata.com/logos/ncaa/0.png,WSHB,,,,,
917,1066,NEWM,True,Newman,Jets,,,,,,60001066,,,https://s3-us-west-2.amazonaws.com/static.fantasydata.com/logos/ncaa/0.png,NEWM,,,,,
918,1067,ACB,True,Adrian College,Bulldogs,,,,,,60001067,,,https://s3-us-west-2.amazonaws.com/static.fantasydata.com/logos/ncaa/0.png,ACB,,,,,
919,1068,CALVIN,True,Calvin,Knights,,,,,,60001068,,,https://s3-us-west-2.amazonaws.com/static.fantasydata.com/logos/ncaa/0.png,CALVIN,,,,,
920,1069,USMMA,True,US Merchant Marine Academy,Mariners,,,,,,60001069,,,https://s3-us-west-2.amazonaws.com/static.fantasydata.com/logos/ncaa/0.png,USMMA,,,,,
921,1070,SALEM,True,Salem,Tigers,,,,,,60001070,,,https://s3-us-west-2.amazonaws.com/static.fantasydata.com/logos/ncaa/0.png,SALEM,,,,,
922,1071,GREENP,True,Greenville,Panthers,,,,,,60001071,,,https://s3-us-west-2.amazonaws.com/static.fantasydata.com/logos/ncaa/0.png,GREENP,,,,,
923,1073,FDF,False,Fairleigh Dickinson Florham,Devils,,,,,,60001073,,,https://s3-us-west-2.amazonaws.com/static.fantasydata.com/logos/ncaa/0.png,FDF,,,,,
924,1074,CATA,True,Catawba,Indians,,,,,,60001074,,,https://s3-us-west-2.amazonaws.com/static.fantasydata.com/logos/ncaa/1074.png,CATA,,,,,
925,1075,SX,True,Saint Xavier,Cougars,,,,,,60001075,,,https://s3-us-west-2.amazonaws.com/static.fantasydata.com/logos/ncaa/0.png,SX,,,,,
926,1076,POINT,True,Point,Skyhawks,,,,,,60001076,,,https://s3-us-west-2.amazonaws.com/static.fantasydata.com/logos/ncaa/0.png,POINT,,,,,
927,1077,LASU,True,La Sierra,Golden Eagles,,,,,,60001077,,,https://s3-us-west-2.amazonaws.com/static.fantasydata.com/logos/ncaa/0.png,LASU,,,,,
928,1078,SPC,True,Spurgeon College,Knights,,,,,,60001078,,,https://s3-us-west-2.amazonaws.com/static.fantasydata.com/logos/ncaa/0.png,SPC,,,,,
929,1079,CSM,True,Colorado School of Mines,Orediggers,,,,,,60001079,,,https://s3-us-west-2.amazonaws.com/static.fantasydata.com/logos/ncaa/0.png,CSM,,,,,
930,1080,FHSU,True,Fort Hays State,Tigers,,,,,,60001080,,,https://s3-us-west-2.amazonaws.com/static.fantasydata.com/logos/ncaa/0.png,FHSU,,,,,
931,1081,CSUP,True,Colorado State-Pueblo,ThunderWolves,,,,,,60001081,,,https://s3-us-west-2.amazonaws.com/static.fantasydata.com/logos/ncaa/0.png,CSUP,,,,,
932,1082,YCC,True,Yellowstone Christian College,Centurions,,,,,,60001082,,,https://s3-us-west-2.amazonaws.com/static.fantasydata.com/logos/ncaa/0.png,YCC,,,,,
933,1083,DSR,True,Dalton State,Roadrunners,,,,,,60001083,,,https://s3-us-west-2.amazonaws.com/static.fantasydata.com/logos/ncaa/0.png,DSR,,,,,
934,1084,COR,True,Cornerstone,Golden Eagles,,,,,,60001084,,,https://s3-us-west-2.amazonaws.com/static.fantasydata.com/logos/ncaa/0.png,COR,,,,,
935,1085,CCMC,True,Columbia College,Cougars,,,,,,60001085,,,https://s3-us-west-2.amazonaws.com/static.fantasydata.com/logos/ncaa/0.png,CCMC,,,,,
936,1087,WVT,True,West Virginia Tech,Golden Bears,,,,,,60001087,,,https://s3-us-west-2.amazonaws.com/static.fantasydata.com/logos/ncaa/0.png,WVT,,,,,
937,1088,CSVILLE,True,Campbellsville-Harrodsburg,Pioneers,,,,,,60001088,,,https://s3-us-west-2.amazonaws.com/static.fantasydata.com/logos/ncaa/0.png,CSVILLE,,,,,
938,1090,LEEU,True,Lee,Flames,,,,,,60001090,,,https://s3-us-west-2.amazonaws.com/static.fantasydata.com/logos/ncaa/0.png,LEEU,,,,,
939,1091,STMS,True,St Martins,Saints,,,,,,60001091,,,https://s3-us-west-2.amazonaws.com/static.fantasydata.com/logos/ncaa/0.png,STMS,,,,,
940,1092,WHW,True,Whitworth,Pirates,,,,,,60001092,,,https://s3-us-west-2.amazonaws.com/static.fantasydata.com/logos/ncaa/0.png,WHW,,,,,
941,1093,WING,True,Wingate,Bulldogs,,,,,,60001093,,,https://s3-us-west-2.amazonaws.com/static.fantasydata.com/logos/ncaa/0.png,WING,,,,,
942,1094,BERRY,False,Berry College,Vikings,,,,,,60001094,,,https://s3-us-west-2.amazonaws.com/static.fantasydata.com/logos/ncaa/0.png,BERRY,,,,,
943,1095,YHAR,False,Young Harris College,Mountain Lions,,,,,,60001095,,,https://s3-us-west-2.amazonaws.com/static.fantasydata.com/logos/ncaa/0.png,YHAR,,,,,
944,1096,SWAD,True,Southwestern Adventist,Knights,,,,,,60001096,,,https://s3-us-west-2.amazonaws.com/static.fantasydata.com/logos/ncaa/0.png,SWAD,,,,,
945,1097,GRGF,True,George Fox,Bruins,,,,,,60001097,,,https://s3-us-west-2.amazonaws.com/static.fantasydata.com/logos/ncaa/0.png,GRGF,,,,,
946,1098,SVK,True,Southern Virginia,Knights,,,,,,60001098,,,https://s3-us-west-2.amazonaws.com/static.fantasydata.com/logos/ncaa/0.png,SVK,,,,,
947,1099,SCR,False,Shepherd College,Rams,,,,,,60001099,,,https://s3-us-west-2.amazonaws.com/static.fantasydata.com/logos/ncaa/0.png,SCR,,,,,
948,1100,NESTST,True,Northeastern State,RiverHawks,,,,,,60001100,,,https://s3-us-west-2.amazonaws.com/static.fantasydata.com/logos/ncaa/0.png,NESTST,,,,,
949,1101,WTAM,False,West Texas A&M,Buffaloes,,,,,,60001101,,,https://s3-us-west-2.amazonaws.com/static.fantasydata.com/logos/ncaa/0.png,WTAM,,,,,
950,1102,NMSU,False,Northwest Missouri State University,Bearcats,,,,,,60001102,,,https://s3-us-west-2.amazonaws.com/static.fantasydata.com/logos/ncaa/0.png,NMSU,,,,,
951,1103,CONCMN,True,Concordia-Moorhead,Cobbers,,,,,,60001103,,,https://s3-us-west-2.amazonaws.com/static.fantasydata.com/logos/ncaa/0.png,CONCMN,,,,,
952,1104,MANHV,True,Manhattanville,Valiants,,,,,,60001104,,,https://s3-us-west-2.amazonaws.com/static.fantasydata.com/logos/ncaa/0.png,MANHV,,,,,
953,1105,HAST,True,Hastings College,Broncos,,,,,,60001105,,,https://s3-us-west-2.amazonaws.com/static.fantasydata.com/logos/ncaa/0.png,HAST,,,,,
954,1106,HOPE,True,Hope,Flying Dutchman,,,,,,60001106,,,https://s3-us-west-2.amazonaws.com/static.fantasydata.com/logos/ncaa/0.png,HOPE,,,,,
955,1108,WHEEL,True,Wheeling,Cardinals,,,,,,60001108,,,https://s3-us-west-2.amazonaws.com/static.fantasydata.com/logos/ncaa/0.png,WHEEL,,,,,
956,1109,SAGV,True,Saginaw Valley,Cardinals,,,,,,60001109,,,https://s3-us-west-2.amazonaws.com/static.fantasydata.com/logos/ncaa/0.png,SAGV,,,,,
957,1110,BUFST,True,Buffalo State,Bengals,,,,,,60001110,,,https://s3-us-west-2.amazonaws.com/static.fantasydata.com/logos/ncaa/0.png,BUFST,,,,,
958,1111,NYAC,True,Nyack College,Warriors,,,,,,60001111,,,https://s3-us-west-2.amazonaws.com/static.fantasydata.com/logos/ncaa/0.png,NYAC,,,,,
959,1112,STMN,True,St. Thomas (MN),Tommies,,3.0,2.0,0.0,0.0,60001112,30.0,Summit,https://s3-us-west-2.amazonaws.com/static.fantasydata.com/logos/ncaa/1112.png,STMN,663399,999999,,,"{'StadiumID': 515, 'Active': True, 'Name': 'Schoenecker Arena', 'Address': None, 'City': 'Saint Paul', 'State': 'MN', 'Zip': None, 'Country': None, 'Capacity': 1800, 'GeoLat': 44.943939, 'GeoLong': -93.189888}"
960,1113,FRED,True,Fredonia State,Blue Devils,,,,,,60001113,,,https://s3-us-west-2.amazonaws.com/static.fantasydata.com/logos/ncaa/0.png,FRED,,,,,
961,1114,CMS,False,Claremont-Mudd-Scripps,Stags,,,,,,60001114,,,https://s3-us-west-2.amazonaws.com/static.fantasydata.com/logos/ncaa/0.png,CMS,,,,,
962,1115,IAW,True,Iowa Wesleyan,Tigers,,,,,,60001115,,,https://s3-us-west-2.amazonaws.com/static.fantasydata.com/logos/ncaa/0.png,IAW,,,,,
963,1116,VAS,True,Vassar,Brewers,,,,,,60001116,,,https://s3-us-west-2.amazonaws.com/static.fantasydata.com/logos/ncaa/0.png,VAS,,,,,
964,1117,MAFARM,True,Maine-Farmington,Beavers,,,,,,60001117,,,https://s3-us-west-2.amazonaws.com/static.fantasydata.com/logos/ncaa/0.png,MAFARM,,,,,
965,1118,BARC,True,Barclay College,Bears,,,,,,60001118,,,https://s3-us-west-2.amazonaws.com/static.fantasydata.com/logos/ncaa/0.png,BARC,,,,,
966,1119,CEMET,True,Central Methodist,Eagles,,,,,,60001119,,,https://s3-us-west-2.amazonaws.com/static.fantasydata.com/logos/ncaa/0.png,CEMET,,,,,
967,1120,BAB,True,Babson,Beavers,,,,,,60001120,,,https://s3-us-west-2.amazonaws.com/static.fantasydata.com/logos/ncaa/0.png,BAB,,,,,
968,1121,DILD,True,Dillard,Blue Devils,,,,,,60001121,,,https://s3-us-west-2.amazonaws.com/static.fantasydata.com/logos/ncaa/0.png,DILD,,,,,
969,1122,NENGD,True,New England,Nor'Easters,,,,,,60001122,,,https://s3-us-west-2.amazonaws.com/static.fantasydata.com/logos/ncaa/0.png,NENGD,,,,,
970,1123,AINTL,True,American International,Yellow Jackets,,,,,,60001123,,,https://s3-us-west-2.amazonaws.com/static.fantasydata.com/logos/ncaa/0.png,AINTL,,,,,
971,1124,NEUM,True,Neumann,Knights,,,,,,60001124,,,https://s3-us-west-2.amazonaws.com/static.fantasydata.com/logos/ncaa/0.png,NEUM,,,,,
972,1125,GUIL,True,Guilford,Quakers,,,,,,60001125,,,https://s3-us-west-2.amazonaws.com/static.fantasydata.com/logos/ncaa/0.png,GUIL,,,,,
973,1126,HANO,True,Hanover,Panthers,,,,,,60001126,,,https://s3-us-west-2.amazonaws.com/static.fantasydata.com/logos/ncaa/0.png,HANO,,,,,
974,1127,DEPAUW,True,DePauw,Tigers,,,,,,60001127,,,https://s3-us-west-2.amazonaws.com/static.fantasydata.com/logos/ncaa/0.png,DEPAUW,,,,,
975,1128,WISSUP,True,Wisconsin-Superior,Yellowjackets,,,,,,60001128,,,https://s3-us-west-2.amazonaws.com/static.fantasydata.com/logos/ncaa/0.png,WISSUP,,,,,
976,1129,ROOS,True,Roosevelt,Lakers,,,,,,60001129,,,https://s3-us-west-2.amazonaws.com/static.fantasydata.com/logos/ncaa/0.png,ROOS,,,,,
977,1130,MORAV,True,Moravian,Greyhounds,,,,,,60001130,,,https://s3-us-west-2.amazonaws.com/static.fantasydata.com/logos/ncaa/0.png,MORAV,,,,,
978,1131,MINDU,True,Minnesota Duluth,Bulldogs,,,,,,60001131,,,https://s3-us-west-2.amazonaws.com/static.fantasydata.com/logos/ncaa/0.png,MINDU,,,,,
979,1132,MTOLI,True,Mount Olive,Trojans,,,,,,60001132,,,https://s3-us-west-2.amazonaws.com/static.fantasydata.com/logos/ncaa/0.png,MTOLI,,,,,
980,1133,EMBRID,True,Embry Riddle,Eagles,,,,,,60001133,,,https://s3-us-west-2.amazonaws.com/static.fantasydata.com/logos/ncaa/0.png,EMBRID,,,,,
981,1134,UTENNS,True,UT Southern,Firehawks,,,,,,60001134,,,https://s3-us-west-2.amazonaws.com/static.fantasydata.com/logos/ncaa/0.png,UTENNS,,,,,
982,1135,ERIE,True,Lake Erie,Storm,,,,,,60001135,,,https://s3-us-west-2.amazonaws.com/static.fantasydata.com/logos/ncaa/0.png,ERIE,,,,,
983,1136,STJME,True,St. Josephs (ME),Monks,,,,,,60001136,,,https://s3-us-west-2.amazonaws.com/static.fantasydata.com/logos/ncaa/0.png,STJME,,,,,
984,1137,CCC,False,Carolina Christian,Centurians,,,,,,60001137,,,https://s3-us-west-2.amazonaws.com/static.fantasydata.com/logos/ncaa/0.png,CCC,,,,,
985,1138,KNOX,True,Knox,Prarie Fire,,,,,,60001138,,,https://s3-us-west-2.amazonaws.com/static.fantasydata.com/logos/ncaa/0.png,KNOX,,,,,
986,1139,KEYST,True,Keystone,Giants,,,,,,60001139,,,https://s3-us-west-2.amazonaws.com/static.fantasydata.com/logos/ncaa/0.png,KEYST,,,,,
987,1140,MARB,True,Mary Baldwin,Fighting Squirrels,,,,,,60001140,,,https://s3-us-west-2.amazonaws.com/static.fantasydata.com/logos/ncaa/0.png,MARB,,,,,
988,1141,WEBSTER,True,Webster,Gorloks,,,,,,60001141,,,https://s3-us-west-2.amazonaws.com/static.fantasydata.com/logos/ncaa/0.png,WEBSTER,,,,,
989,1142,BETIN,True,Bethel (IN),Pilots,,,,,,60001142,,,https://s3-us-west-2.amazonaws.com/static.fantasydata.com/logos/ncaa/0.png,BETIN,,,,,
990,1143,CLINT,True,Clinton,Golden Bears,,,,,,60001143,,,https://s3-us-west-2.amazonaws.com/static.fantasydata.com/logos/ncaa/0.png,CLINT,,,,,
991,1144,REGC,True,Regis College,Pride,,,,,,60001144,,,https://s3-us-west-2.amazonaws.com/static.fantasydata.com/logos/ncaa/0.png,REGC,,,,,
992,1145,SUNYNP,True,SUNY New Paltz,Hawks,,,,,,60001145,,,https://s3-us-west-2.amazonaws.com/static.fantasydata.com/logos/ncaa/0.png,SUNYNP,,,,,
993,1146,SALB,True,Salisbury,Sea Gulls,,,,,,60001146,,,https://s3-us-west-2.amazonaws.com/static.fantasydata.com/logos/ncaa/0.png,SALB,,,,,
994,1147,VULYN,True,VU of Lynchburg,Dragons,,,,,,60001147,,,https://s3-us-west-2.amazonaws.com/static.fantasydata.com/logos/ncaa/0.png,VULYN,,,,,
995,1148,GWYM,True,Gwynedd Mercy,Griffins,,,,,,60001148,,,https://s3-us-west-2.amazonaws.com/static.fantasydata.com/logos/ncaa/0.png,GWYM,,,,,
996,1149,ELIZ,True,Elizabethtown,Blue Jays,,,,,,60001149,,,https://s3-us-west-2.amazonaws.com/static.fantasydata.com/logos/ncaa/0.png,ELIZ,,,,,
997,1150,ARKBA,True,Arkansas Baptist,Buffaloes,,,,,,60001150,,,https://s3-us-west-2.amazonaws.com/static.fantasydata.com/logos/ncaa/0.png,ARKBA,,,,,
998,1151,UDC,True,District of Columbia,Firebirds,,,,,,60001151,,,https://s3-us-west-2.amazonaws.com/static.fantasydata.com/logos/ncaa/0.png,UDC,,,,,
999,1152,OHWES,True,Ohio Wesleyan,Battling Bishops,,,,,,60001152,,,https://s3-us-west-2.amazonaws.com/static.fantasydata.com/logos/ncaa/0.png,OHWES,,,,,
1000,1153,ASC,False,Agnes Scott College,Scotties,,,,,,60001153,,,https://s3-us-west-2.amazonaws.com/static.fantasydata.com/logos/ncaa/0.png,ASC,,,,,
1001,1154,IMM,True,Immaculata,Mighty Macs,,,,,,60001154,,,https://s3-us-west-2.amazonaws.com/static.fantasydata.com/logos/ncaa/0.png,IMM,,,,,
1002,1155,TAMK,False,Texas A&M-Kingsville,Javelinas,,,,,,60001155,,,https://s3-us-west-2.amazonaws.com/static.fantasydata.com/logos/ncaa/0.png,TAMK,,,,,
1003,1156,GEOKY,True,Georgetown (KY),Tigers,,,,,,60001156,,,https://s3-us-west-2.amazonaws.com/static.fantasydata.com/logos/ncaa/0.png,GEOKY,,,,,
1004,1157,PSALG,True,Penn State-Allegheny,Nittany Lions,,,,,,60001157,,,https://s3-us-west-2.amazonaws.com/static.fantasydata.com/logos/ncaa/0.png,PSALG,,,,,
1005,1158,OHVY,True,Ohio Valley,Fighting Scots,,,,,,60001158,,,https://s3-us-west-2.amazonaws.com/static.fantasydata.com/logos/ncaa/0.png,OHVY,,,,,
1006,1159,USAO,True,University of Science and Arts of Oklahoma,Drovers,,,,,,60001159,,,https://s3-us-west-2.amazonaws.com/static.fantasydata.com/logos/ncaa/0.png,USAO,,,,,
1007,1160,OT,False,Oregon Tech,Hustlin' Owls,,,,,,60001160,,,https://s3-us-west-2.amazonaws.com/static.fantasydata.com/logos/ncaa/0.png,ORETECH,,,,,
1008,1161,KCPA,False,King's College (PA),Monarchs,,,,,,60001161,,,https://s3-us-west-2.amazonaws.com/static.fantasydata.com/logos/ncaa/0.png,KCPA,,,,,
1009,1162,WELLS,True,Wells College,Express,,,,,,60001162,,,https://s3-us-west-2.amazonaws.com/static.fantasydata.com/logos/ncaa/0.png,WELLS,,,,,
1010,1163,INWESL,False,Indiana Wesleyan,Wildcats,,,,,,60001163,,,https://s3-us-west-2.amazonaws.com/static.fantasydata.com/logos/ncaa/0.png,INWESL,,,,,
1011,1164,WRCT,True,Worcester Tech,Engineers,,,,,,60001164,,,https://s3-us-west-2.amazonaws.com/static.fantasydata.com/logos/ncaa/0.png,WRCT,,,,,
1012,1165,PSBEH,True,Penn State-Behrend,Lions,,,,,,60001165,,,https://s3-us-west-2.amazonaws.com/static.fantasydata.com/logos/ncaa/0.png,PSBEH,,,,,
1013,1166,FRANK,True,Franklin,Grizzlies,,,,,,60001166,,,https://s3-us-west-2.amazonaws.com/static.fantasydata.com/logos/ncaa/0.png,FRANK,,,,,
1014,1167,GRCHR,True,Grace Christian,Tigers,,,,,,60001167,,,https://s3-us-west-2.amazonaws.com/static.fantasydata.com/logos/ncaa/0.png,GRCHR,,,,,
1015,1168,JNCRL,False,John Carroll,Blue Streaks,,,,,,60001168,,,https://s3-us-west-2.amazonaws.com/static.fantasydata.com/logos/ncaa/0.png,JNCRL,,,,,
1016,1169,MIVIL,True,Millersville,Marauders,,,,,,60001169,,,https://s3-us-west-2.amazonaws.com/static.fantasydata.com/logos/ncaa/0.png,MIVIL,,,,,
1017,1170,LOAKS,True,Lincoln (CA),Oaks,,,,,,60001170,,,https://s3-us-west-2.amazonaws.com/static.fantasydata.com/logos/ncaa/0.png,LOAKS,,,,,
1018,1171,KEUKA,True,Keuka,Storm,,,,,,60001171,,,https://s3-us-west-2.amazonaws.com/static.fantasydata.com/logos/ncaa/0.png,KEUKA,,,,,
1019,1173,UC,True,Union University,Bulldogs,,,,,,60001173,,,https://s3-us-west-2.amazonaws.com/static.fantasydata.com/logos/ncaa/0.png,UC,,,,,
1020,1174,STP,False,Stephens College,Stars,,,,,,60001174,,,https://s3-us-west-2.amazonaws.com/static.fantasydata.com/logos/ncaa/0.png,STP,,,,,
1021,1175,MIAH,True,Miami-Hamilton,Harriers,,,,,,60001175,,,https://s3-us-west-2.amazonaws.com/static.fantasydata.com/logos/ncaa/0.png,MIAH,,,,,
1022,1178,AUST,False,AUST,Kangaroos,,,,,,60001178,,,https://s3-us-west-2.amazonaws.com/static.fantasydata.com/logos/ncaa/0.png,AUST,,,,,
1023,1179,LWC,True,Lindsey Wilson College,Blue Raiders,,,,,,60001179,,,https://s3-us-west-2.amazonaws.com/static.fantasydata.com/logos/ncaa/0.png,LWC,,,,,
1024,1180,MWSU,False,Missouri Western State,Griffons,,,,,,60001180,,,https://s3-us-west-2.amazonaws.com/static.fantasydata.com/logos/ncaa/0.png,MWSU,,,,,
1025,1181,STJNF,True,St. John Fisher,Cardinals,,,,,,60001181,,,https://s3-us-west-2.amazonaws.com/static.fantasydata.com/logos/ncaa/0.png,STJNF,,,,,
1026,1182,CENTR,True,Centre College,Colonels,,,,,,60001182,,,https://s3-us-west-2.amazonaws.com/static.fantasydata.com/logos/ncaa/0.png,CENTR,,,,,
1027,1183,WART,True,Wartburg,Knights,,,,,,60001183,,,https://s3-us-west-2.amazonaws.com/static.fantasydata.com/logos/ncaa/0.png,WART,,,,,
1028,1184,BBCPA,True,Baptist Bible College (PA),Defenders,,,,,,60001184,,,https://s3-us-west-2.amazonaws.com/static.fantasydata.com/logos/ncaa/0.png,BBCPA,,,,,
1029,1185,JOHNJ,True,John Jay,Bloodhounds,,,,,,60001185,,,https://s3-us-west-2.amazonaws.com/static.fantasydata.com/logos/ncaa/0.png,JOHNJ,,,,,
1030,1186,SMSD,False,College St. Mary,Flames,,,,,,60001186,,,https://s3-us-west-2.amazonaws.com/static.fantasydata.com/logos/ncaa/0.png,SMSD,,,,,
1031,1187,TEXCOL,False,Texas College,Steers,,,,,,60001187,,,https://s3-us-west-2.amazonaws.com/static.fantasydata.com/logos/ncaa/0.png,TEXCOL,,,,,
1032,1188,GRCLND,False,Graceland,Yellowjackets,,,,,,60001188,,,https://s3-us-west-2.amazonaws.com/static.fantasydata.com/logos/ncaa/0.png,GRCLND,,,,,
1033,1190,JBROWN,True,John Brown,Golden Eagles,,,,,,60001190,,,https://s3-us-west-2.amazonaws.com/static.fantasydata.com/logos/ncaa/0.png,JBROWN,,,,,
1034,1191,ST. ,True,St. Thomas (CAN),Tommies,,,,,,60001191,,,https://s3-us-west-2.amazonaws.com/static.fantasydata.com/logos/ncaa/0.png,St. ,,,,,
1035,1193,BAPCC,True,Baptist Christian College,Warriors,,,,,,60001193,,,https://s3-us-west-2.amazonaws.com/static.fantasydata.com/logos/ncaa/0.png,BAPCC,,,,,
1036,1194,BAKER,False,Baker,Wildcats,,,,,,60001194,,,https://s3-us-west-2.amazonaws.com/static.fantasydata.com/logos/ncaa/0.png,BAKER,,,,,
1037,1195,KINGU,True,King University,Tornado,,,,,,60001195,,,https://s3-us-west-2.amazonaws.com/static.fantasydata.com/logos/ncaa/0.png,KINGU,,,,,
1038,1196,MTSTB,False,Montana State-Billings,Yellowjackets,,,,,,60001196,,,https://s3-us-west-2.amazonaws.com/static.fantasydata.com/logos/ncaa/0.png,MTSTB,,,,,
1039,1197,BSHNL,True,Bushnell,Beacons,,,,,,60001197,,,https://s3-us-west-2.amazonaws.com/static.fantasydata.com/logos/ncaa/0.png,BSHNL,,,,,
1040,1199,FAULK,False,Faulkner,Eagles,,,,,,60001199,,,https://s3-us-west-2.amazonaws.com/static.fantasydata.com/logos/ncaa/0.png,FAULK,,,,,
1041,1200,JTOWN,False,Jamestown,Jimmies,,,,,,60001200,,,https://s3-us-west-2.amazonaws.com/static.fantasydata.com/logos/ncaa/0.png,JTOWN,,,,,
1042,1201,MCLA,True,Mass College of Liberal Arts,Trailblazers,,,,,,60001201,,,https://s3-us-west-2.amazonaws.com/static.fantasydata.com/logos/ncaa/0.png,MCLA,,,,,
1043,1202,UNTD,True,North Texas-Dallas,Trailblazers,,,,,,60001202,,,https://s3-us-west-2.amazonaws.com/static.fantasydata.com/logos/ncaa/0.png,UNTD,,,,,
1044,1203,OHCHR,True,Ohio Christian,Trailblazers,,,,,,60001203,,,https://s3-us-west-2.amazonaws.com/static.fantasydata.com/logos/ncaa/0.png,OHCHR,,,,,
1045,1204,ASHL,True,Ashland,Eagles,,,,,,60001204,,,https://s3-us-west-2.amazonaws.com/static.fantasydata.com/logos/ncaa/0.png,ASHL,,,,,
1046,1205,HIR,True,Hope International,Royals,,,,,,60001205,,,https://s3-us-west-2.amazonaws.com/static.fantasydata.com/logos/ncaa/0.png,HIR,,,,,
1047,1206,WCHES,False,West Chester,Golden Rams,,,,,,60001206,,,https://s3-us-west-2.amazonaws.com/static.fantasydata.com/logos/ncaa/0.png,WCHES,,,,,
1048,1207,UNNY,False,Union,Chargers,,,,,,60001207,,,https://s3-us-west-2.amazonaws.com/static.fantasydata.com/logos/ncaa/0.png,UNNY,,,,,
1049,1208,LHU,False,Lock Haven,Bald Eagles,,,,,,60001208,,,https://s3-us-west-2.amazonaws.com/static.fantasydata.com/logos/ncaa/0.png,LHU,,,,,
1050,1209,BAPMO,True,Baptist Bible College (MO),Patriots,,,,,,60001209,,,https://s3-us-west-2.amazonaws.com/static.fantasydata.com/logos/ncaa/0.png,BAPMO,,,,,
1051,1210,CLAY,True,Clayton State,Lakers,,,,,,60001210,,,https://s3-us-west-2.amazonaws.com/static.fantasydata.com/logos/ncaa/0.png,CLAY,,,,,
1052,1211,TAY,False,Taylor University,Trojans,,,,,,60001211,,,https://s3-us-west-2.amazonaws.com/static.fantasydata.com/logos/ncaa/0.png,TAY,,,,,
1053,1212,USI,True,Southern Indiana,Screaming Eagles,,1.0,4.0,0.0,0.0,60001212,23.0,Ohio Valley,https://s3-us-west-2.amazonaws.com/static.fantasydata.com/logos/ncaa/1212.png,USI,CF102D,FFFFFF,002856,,"{'StadiumID': 541, 'Active': True, 'Name': 'Screaming Eagles Arena', 'Address': None, 'City': 'Evansville', 'State': 'IN', 'Zip': None, 'Country': None, 'Capacity': 4800, 'GeoLat': None, 'GeoLong': None}"
1054,1213,STNH,True,Stonehill,Skyhawks,,1.0,5.0,0.0,0.0,60001213,22.0,Northeast,https://s3-us-west-2.amazonaws.com/static.fantasydata.com/logos/ncaa/0.png,STNH,2F2975,FFFFFF,,,"{'StadiumID': 542, 'Active': True, 'Name': 'Merkert Gymnasium', 'Address': None, 'City': 'South Easton', 'State': 'MA', 'Zip': None, 'Country': None, 'Capacity': 1560, 'GeoLat': 42.0576, 'GeoLong': -71.0789}"
1055,1214,LCHB,True,Lynchburg,Hornets,,,,,,60001214,,,https://s3-us-west-2.amazonaws.com/static.fantasydata.com/logos/ncaa/0.png,LCHB,,,,,
1056,1215,VCSV,False,Valley City State,Vikings,,,,,,60001215,,,https://s3-us-west-2.amazonaws.com/static.fantasydata.com/logos/ncaa/0.png,VCSV,,,,,
1057,1216,SARL,True,Sarah Lawrence,Gryphons,,,,,,60001216,,,https://s3-us-west-2.amazonaws.com/static.fantasydata.com/logos/ncaa/0.png,SARL,,,,,
1058,1217,CHPM,True,Chapman,Panthers,,,,,,60001217,,,https://s3-us-west-2.amazonaws.com/static.fantasydata.com/logos/ncaa/0.png,CHPM,,,,,
1059,1218,FULT,False,Fulton-Montgomery,Raiders,,,,,,60001218,,,https://s3-us-west-2.amazonaws.com/static.fantasydata.com/logos/ncaa/0.png,FULT,,,,,
1060,1219,MRCM,True,Mercy,Mavericks,,,,,,60001219,,,https://s3-us-west-2.amazonaws.com/static.fantasydata.com/logos/ncaa/0.png,MRCM,,,,,
1061,1220,CMAR,True,California-Maritime,Keelhaulers,,,,,,60001220,,,https://s3-us-west-2.amazonaws.com/static.fantasydata.com/logos/ncaa/0.png,CMAR,,,,,
1062,1221,SALM,True,Salem College,Spirits,,,,,,60001221,,,https://s3-us-west-2.amazonaws.com/static.fantasydata.com/logos/ncaa/0.png,SALM,,,,,
1063,1222,NRVJ,True,Northern Vermont-Johnson,Badgers,,,,,,60001222,,,https://s3-us-west-2.amazonaws.com/static.fantasydata.com/logos/ncaa/0.png,NRVJ,,,,,
1064,1223,BKRS,True,Bakersfield College,Renegades,,,,,,60001223,,,https://s3-us-west-2.amazonaws.com/static.fantasydata.com/logos/ncaa/0.png,BKRS,,,,,
1065,1224,TUFT,True,Tufts,Jumbos,,,,,,60001224,,,https://s3-us-west-2.amazonaws.com/static.fantasydata.com/logos/ncaa/0.png,TUFT,,,,,
1066,1225,BLVU,True,Bellevue College,Bulldogs,,,,,,60001225,,,https://s3-us-west-2.amazonaws.com/static.fantasydata.com/logos/ncaa/0.png,BLVU,,,,,
1067,1226,OSWS,True,Oswego State,Lakers,,,,,,60001226,,,https://s3-us-west-2.amazonaws.com/static.fantasydata.com/logos/ncaa/0.png,OSWS,,,,,
1068,1227,WILK,True,Wilkes,Colonels,,,,,,60001227,,,https://s3-us-west-2.amazonaws.com/static.fantasydata.com/logos/ncaa/0.png,WILK,,,,,
1069,1228,LYNN,True,Lynn,Fighting Knights,,,,,,60001228,,,https://s3-us-west-2.amazonaws.com/static.fantasydata.com/logos/ncaa/0.png,LYNN,,,,,
1070,1229,OCHT,True,Ouachita Baptist,Tigers,,,,,,60001229,,,https://s3-us-west-2.amazonaws.com/static.fantasydata.com/logos/ncaa/0.png,OCHT,,,,,
1071,1230,SCKY,False,Simmons College Of Kentucky,Falcons,,,,,,60001230,,,https://s3-us-west-2.amazonaws.com/static.fantasydata.com/logos/ncaa/0.png,SCKY,,,,,
1072,1231,HNLG,True,Hannibal-LaGrange,Trojans,,,,,,60001231,,,https://s3-us-west-2.amazonaws.com/static.fantasydata.com/logos/ncaa/0.png,HNLG,,,,,
1073,1232,NWIN,True,Northwest Indian,Eagles,,,,,,60001232,,,https://s3-us-west-2.amazonaws.com/static.fantasydata.com/logos/ncaa/0.png,NWIN,,,,,
1074,1233,MAST,True,Masters College,Mustangs,,,,,,60001233,,,https://s3-us-west-2.amazonaws.com/static.fantasydata.com/logos/ncaa/0.png,MAST,,,,,
1075,1234,ITHA,True,Ithaca College,Bombers,,,,,,60001234,,,https://s3-us-west-2.amazonaws.com/static.fantasydata.com/logos/ncaa/0.png,ITHA,,,,,
1076,1235,COLS,True,Colby-Sawyer College,Chargers,,,,,,60001235,,,https://s3-us-west-2.amazonaws.com/static.fantasydata.com/logos/ncaa/0.png,COLS,,,,,
1077,1236,STAUG,True,St. Augustine,Falcons,,,,,,60001236,,,https://s3-us-west-2.amazonaws.com/static.fantasydata.com/logos/ncaa/0.png,STAUG,,,,,
1078,1237,PRVD,True,Providence (MT),Argos,,,,,,60001237,,,https://s3-us-west-2.amazonaws.com/static.fantasydata.com/logos/ncaa/0.png,PRVD,,,,,
1079,1238,LBVC,True,Lebanon Valley College,Dutchmen,,,,,,60001238,,,https://s3-us-west-2.amazonaws.com/static.fantasydata.com/logos/ncaa/0.png,LBVC,,,,,
1080,1239,RIT,True,RIT,Tigers,,,,,,60001239,,,https://s3-us-west-2.amazonaws.com/static.fantasydata.com/logos/ncaa/0.png,RIT,,,,,
1081,1240,KNTS,True,Kentucky State,Thorobreds,,,,,,60001240,,,https://s3-us-west-2.amazonaws.com/static.fantasydata.com/logos/ncaa/0.png,KNTS,,,,,
1082,1241,ARCD,True,Arcadia,Knights,,,,,,60001241,,,https://s3-us-west-2.amazonaws.com/static.fantasydata.com/logos/ncaa/0.png,ARCD,,,,,
1083,1242,TCNJ,True,The College of New Jersey,Lions,,,,,,60001242,,,https://s3-us-west-2.amazonaws.com/static.fantasydata.com/logos/ncaa/0.png,TCNJ,,,,,
1084,1243,ALBERTUS,True,Albertus Magnus,Falcons,,,,,,60001243,,,https://s3-us-west-2.amazonaws.com/static.fantasydata.com/logos/ncaa/0.png,ALBERTUS,,,,,
1085,1244,DYOU,True,D'Youville,Saints,,,,,,60001244,,,https://s3-us-west-2.amazonaws.com/static.fantasydata.com/logos/ncaa/0.png,DYOU,,,,,
1086,1245,STJLI,True,St. Joseph's (NY-Long Island),Golden Eagles,,,,,,60001245,,,https://s3-us-west-2.amazonaws.com/static.fantasydata.com/logos/ncaa/0.png,STJLI,,,,,
1087,1246,BETKS,True,Bethel (KS),Threshers,,,,,,60001246,,,https://s3-us-west-2.amazonaws.com/static.fantasydata.com/logos/ncaa/0.png,BETKS,,,,,
1088,1247,MITCH,True,Mitchell College,Mariners,,,,,,60001247,,,https://s3-us-west-2.amazonaws.com/static.fantasydata.com/logos/ncaa/0.png,MITCH,,,,,
1089,1248,JNSN,True,Johnson (TN),Royals,,,,,,60001248,,,https://s3-us-west-2.amazonaws.com/static.fantasydata.com/logos/ncaa/0.png,JNSN,,,,,
1090,1249,MDNNA,True,Madonna,Crusaders,,,,,,60001249,,,https://s3-us-west-2.amazonaws.com/static.fantasydata.com/logos/ncaa/0.png,MDNNA,,,,,
1091,1250,OTTBN,True,Otterbein,Cardinals,,,,,,60001250,,,https://s3-us-west-2.amazonaws.com/static.fantasydata.com/logos/ncaa/0.png,OTTBN,,,,,
1092,1251,RCHST,True,Rochester,Yellowjackets,,,,,,60001251,,,https://s3-us-west-2.amazonaws.com/static.fantasydata.com/logos/ncaa/0.png,RCHST,,,,,
1093,1252,PITTG,True,Pittsburgh-Greensburg,Bobcats,,,,,,60001252,,,https://s3-us-west-2.amazonaws.com/static.fantasydata.com/logos/ncaa/0.png,PITTG,,,,,
1094,1253,SUNYD,True,SUNY-Delhi,Broncos,,,,,,60001253,,,https://s3-us-west-2.amazonaws.com/static.fantasydata.com/logos/ncaa/0.png,SUNYD,,,,,
1095,1254,PENNK,True,Penn State-New Kensington,Nittany Lions,,,,,,60001254,,,https://s3-us-west-2.amazonaws.com/static.fantasydata.com/logos/ncaa/0.png,PENNK,,,,,
1096,1255,BALDW,True,Baldwin Wallace,Yellow Jackets,,,,,,60001255,,,https://s3-us-west-2.amazonaws.com/static.fantasydata.com/logos/ncaa/0.png,BALDW,,,,,
1097,1256,MCDNL,True,McDaniel,Green Terror,,,,,,60001256,,,https://s3-us-west-2.amazonaws.com/static.fantasydata.com/logos/ncaa/0.png,MCDNL,,,,,
1098,1257,WVWSL,True,WV Wesleyan,Bobcats,,,,,,60001257,,,https://s3-us-west-2.amazonaws.com/static.fantasydata.com/logos/ncaa/0.png,WVWSL,,,,,
1099,1258,OKBP,True,OK Baptist,Prophets,,,,,,60001258,,,https://s3-us-west-2.amazonaws.com/static.fantasydata.com/logos/ncaa/0.png,OKBP,,,,,
1100,1259,STMRW,True,St. Mary of the Woods,Pomeroys,,,,,,60001259,,,https://s3-us-west-2.amazonaws.com/static.fantasydata.com/logos/ncaa/0.png,STMRW,,,,,
1101,1260,BLUFF,True,Bluffton,Beavers,,,,,,60001260,,,https://s3-us-west-2.amazonaws.com/static.fantasydata.com/logos/ncaa/0.png,BLUFF,,,,,
1102,1261,PTBGS,True,Pittsburg State,Gorillas,,,,,,60001261,,,https://s3-us-west-2.amazonaws.com/static.fantasydata.com/logos/ncaa/0.png,PTBGS,,,,,
1103,1262,OCDN,True,Occidental,Tigers,,,,,,60001262,,,https://s3-us-west-2.amazonaws.com/static.fantasydata.com/logos/ncaa/0.png,OCDN,,,,,
1104,1263,BLKBN,True,Blackburn,Beavers,,,,,,60001263,,,https://s3-us-west-2.amazonaws.com/static.fantasydata.com/logos/ncaa/0.png,BLKBN,,,,,
1105,1264,STVB,True,St. Vincent,Bearcats,,,,,,60001264,,,https://s3-us-west-2.amazonaws.com/static.fantasydata.com/logos/ncaa/0.png,STVB,,,,,
1106,1265,MAINA,True,Maine-Augusta,Moose,,,,,,60001265,,,https://s3-us-west-2.amazonaws.com/static.fantasydata.com/logos/ncaa/0.png,MAINA,,,,,
1107,1266,FRMHM,True,Framingham State,Rams,,,,,,60001266,,,https://s3-us-west-2.amazonaws.com/static.fantasydata.com/logos/ncaa/0.png,FRMHM,,,,,
1108,1268,CSTGD,True,Coast Guard,Bears,,,,,,60001268,,,https://s3-us-west-2.amazonaws.com/static.fantasydata.com/logos/ncaa/0.png,CSTGD,,,,,
1109,1269,ANDRN,True,Anderson (SC),Trojans,,,,,,60001269,,,https://s3-us-west-2.amazonaws.com/static.fantasydata.com/logos/ncaa/0.png,ANDRN,,,,,
1110,1270,OHIOD,True,Ohio Dominican,Panthers,,,,,,60001270,,,https://s3-us-west-2.amazonaws.com/static.fantasydata.com/logos/ncaa/0.png,OHIOD,,,,,
1111,1271,WSW,True,Wayne State,Warriors,,,,,,60001271,,,https://s3-us-west-2.amazonaws.com/static.fantasydata.com/logos/ncaa/0.png,WSW,,,,,
1112,1272,BRANDEIS,True,Brandeis,Judges,,,,,,60001272,,,https://s3-us-west-2.amazonaws.com/static.fantasydata.com/logos/ncaa/0.png,BRAN,,,,,
1113,1273,SONAZA,True,Southern Nazarene,Crimson Storm,,,,,,60001273,,,https://s3-us-west-2.amazonaws.com/static.fantasydata.com/logos/ncaa/0.png,SONAZA,,,,,
1114,1274,CAZEN,True,Cazenovia,Wildcats,,,,,,60001274,,,https://s3-us-west-2.amazonaws.com/static.fantasydata.com/logos/ncaa/0.png,CAZEN,,,,,
1115,1275,MSOE,True,Milwaukee School of Engineering,Raiders,,,,,,60001275,,,https://s3-us-west-2.amazonaws.com/static.fantasydata.com/logos/ncaa/0.png,MSOE,,,,,
1116,1276,CRDST,True,Cardinal Stritch,Wolves,,,,,,60001276,,,https://s3-us-west-2.amazonaws.com/static.fantasydata.com/logos/ncaa/0.png,CRDST,,,,,
1117,1277,LORAS,True,Loras,Duhawks,,,,,,60001277,,,https://s3-us-west-2.amazonaws.com/static.fantasydata.com/logos/ncaa/0.png,LORAS,,,,,
1118,1278,LNGST,False,Langston,Lions,,,,,,60001278,,,https://s3-us-west-2.amazonaws.com/static.fantasydata.com/logos/ncaa/0.png,LNGST,,,,,
1119,1279,HAMLT,False,Hamilton,Continentals,,,,,,60001279,,,https://s3-us-west-2.amazonaws.com/static.fantasydata.com/logos/ncaa/0.png,HAMLT,,,,,
1120,1280,AURO,True,Aurora,Spartans,,,,,,60001280,,,https://s3-us-west-2.amazonaws.com/static.fantasydata.com/logos/ncaa/0.png,AURO,,,,,
1121,1281,MISSW,True,Mississippi University For Women,Owls,,,,,,60001281,,,https://s3-us-west-2.amazonaws.com/static.fantasydata.com/logos/ncaa/0.png,MISSW,,,,,
1122,1282,NENGC,False,New England College,Pilgrims,,,,,,60001282,,,https://s3-us-west-2.amazonaws.com/static.fantasydata.com/logos/ncaa/0.png,NENGC,,,,,
1123,1283,SUNYOW,True,SUNY-Old Westbury,Panthers,,,,,,60001283,,,https://s3-us-west-2.amazonaws.com/static.fantasydata.com/logos/ncaa/0.png,SUNYOW,,,,,
1124,1285,CLM,True,Calumet College,Crimson Wave,,,,,,60001285,,,https://s3-us-west-2.amazonaws.com/static.fantasydata.com/logos/ncaa/0.png,CLM,,,,,
1125,1286,DAKST,True,Dakota State,Trojans,,,,,,60001286,,,https://s3-us-west-2.amazonaws.com/static.fantasydata.com/logos/ncaa/0.png,DAKST,,,,,
1126,1287,PSBEV,False,Penn State-Beaver,Nittany Lions,,,,,,60001287,,,https://s3-us-west-2.amazonaws.com/static.fantasydata.com/logos/ncaa/0.png,PSBEV,,,,,
1127,1288,CEN,True,Centenary College,Cyclones,,,,,,60001288,,,https://s3-us-west-2.amazonaws.com/static.fantasydata.com/logos/ncaa/0.png,CEN,,,,,
1128,1289,MIAMID,True,Miami-Middletown,ThunderHawks,,,,,,60001289,,,https://s3-us-west-2.amazonaws.com/static.fantasydata.com/logos/ncaa/0.png,MIAMID,,,,,
1129,1290,MSMBK,True,Mount Saint Mary,Blue Knights,,,,,,60001290,,,https://s3-us-west-2.amazonaws.com/static.fantasydata.com/logos/ncaa/0.png,MSMBK,,,,,
1130,1291,HOUGH,True,Houghton,Highlanders,,,,,,60001291,,,https://s3-us-west-2.amazonaws.com/static.fantasydata.com/logos/ncaa/0.png,HOUGH,,,,,
1131,1292,KANCH,True,Kansas Christian,Falcons,,,,,,60001292,,,https://s3-us-west-2.amazonaws.com/static.fantasydata.com/logos/ncaa/0.png,KANCH,,,,,
1132,1293,WLIBST,False,West Liberty State,Hilltoppers,,,,,,60001293,,,https://s3-us-west-2.amazonaws.com/static.fantasydata.com/logos/ncaa/0.png,WLIBST,,,,,
1133,1294,ECSU,False,Elizabeth City State,Vikings,,,,,,60001294,,,https://s3-us-west-2.amazonaws.com/static.fantasydata.com/logos/ncaa/0.png,ECSU,,,,,
1134,1295,MANS,False,Mansfield,Mountaineers,,,,,,60001295,,,https://s3-us-west-2.amazonaws.com/static.fantasydata.com/logos/ncaa/0.png,MANS,,,,,
1135,1296,UOSD,True,University of Sciences,Devils,,,,,,60001296,,,https://s3-us-west-2.amazonaws.com/static.fantasydata.com/logos/ncaa/0.png,UOSD,,,,,
1136,1297,LOUR,True,Lourdes,Gray Wolves,,,,,,60001297,,,https://s3-us-west-2.amazonaws.com/static.fantasydata.com/logos/ncaa/0.png,LOUR,,,,,
1137,1298,BARR,False,Barry,Buccaneers,,,,,,60001298,,,https://s3-us-west-2.amazonaws.com/static.fantasydata.com/logos/ncaa/0.png,BARR,,,,,
1138,1299,VSB,False,Valdosta State,Blazers,,,,,,60001299,,,https://s3-us-west-2.amazonaws.com/static.fantasydata.com/logos/ncaa/0.png,VSB,,,,,
1139,1300,UOZC,True,Ozark Christian,Ambassadors,,,,,,60001300,,,https://s3-us-west-2.amazonaws.com/static.fantasydata.com/logos/ncaa/0.png,UOZC,,,,,
1140,1301,JOHN,True,John Melvin,Millers,,,,,,60001301,,,https://s3-us-west-2.amazonaws.com/static.fantasydata.com/logos/ncaa/0.png,JOHN,,,,,
1141,1302,MVN,False,Mount Vernon Nazarene,Cougars,,,,,,60001302,,,https://s3-us-west-2.amazonaws.com/static.fantasydata.com/logos/ncaa/0.png,MVN,,,,,
1142,1303,SFU,True,Simon Fraser,Red Leafs,,,,,,60001303,,,https://s3-us-west-2.amazonaws.com/static.fantasydata.com/logos/ncaa/0.png,SFU,,,,,
1143,1304,PSALT,False,Penn State-Altoona,Nittany Lions,,,,,,60001304,,,https://s3-us-west-2.amazonaws.com/static.fantasydata.com/logos/ncaa/0.png,PSALT,,,,,
1144,1305,GRAC,False,Grace College,Lancers,,,,,,60001305,,,https://s3-us-west-2.amazonaws.com/static.fantasydata.com/logos/ncaa/0.png,GRAC,,,,,
1145,1306,MUPR,False,Mount Union,Purple Raiders,,,,,,60001306,,,https://s3-us-west-2.amazonaws.com/static.fantasydata.com/logos/ncaa/0.png,MUPR,,,,,
1146,1307,LANE,True,Lane,Dragons,,,,,,60001307,,,https://s3-us-west-2.amazonaws.com/static.fantasydata.com/logos/ncaa/0.png,LANE,,,,,
1147,1308,VMV,False,Villa Maria,Vikings,,,,,,60001308,,,https://s3-us-west-2.amazonaws.com/static.fantasydata.com/logos/ncaa/0.png,VMV,,,,,
1148,1309,MARYW,False,Marywood,Pacers,,,,,,60001309,,,https://s3-us-west-2.amazonaws.com/static.fantasydata.com/logos/ncaa/0.png,MARYW,,,,,
1149,1310,MEPRE,False,Maine-Presque Isle,Owls,,,,,,60001310,,,https://s3-us-west-2.amazonaws.com/static.fantasydata.com/logos/ncaa/0.png,MEPRE,,,,,
1150,1311,FRIENDS,False,Friends,Falcons,,,,,,60001311,,,https://s3-us-west-2.amazonaws.com/static.fantasydata.com/logos/ncaa/0.png,FRIENDS,,,,,
1151,1312,LSS,False,Lake Superior State,Lakers,,,,,,60001312,,,https://s3-us-west-2.amazonaws.com/static.fantasydata.com/logos/ncaa/0.png,LSS,,,,,
1152,1313,SMSP,False,Saint Mary,Spires,,,,,,60001313,,,https://s3-us-west-2.amazonaws.com/static.fantasydata.com/logos/ncaa/0.png,SMSP,,,,,
1153,1314,LEHM,False,Lehman College,Lightning,,,,,,60001314,,,https://s3-us-west-2.amazonaws.com/static.fantasydata.com/logos/ncaa/0.png,LEHM,,,,,
1154,1315,TABR,False,Tabor College,Blue Jays,,,,,,60001315,,,https://s3-us-west-2.amazonaws.com/static.fantasydata.com/logos/ncaa/0.png,TABR,,,,,
1155,1316,CHEY,False,Cheyney,Wolves,,,,,,60001316,,,https://s3-us-west-2.amazonaws.com/static.fantasydata.com/logos/ncaa/0.png,CHEY,,,,,
1156,1317,WRCST,False,Worcester State,Lancers,,,,,,60001317,,,https://s3-us-west-2.amazonaws.com/static.fantasydata.com/logos/ncaa/0.png,WRCST,,,,,
1157,1318,FELI,False,Felician,Golden Falcons,,,,,,60001318,,,https://s3-us-west-2.amazonaws.com/static.fantasydata.com/logos/ncaa/0.png,FELI,,,,,
1158,1319,BTHWV,False,Bethany (WV),Bison,,,,,,60001319,,,https://s3-us-west-2.amazonaws.com/static.fantasydata.com/logos/ncaa/0.png,BTHWV,,,,,
1159,1320,UICOL,False,United International College,Eagle Rays,,,,,,60001320,,,https://s3-us-west-2.amazonaws.com/static.fantasydata.com/logos/ncaa/0.png,UICOL,,,,,
1160,1321,MONIL,False,Monmouth (IL),Fighting Scots,,,,,,60001321,,,https://s3-us-west-2.amazonaws.com/static.fantasydata.com/logos/ncaa/0.png,MONIL,,,,,
1161,1322,PSUBW,False,Penn State-Brandywine,Nittany Lions,,,,,,60001322,,,https://s3-us-west-2.amazonaws.com/static.fantasydata.com/logos/ncaa/0.png,PSUBW,,,,,
1162,1323,ANDRW,False,Andrews,Cardinals,,,,,,60001323,,,https://s3-us-west-2.amazonaws.com/static.fantasydata.com/logos/ncaa/0.png,ANDRW,,,,,
1163,1324,PSUSK,False,Penn State-Schuylkill,Nittany Lions,,,,,,60001324,,,https://s3-us-west-2.amazonaws.com/static.fantasydata.com/logos/ncaa/0.png,PSUSK,,,,,
1164,1325,WTNBG,False,Wittenberg,Tigers,,,,,,60001325,,,https://s3-us-west-2.amazonaws.com/static.fantasydata.com/logos/ncaa/0.png,WTNBG,,,,,
1165,1326,DEVAL,False,Delaware Valley,Aggies,,,,,,60001326,,,https://s3-us-west-2.amazonaws.com/static.fantasydata.com/logos/ncaa/0.png,DEVAL,,,,,
1166,1327,LRCH,False,La Roche,Redhawks,,,,,,60001327,,,https://s3-us-west-2.amazonaws.com/static.fantasydata.com/logos/ncaa/0.png,LRCH,,,,,
1167,1328,PRM,False,Puerto Rico-Mayaguez,Bulldogs,,,,,,60001328,,,https://s3-us-west-2.amazonaws.com/static.fantasydata.com/logos/ncaa/0.png,PRM,,,,,
1168,1329,BARD,False,Bard,Raptors,,,,,,60001329,,,https://s3-us-west-2.amazonaws.com/static.fantasydata.com/logos/ncaa/0.png,BARD,,,,,
1169,1330,ARFS,False,Arkansas Fort Smith,Lions,,,,,,60001330,,,https://s3-us-west-2.amazonaws.com/static.fantasydata.com/logos/ncaa/0.png,ARFS,,,,,
1170,1331,MMER,False,Mount Mercy,Mustangs,,,,,,60001331,,,https://s3-us-west-2.amazonaws.com/static.fantasydata.com/logos/ncaa/0.png,MMER,,,,,
1171,1333,OKWES,False,Oklahoma Wesleyan,Eagles,,,,,,60001333,,,https://s3-us-west-2.amazonaws.com/static.fantasydata.com/logos/ncaa/0.png,OKWES,,,,,
1172,1334,LINF,False,Linfield,Wildcats,,,,,,60001334,,,https://s3-us-west-2.amazonaws.com/static.fantasydata.com/logos/ncaa/0.png,LINF,,,,,
1173,1335,CLE,False,Cleary,Cougars,,,,,,60001335,,,https://s3-us-west-2.amazonaws.com/static.fantasydata.com/logos/ncaa/0.png,CLE,,,,,
1174,1336,CUKY,False,Cumberland (KY),Patriots,,,,,,60001336,,,https://s3-us-west-2.amazonaws.com/static.fantasydata.com/logos/ncaa/0.png,CUKY,,,,,
1175,1337,GREAT,False,Great Lakes Christian,Crusaders,,,,,,60001337,,,https://s3-us-west-2.amazonaws.com/static.fantasydata.com/logos/ncaa/0.png,GREAT,,,,,
1176,1338,PSABI,False,Penn State-Abington,Nittany Lions,,,,,,60001338,,,https://s3-us-west-2.amazonaws.com/static.fantasydata.com/logos/ncaa/0.png,PSABI,,,,,
1177,1339,CONCSTP,False,Concordia-St.Paul,Golden Bears,,,,,,60001339,,,https://s3-us-west-2.amazonaws.com/static.fantasydata.com/logos/ncaa/0.png,CONCSTP,,,,,
1178,1340,WSLEE,False,Washington and Lee,Generals,,,,,,60001340,,,https://s3-us-west-2.amazonaws.com/static.fantasydata.com/logos/ncaa/0.png,WSLEE,,,,,
1179,1341,CLRKE,False,Clarke,Pride,,,,,,60001341,,,https://s3-us-west-2.amazonaws.com/static.fantasydata.com/logos/ncaa/0.png,CLRKE,,,,,
1180,1342,PLATT,False,SUNY-Plattsburgh,Cardinals,,,,,,60001342,,,https://s3-us-west-2.amazonaws.com/static.fantasydata.com/logos/ncaa/0.png,PLATT,,,,,
1181,1343,WIRIV,False,Wisconsin-River Falls,Falcons,,,,,,60001343,,,https://s3-us-west-2.amazonaws.com/static.fantasydata.com/logos/ncaa/0.png,WIRIV,,,,,
1182,1344,SNYM,False,SUNY Morrisville,Mustangs,,,,,,60001344,,,https://s3-us-west-2.amazonaws.com/static.fantasydata.com/logos/ncaa/0.png,SNYM,,,,,
1183,1345,STANT,False,Stanton,Elks,,,,,,60001345,,,https://s3-us-west-2.amazonaws.com/static.fantasydata.com/logos/ncaa/0.png,STANT,,,,,
1184,1347,BERM,False,Berea College,Mountaineers,,,,,,60001347,,,https://s3-us-west-2.amazonaws.com/static.fantasydata.com/logos/ncaa/0.png,BERM,,,,,
1185,1348,ROBWES,False,Roberts Wesleyan,Redhawks,,,,,,60001348,,,https://s3-us-west-2.amazonaws.com/static.fantasydata.com/logos/ncaa/0.png,ROBWES,,,,,
1186,1349,WFIELDST,False,Westfield State,Owls,,,,,,60001349,,,https://s3-us-west-2.amazonaws.com/static.fantasydata.com/logos/ncaa/0.png,WFIELDST,,,,,
1187,1350,NCOLLFL,False,New College of Florida,Mighty Banyans,,,,,,60001350,,,https://s3-us-west-2.amazonaws.com/static.fantasydata.com/logos/ncaa/0.png,NCOLLFL,,,,,
1188,1351,NAVTC,False,Navajo Technical,Skyhawks,,,,,,60001351,,,https://s3-us-west-2.amazonaws.com/static.fantasydata.com/logos/ncaa/0.png,NAVTC,,,,,
1189,1352,SPFLD,False,Springfield,Pride,,,,,,60001352,,,https://s3-us-west-2.amazonaws.com/static.fantasydata.com/logos/ncaa/0.png,SPFLD,,,,,
1190,1353,SWOKST,True,Southwestern Oklahoma State,Bulldogs,,,,,,60001353,,,https://s3-us-west-2.amazonaws.com/static.fantasydata.com/logos/ncaa/0.png,SWOKST,,,,,
1191,1354,ADELP,False,Adelphi,Panthers,,,,,,60001354,,,https://s3-us-west-2.amazonaws.com/static.fantasydata.com/logos/ncaa/0.png,ADELP,,,,,
1192,1355,NORTHST,False,Northern State,Wolves,,,,,,60001355,,,https://s3-us-west-2.amazonaws.com/static.fantasydata.com/logos/ncaa/0.png,NORTHST,,,,,
1193,1356,SUSQ,False,Susquehanna,Crusaders,,,,,,60001356,,,https://s3-us-west-2.amazonaws.com/static.fantasydata.com/logos/ncaa/0.png,SUSQ,,,,,
1194,1357,STERL,False,Sterling College,Warriors,,,,,,60001357,,,https://s3-us-west-2.amazonaws.com/static.fantasydata.com/logos/ncaa/0.png,STERL,,,,,
1195,1358,CLATL,False,Clark Atlanta,Panthers,,,,,,60001358,,,https://s3-us-west-2.amazonaws.com/static.fantasydata.com/logos/ncaa/0.png,CLATL,,,,,
1196,1359,GLDBEA,False,Goldey-Beacom,Lightning,,,,,,60001359,,,https://s3-us-west-2.amazonaws.com/static.fantasydata.com/logos/ncaa/0.png,GLDBEA,,,,,
1197,1361,OPSU,False,Oklahoma Panhandle State,Aggies,,,,,,60001361,,,https://s3-us-west-2.amazonaws.com/static.fantasydata.com/logos/ncaa/0.png,OPSU,,,,,
1198,1362,ESTRO,False,East Stroudsburg,Warriors,,,,,,60001362,,,https://s3-us-west-2.amazonaws.com/static.fantasydata.com/logos/ncaa/0.png,ESTRO,,,,,
1199,1363,BRTN,False,Barton,Bulldogs,,,,,,60001363,,,https://s3-us-west-2.amazonaws.com/static.fantasydata.com/logos/ncaa/0.png,BRTN,,,,,
1200,1366,BIBL,False,College of Biblical Studies,Ambassadors,,,,,,60001366,,,https://s3-us-west-2.amazonaws.com/static.fantasydata.com/logos/ncaa/0.png,BIBL,,,,,
1201,1367,YORKNE,False,York (NE),Panthers,,,,,,60001367,,,https://s3-us-west-2.amazonaws.com/static.fantasydata.com/logos/ncaa/0.png,YORKNE,,,,,
1202,1368,MINOT,False,Minot State,Beavers,,,,,,60001368,,,https://s3-us-west-2.amazonaws.com/static.fantasydata.com/logos/ncaa/0.png,MINOT,,,,,
1203,1369,LINMEM,False,Lincoln Memorial,Railsplitters,,,,,,60001369,,,https://s3-us-west-2.amazonaws.com/static.fantasydata.com/logos/ncaa/0.png,LINMEM,,,,,
1204,1370,BRIDMA,False,Bridgewater (MA),Bears,,,,,,60001370,,,https://s3-us-west-2.amazonaws.com/static.fantasydata.com/logos/ncaa/0.png,BRIDMA,,,,,
1205,1371,HILCH,False,Hillsdale,Chargers,,,,,,60001371,,,https://s3-us-west-2.amazonaws.com/static.fantasydata.com/logos/ncaa/0.png,HILCH,,,,,
1206,1372,DALCRU,False,Dallas,Crusaders,,,,,,60001372,,,https://s3-us-west-2.amazonaws.com/static.fantasydata.com/logos/ncaa/0.png,DALCRU,,,,,
1207,1373,KUYP,False,Kuyper,Cougars,,,,,,60001373,,,https://s3-us-west-2.amazonaws.com/static.fantasydata.com/logos/ncaa/0.png,KUYP,,,,,
1208,1374,MWASH,False,Mary Washington,Eagles,,,,,,60001374,,,https://s3-us-west-2.amazonaws.com/static.fantasydata.com/logos/ncaa/0.png,MWASH,,,,,
1209,1375,SRGK,False,Saint Rose,Golden Knights,,,,,,60001375,,,https://s3-us-west-2.amazonaws.com/static.fantasydata.com/logos/ncaa/0.png,SRGK,,,,,
1210,1376,EDGE,False,Edgewood College,Eagles,,,,,,60001376,,,https://s3-us-west-2.amazonaws.com/static.fantasydata.com/logos/ncaa/0.png,EDGE,,,,,
1211,1377,KUZTWN,False,Kutztown,Golden Bears,,,,,,60001377,,,https://s3-us-west-2.amazonaws.com/static.fantasydata.com/logos/ncaa/0.png,KUZTWN,,,,,
1212,1378,WESGA,False,Wesleyan (GA) College,Wolves,,,,,,60001378,,,https://s3-us-west-2.amazonaws.com/static.fantasydata.com/logos/ncaa/0.png,WESGA,,,,,
1213,1379,BRYST,False,Bryant & Stratton,Bobcats,,,,,,60001379,,,https://s3-us-west-2.amazonaws.com/static.fantasydata.com/logos/ncaa/0.png,BRYST,,,,,
1214,1380,BLOOM,False,Bloomfield,Bears,,,,,,60001380,,,https://s3-us-west-2.amazonaws.com/static.fantasydata.com/logos/ncaa/0.png,BLOOM,,,,,
1215,1381,DORDT,False,Dordt,Defenders,,,,,,60001381,,,https://s3-us-west-2.amazonaws.com/static.fantasydata.com/logos/ncaa/0.png,DORDT,,,,,
1216,1382,UWSTPT,False,Wisconsin-Stevens Pt,Pointers,,,,,,60001382,,,https://s3-us-west-2.amazonaws.com/static.fantasydata.com/logos/ncaa/0.png,UWSTPT,,,,,
1217,1383,VITE,False,Viterbo,V-Hawks,,,,,,60001383,,,https://s3-us-west-2.amazonaws.com/static.fantasydata.com/logos/ncaa/0.png,VITE,,,,,
1218,1384,FIVE,False,Five Towns,Sound,,,,,,60001384,,,https://s3-us-west-2.amazonaws.com/static.fantasydata.com/logos/ncaa/0.png,FIVE,,,,,
1219,1385,BIOLA,True,Biola,Eagles,,,,,,60001385,,,https://s3-us-west-2.amazonaws.com/static.fantasydata.com/logos/ncaa/0.png,BIOLA,,,,,
1220,1386,MARYM,False,Mary,Marauders,,,,,,60001386,,,https://s3-us-west-2.amazonaws.com/static.fantasydata.com/logos/ncaa/0.png,MARYM,,,,,
1221,1387,WVST,False,West Virginia State,Yellow Jackets,,,,,,60001387,,,https://s3-us-west-2.amazonaws.com/static.fantasydata.com/logos/ncaa/0.png,WVST,,,,,
1222,1388,GVST,False,Grand Valley State,Lakers,,,,,,60001388,,,https://s3-us-west-2.amazonaws.com/static.fantasydata.com/logos/ncaa/0.png,GVST,,,,,
1223,1389,TMU,False,Toronto Metropolitan,Bold,,,,,,60001389,,,https://s3-us-west-2.amazonaws.com/static.fantasydata.com/logos/ncaa/0.png,TMU,,,,,
1224,1390,PPARK,False,Park-Parkville,Pirates,,,,,,60001390,,,https://s3-us-west-2.amazonaws.com/static.fantasydata.com/logos/ncaa/0.png,PPARK,,,,,
1225,1391,UWG,True,West Georgia,Wolves,,3.0,2.0,0.0,0.0,60001391,4.0,Atlantic Sun,https://s3-us-west-2.amazonaws.com/static.fantasydata.com/logos/ncaa/0.png,UWG,0033A1,DB1A21,,,"{'StadiumID': 607, 'Active': True, 'Name': 'The Coliseum', 'Address': None, 'City': 'Carrollton', 'State': 'GA', 'Zip': None, 'Country': None, 'Capacity': None, 'GeoLat': None, 'GeoLong': None}"
1226,1392,LAKE,False,Lakeland,Muskies,,,,,,60001392,,,https://s3-us-west-2.amazonaws.com/static.fantasydata.com/logos/ncaa/0.png,LAKE,,,,,
1227,1393,MERAA,False,Meredith,Avenging Angels,,,,,,60001393,,,https://s3-us-west-2.amazonaws.com/static.fantasydata.com/logos/ncaa/0.png,MERAA,,,,,
1228,1394,DOMNY,False,Dominican (NY),Chargers,,,,,,60001394,,,https://s3-us-west-2.amazonaws.com/static.fantasydata.com/logos/ncaa/0.png,DOMNY,,,,,
1229,1395,FRANKP,False,Franklin Pierce,Ravens,,,,,,60001395,,,https://s3-us-west-2.amazonaws.com/static.fantasydata.com/logos/ncaa/0.png,FRANKP,,,,,
1230,1396,CAP,False,Capital,Comets,,,,,,60001396,,,https://s3-us-west-2.amazonaws.com/static.fantasydata.com/logos/ncaa/0.png,CAP,,,,,
1231,1397,JUST,False,Justice College,Lions,,,,,,60001397,,,https://s3-us-west-2.amazonaws.com/static.fantasydata.com/logos/ncaa/0.png,JUST,,,,,
1232,1398,TAMSA,False,Texas A&M-San Antonio,Jaguars,,,,,,60001398,,,https://s3-us-west-2.amazonaws.com/static.fantasydata.com/logos/ncaa/0.png,TAMSA,,,,,
1233,1399,HCS,False,Holy Cross (IN),Saints,,,,,,60001399,,,https://s3-us-west-2.amazonaws.com/static.fantasydata.com/logos/ncaa/0.png,HCS,,,,,
1234,1400,SOR,False,Southern Oregon,Raiders,,,,,,60001400,,,https://s3-us-west-2.amazonaws.com/static.fantasydata.com/logos/ncaa/0.png,SOR,,,,,
1235,1401,VTSTR,False,Vermont State Randolph,Knights,,,,,,60001401,,,https://s3-us-west-2.amazonaws.com/static.fantasydata.com/logos/ncaa/0.png,VTSTR,,,,,
1236,1402,PITTB,False,Pittsburgh Bradford,Panthers,,,,,,60001402,,,https://s3-us-west-2.amazonaws.com/static.fantasydata.com/logos/ncaa/0.png,PITTB,,,,,
1237,1403,SUNYB,False,SUNY-Brockport,Golden Eagles,,,,,,60001403,,,https://s3-us-west-2.amazonaws.com/static.fantasydata.com/logos/ncaa/0.png,SUNYB,,,,,
1238,1404,NELSON,False,Nelson,Lions,,,,,,60001404,,,https://s3-us-west-2.amazonaws.com/static.fantasydata.com/logos/ncaa/0.png,NELSON,,,,,
1239,1405,MANORC,False,Manor College,Blue Jays,,,,,,60001405,,,https://s3-us-west-2.amazonaws.com/static.fantasydata.com/logos/ncaa/0.png,MANORC,,,,,
1240,1407,ENDC,False,Endicott College,Gulls,,,,,,60001407,,,https://s3-us-west-2.amazonaws.com/static.fantasydata.com/logos/ncaa/0.png,ENDC,,,,,
1241,1408,PSSHEN,False,Penn State-Shenango,Nittany Lions,,,,,,60001408,,,https://s3-us-west-2.amazonaws.com/static.fantasydata.com/logos/ncaa/0.png,PSSHEN,,,,,
1242,1409,PSFAY,False,Penn State-Fayette,Nittany Lions,,,,,,60001409,,,https://s3-us-west-2.amazonaws.com/static.fantasydata.com/logos/ncaa/0.png,PSFAY,,,,,
1243,1410,PSSCR,False,Penn State-Scranton,Nittany Lions,,,,,,60001410,,,https://s3-us-west-2.amazonaws.com/static.fantasydata.com/logos/ncaa/0.png,PSSCR,,,,,
1244,1411,NOBEL,False,Nobel,Knights,,,,,,60001411,,,https://s3-us-west-2.amazonaws.com/static.fantasydata.com/logos/ncaa/0.png,NOBEL,,,,,
1245,1412,BOWD,False,Bowdoin,Polar Bears,,,,,,60001412,,,https://s3-us-west-2.amazonaws.com/static.fantasydata.com/logos/ncaa/0.png,BOWD,,,,,
1246,1413,RPI,False,Rensselaer Polytechnic,Engineers,,,,,,60001413,,,https://s3-us-west-2.amazonaws.com/static.fantasydata.com/logos/ncaa/0.png,RPI,,,,,
1247,1414,PRATT,False,Pratt Institute,Cannoneers,,,,,,60001414,,,https://s3-us-west-2.amazonaws.com/static.fantasydata.com/logos/ncaa/0.png,PRATT,,,,,
1248,1415,STMAMN,False,St. Mary's (MN),Cardinals,,,,,,60001415,,,https://s3-us-west-2.amazonaws.com/static.fantasydata.com/logos/ncaa/0.png,STMAMN,,,,,
1249,1416,MARWI,False,Marian (WI),Sabres,,,,,,60001416,,,https://s3-us-west-2.amazonaws.com/static.fantasydata.com/logos/ncaa/0.png,MARWI,,,,,
1250,1417,DICKPA,True,Dickinson (PA),Red Devils,,,,,,60001417,,,https://s3-us-west-2.amazonaws.com/static.fantasydata.com/logos/ncaa/0.png,DCKSNPA,,,,,
1251,1418,SPBMTD,False,Spartanburg Methodist,Pioneers,,,,,,60001418,,,https://s3-us-west-2.amazonaws.com/static.fantasydata.com/logos/ncaa/0.png,SPBMTD,,,,,
1252,1419,MSOS,False,Missouri Southern State,Lions,,,,,,60001419,,,https://s3-us-west-2.amazonaws.com/static.fantasydata.com/logos/ncaa/0.png,MSOS,,,,,
1253,1420,AUG,False,Augusta,Jaguars,,,,,,60001420,,,https://s3-us-west-2.amazonaws.com/static.fantasydata.com/logos/ncaa/0.png,AUG,,,,,
1254,1421,STNOR,False,St. Norbert,Green Knights,,,,,,60001421,,,https://s3-us-west-2.amazonaws.com/static.fantasydata.com/logos/ncaa/0.png,STNOR,,,,,
1255,1422,CALG,False,Calgary,Dinosaurs,,,,,,60001422,,,https://s3-us-west-2.amazonaws.com/static.fantasydata.com/logos/ncaa/0.png,CALG,,,,,
1256,1423,RANM,False,Randolph-Macon,Yellow Jackets,,,,,,60001423,,,https://s3-us-west-2.amazonaws.com/static.fantasydata.com/logos/ncaa/0.png,RANM,,,,,
1257,1424,MINC,False,Minnesota-Crookston,Golden Eagles,,,,,,60001424,,,https://s3-us-west-2.amazonaws.com/static.fantasydata.com/logos/ncaa/0.png,MINC,,,,,
1258,1425,MITECH,False,Michigan Tech,Huskies,,,,,,60001425,,,https://s3-us-west-2.amazonaws.com/static.fantasydata.com/logos/ncaa/0.png,MITECH,,,,,
1259,1426,IUCO,False,IU Columbus,Crimson Pride,,,,,,60001426,,,https://s3-us-west-2.amazonaws.com/static.fantasydata.com/logos/ncaa/0.png,IUCO,,,,,
1260,1427,WSTMMO,False,Westminster (MO),Blue Jays,,,,,,60001427,,,https://s3-us-west-2.amazonaws.com/static.fantasydata.com/logos/ncaa/0.png,WSTMMO,,,,,
1261,1428,INSE,False,Indiana-Southeast,Grenadiers,,,,,,60001428,,,https://s3-us-west-2.amazonaws.com/static.fantasydata.com/logos/ncaa/0.png,INSE,,,,,
1262,1429,CHATC,False,Chatham,Cougars,,,,,,60001429,,,https://s3-us-west-2.amazonaws.com/static.fantasydata.com/logos/ncaa/0.png,CHATC,,,,,
1263,1430,CHRSNW,False,Christopher Newport,Captains,,,,,,60001430,,,https://s3-us-west-2.amazonaws.com/static.fantasydata.com/logos/ncaa/0.png,CHRSNW,,,,,
1264,1431,NIACOL,False,Niagara College,Knights,,,,,,60001431,,,https://s3-us-west-2.amazonaws.com/static.fantasydata.com/logos/ncaa/0.png,NIACOL,,,,,
1265,1432,UWLACR,False,Wisconsin-La Crosse,Eagles,,,,,,60001432,,,https://s3-us-west-2.amazonaws.com/static.fantasydata.com/logos/ncaa/0.png,UWLACR,,,,,
1266,1433,HAVER,False,Haverford,Fords,,,,,,60001433,,,https://s3-us-west-2.amazonaws.com/static.fantasydata.com/logos/ncaa/0.png,HAVER,,,,,
1267,1434,CARRWI,False,Carrol (WI),Pioneers,,,,,,60001434,,,https://s3-us-west-2.amazonaws.com/static.fantasydata.com/logos/ncaa/0.png,CARRWI,,,,,
1268,1435,STILL,False,Stillman,Tigers,,,,,,60001435,,,https://s3-us-west-2.amazonaws.com/static.fantasydata.com/logos/ncaa/0.png,STILL,,,,,
1269,1436,JOHNS,False,Johns Hopkins,Blue Jays,,,,,,60001436,,,https://s3-us-west-2.amazonaws.com/static.fantasydata.com/logos/ncaa/0.png,JOHNS,,,,,
1270,1437,FORTLEW,False,Fort Lewis,Skyhawks,,,,,,60001437,,,https://s3-us-west-2.amazonaws.com/static.fantasydata.com/logos/ncaa/0.png,FORTLEW,,,,,
1271,1438,SUNYGE,False,SUNY-Geneseo,Knights,,,,,,60001438,,,https://s3-us-west-2.amazonaws.com/static.fantasydata.com/logos/ncaa/0.png,SUNYGE,,,,,
1272,1439,CHRB,False,Christian Brothers,Buccaneers,,,,,,60001439,,,https://s3-us-west-2.amazonaws.com/static.fantasydata.com/logos/ncaa/0.png,CHRB,,,,,
1273,1440,RIPO,False,Ripon,Red Hawks,,,,,,60001440,,,https://s3-us-west-2.amazonaws.com/static.fantasydata.com/logos/ncaa/0.png,RIPO,,,,,
1274,1441,MACAL,False,Macalester,Scots,,,,,,60001441,,,https://s3-us-west-2.amazonaws.com/static.fantasydata.com/logos/ncaa/0.png,MACAL,,,,,
1275,1442,BLHIL,False,Black Hills State,Yellow Jackets,,,,,,60001442,,,https://s3-us-west-2.amazonaws.com/static.fantasydata.com/logos/ncaa/0.png,BLHIL,,,,,
1276,1443,YORKNY,False,York College (NY),Cardinals,,,,,,60001443,,,https://s3-us-west-2.amazonaws.com/static.fantasydata.com/logos/ncaa/0.png,YORKNY,,,,,
1277,1444,SEAPAC,False,Seattle Pacific,Falcons,,,,,,60001444,,,https://s3-us-west-2.amazonaws.com/static.fantasydata.com/logos/ncaa/0.png,SEAPAC,,,,,
1278,1445,BETMN,False,Bethel (MN),Royals,,,,,,60001445,,,https://s3-us-west-2.amazonaws.com/static.fantasydata.com/logos/ncaa/0.png,BETMN,,,,,
1279,1446,EMMA,True,Emmanuel (MA),Saints,,,,,,60001446,,,https://s3-us-west-2.amazonaws.com/static.fantasydata.com/logos/ncaa/0.png,EMMA,,,,,
1280,1447,PRB,False,Puerto Rico-Bayamon,Pirates,,,,,,60001447,,,https://s3-us-west-2.amazonaws.com/static.fantasydata.com/logos/ncaa/0.png,PRB,,,,,
1281,1448,PRRP,False,Puerto Rico-Rio Piedras,Gallitos,,,,,,60001448,,,https://s3-us-west-2.amazonaws.com/static.fantasydata.com/logos/ncaa/0.png,PRRP,,,,,
1282,1449,NELAZ,False,Nelson (AZ),Warriors,,,,,,60001449,,,https://s3-us-west-2.amazonaws.com/static.fantasydata.com/logos/ncaa/0.png,NELAZ,,,,,
1283,1450,POSTU,False,Post University,Eagles,,,,,,60001450,,,https://s3-us-west-2.amazonaws.com/static.fantasydata.com/logos/ncaa/0.png,POSTU,,,,,
1284,1451,STMICH,False,St. Michael's,Purple Knights,,,,,,60001451,,,https://s3-us-west-2.amazonaws.com/static.fantasydata.com/logos/ncaa/0.png,STMICH,,,,,
1285,1452,BREN,False,Brenau,Golden Tigers,,,,,,60001452,,,https://s3-us-west-2.amazonaws.com/static.fantasydata.com/logos/ncaa/0.png,BREN,,,,,
1286,1453,NHVN,True,New Haven,Chargers,,2.0,4.0,0.0,0.0,60001453,22.0,Northeast,https://s3-us-west-2.amazonaws.com/static.fantasydata.com/logos/ncaa/0.png,NHVN,004B8D,FFC425,,,"{'StadiumID': 630, 'Active': True, 'Name': 'Jeffery P. Hazell Athletics Center', 'Address': None, 'City': 'West Haven', 'State': 'CT', 'Zip': None, 'Country': None, 'Capacity': None, 'GeoLat': None, 'GeoLong': None}"
1287,1454,ROW,False,Rowan,Profs,,,,,,60001454,,,https://s3-us-west-2.amazonaws.com/static.fantasydata.com/logos/ncaa/0.png,ROW,,,,,
1288,1455,AC,False,Allegheny,Gators,,,,,,60001455,,,https://s3-us-west-2.amazonaws.com/static.fantasydata.com/logos/ncaa/0.png,AC,,,,,
1289,1456,PRIN,True,Principia,Panthers,,,,,,60001456,,,https://s3-us-west-2.amazonaws.com/static.fantasydata.com/logos/ncaa/0.png,PRIN,,,,,
1290,1457,SUNYCOB,False,SUNY-Cobleskill,Fighting Tigers,,,,,,60001457,,,https://s3-us-west-2.amazonaws.com/static.fantasydata.com/logos/ncaa/0.png,SUNYCOB,,,,,
1291,1458,SAU,False,Southern Arkansas,Muleriders,,,,,,60001458,,,https://s3-us-west-2.amazonaws.com/static.fantasydata.com/logos/ncaa/0.png,SAU,,,,,
1292,1459,WHITM,False,Whitman,Missionaries,,,,,,60001459,,,https://s3-us-west-2.amazonaws.com/static.fantasydata.com/logos/ncaa/0.png,WHITM,,,,,
1293,1460,WHEAT,False,Wheaton (IL),Thunder,,,,,,60001460,,,https://s3-us-west-2.amazonaws.com/static.fantasydata.com/logos/ncaa/0.png,WHEAT,,,,,
1294,1461,CSUMB,False,Cal State Monterey Bay,Otters,,,,,,60001461,,,https://s3-us-west-2.amazonaws.com/static.fantasydata.com/logos/ncaa/0.png,CSUMB,,,,,
1295,1462,LAWR,True,Lawrence,Vikings,,,,,,60001462,,,https://s3-us-west-2.amazonaws.com/static.fantasydata.com/logos/ncaa/0.png,LAWR,,,,,
1296,1463,CALPA,False,California (PA),Vulcans,,,,,,60001463,,,https://s3-us-west-2.amazonaws.com/static.fantasydata.com/logos/ncaa/0.png,CALPA,,,,,
1297,1464,SCHO,True,St. Scholastica,Saints,,,,,,60001464,,,https://s3-us-west-2.amazonaws.com/static.fantasydata.com/logos/ncaa/0.png,SCHO,,,,,
1298,1465,BARB,True,Barber-Scotia,Sabers,,,,,,60001465,,,https://s3-us-west-2.amazonaws.com/static.fantasydata.com/logos/ncaa/0.png,BARB,,,,,
1299,1466,CAM,True,Cameron,Aggies,,,,,,60001466,,,https://s3-us-west-2.amazonaws.com/static.fantasydata.com/logos/ncaa/0.png,CAM,,,,,
1300,1467,WAYN,True,Waynesburg,Yellow Jackets,,,,,,60001467,,,https://s3-us-west-2.amazonaws.com/static.fantasydata.com/logos/ncaa/0.png,WAYN,,,,,
1301,1468,BAPFL,True,Baptist University of Florida,Eagles,,,,,,60001468,,,https://s3-us-west-2.amazonaws.com/static.fantasydata.com/logos/ncaa/0.png,BAPFL,,,,,
1302,1469,MAC,False,McPherson College,Bulldogs,,,,,,60001469,,,https://s3-us-west-2.amazonaws.com/static.fantasydata.com/logos/ncaa/0.png,MAC,,,,,
1303,1470,BCU,False,Briar Cliff,Chargers,,,,,,60001470,,,https://s3-us-west-2.amazonaws.com/static.fantasydata.com/logos/ncaa/0.png,BCU,,,,,
1304,1471,PSC,False,Paul Smith's,Bobcats,,,,,,60001471,,,https://s3-us-west-2.amazonaws.com/static.fantasydata.com/logos/ncaa/0.png,PSC,,,,,
1305,1472,MCC,False,Manhattan Christian,Thunder,,,,,,60001472,,,https://s3-us-west-2.amazonaws.com/static.fantasydata.com/logos/ncaa/0.png,MCC,,,,,
1306,1473,IUE,False,Indiana-East,Red Wolves,,,,,,60001473,,,https://s3-us-west-2.amazonaws.com/static.fantasydata.com/logos/ncaa/0.png,IUE,,,,,
1307,1474,SKC,False,Salish Kootenai,Bison,,,,,,60001474,,,https://s3-us-west-2.amazonaws.com/static.fantasydata.com/logos/ncaa/0.png,SKC,,,,,
1308,1475,PSHAZL,False,Penn State-Hazleton,Nittany Lions,,,,,,60001475,,,https://s3-us-west-2.amazonaws.com/static.fantasydata.com/logos/ncaa/0.png,PSHAZL,,,,,
1309,1476,Alfr,True,Alfred State,Pioneers,,,,,,60001476,,,https://s3-us-west-2.amazonaws.com/static.fantasydata.com/logos/ncaa/0.png,Alfr,,,,,
1310,1477,SCRO,False,Scranton,Royals,,,,,,60001477,,,https://s3-us-west-2.amazonaws.com/static.fantasydata.com/logos/ncaa/0.png,SCRO,,,,,
1311,1478,OTKS,True,Ottawa (KS),Braves,,,,,,60001478,,,https://s3-us-west-2.amazonaws.com/static.fantasydata.com/logos/ncaa/0.png,OTKS,,,,,
1312,1479,HESS,False,Hesston,Larks,,,,,,60001479,,,https://s3-us-west-2.amazonaws.com/static.fantasydata.com/logos/ncaa/0.png,HESS,,,,,
1313,1480,WLSH,False,Walsh,Cavaliers,,,,,,60001480,,,https://s3-us-west-2.amazonaws.com/static.fantasydata.com/logos/ncaa/0.png,WLSH,,,,,
1314,1481,SCCC,False,South Carolina Central Christian,Gladiators,,,,,,60001481,,,https://s3-us-west-2.amazonaws.com/static.fantasydata.com/logos/ncaa/0.png,SCCC,,,,,
1315,1482,MYST,False,Bismarck State,Mystics,,,,,,60001482,,,https://s3-us-west-2.amazonaws.com/static.fantasydata.com/logos/ncaa/0.png,MYST,,,,,
1316,1483,BERK,True,Berkeley,Knights,,,,,,60001483,,,https://s3-us-west-2.amazonaws.com/static.fantasydata.com/logos/ncaa/0.png,BERK,,,,,
1317,1484,CHICO,True,Chico State,Wildcats,,,,,,60001484,,,https://s3-us-west-2.amazonaws.com/static.fantasydata.com/logos/ncaa/0.png,CHICO,,,,,
1318,1485,STANS,True,St. Anselm,Hawks,,,,,,60001485,,,https://s3-us-west-2.amazonaws.com/static.fantasydata.com/logos/ncaa/0.png,STANS,,,,,
1319,1486,STVNSN,True,Stevenson,Mustangs,,,,,,60001486,,,https://s3-us-west-2.amazonaws.com/static.fantasydata.com/logos/ncaa/0.png,STVNSN,,,,,
1320,1487,CAPOLL,True,Cal Poly-Humboldt,Lumberjacks,,,,,,60001487,,,https://s3-us-west-2.amazonaws.com/static.fantasydata.com/logos/ncaa/0.png,CAPOLL,,,,,
1321,1488,URSI,True,Ursinus,Bears,,,,,,60001488,,,https://s3-us-west-2.amazonaws.com/static.fantasydata.com/logos/ncaa/0.png,URSI,,,,,
